event_id,user_id,timestamp,modality,match_score,device_id,location,attempt_count,outcome,session_duration_sec,is_fraud,fraud_pattern
8345d6d3-3d72-4c0e-a3ed-6309e25c2f4a,USR-0025,2024-01-01 02:06:00,keystroke_dynamics,0.7493,DEV-0009,London,1,success,227,True,off_hours
adc1e2f7-5de4-40f7-97f4-d848fbd3d538,USR-0181,2024-01-01 02:25:00,keystroke_dynamics,0.801,DEV-0032,Manchester,1,success,226,True,off_hours
e19d4f0a-1c44-4135-a9d4-de06342ed9b4,USR-0082,2024-01-01 03:51:00,face,0.8385,DEV-0030,Manchester,1,success,127,True,off_hours
e0222432-7ca5-4928-97dd-06916a71efda,USR-0036,2024-01-01 04:06:00,voice,0.795,DEV-0044,New York,1,success,168,True,off_hours
e586ee20-c73e-49e9-9806-9315ce62665f,USR-0178,2024-01-01 04:30:00,voice,0.9181,DEV-0041,New York,1,success,197,True,off_hours
4c1e172a-15e9-4ee4-8e14-39774d126ab1,USR-0142,2024-01-01 07:01:00,voice,0.8543,DEV-0009,Manchester,1,success,206,False,
cff14c0e-c7eb-4d43-ba4e-f72fd8139af7,USR-0078,2024-01-01 07:09:00,voice,0.8123,DEV-0034,Manchester,1,success,153,False,
56b243cd-da26-4c89-a4b5-6f4e08335cee,USR-0078,2024-01-01 07:09:00,voice,0.5785,DEV-0034,Manchester,17,success,153,True,rapid_retry
b16d3da7-1d8b-469b-b8ef-0017bf89444e,USR-0151,2024-01-01 07:11:00,face,0.8111,DEV-0040,New York,1,success,200,False,
e45a87e8-039a-4ed5-b337-b2615f8392d5,USR-0048,2024-01-01 07:11:00,fingerprint,0.7545,DEV-0046,Manchester,1,success,213,False,
5fcf5c22-b9b0-4c1a-baf9-706d802ddcc4,USR-0113,2024-01-01 07:18:00,fingerprint,0.8401,DEV-0014,New York,1,success,202,False,
034f2029-1545-4b48-9b4e-279bfbab907a,USR-0173,2024-01-01 07:18:00,face,0.7802,DEV-0014,Manchester,1,success,124,False,
43472a28-9f0e-470b-b404-7ec736ff812d,USR-0171,2024-01-01 07:19:00,fingerprint,0.7529,DEV-0048,New York,1,success,212,False,
50f53bd8-72e8-4652-884c-0a556b893000,USR-0103,2024-01-01 07:20:00,keystroke_dynamics,0.7803,DEV-0020,London,1,success,159,False,
d5108bc0-2f9e-4ddb-b302-8b32230da680,USR-0085,2024-01-01 07:21:00,keystroke_dynamics,0.8126,DEV-0017,London,1,success,204,False,
4ce09ecb-cfa2-4fb8-8199-322e3ba58126,USR-0067,2024-01-01 07:21:00,face,0.8234,DEV-0044,London,1,success,167,False,
7d2f4e58-b47a-4c5b-b0b3-901535102852,USR-0026,2024-01-01 07:24:00,keystroke_dynamics,0.8226,DEV-0047,New York,1,success,247,False,
aa5f8dfc-a0b3-4a83-b002-9577e4f364d5,USR-0098,2024-01-01 07:24:00,keystroke_dynamics,0.8187,DEV-0026,London,1,success,177,False,
7eb3a98f-de7a-49b4-8271-441846b1654a,USR-0149,2024-01-01 07:25:00,keystroke_dynamics,0.7822,DEV-0030,Manchester,1,success,296,False,
cb5475bf-3c31-485d-ae35-0ed7ce955086,USR-0149,2024-01-01 07:25:00,keystroke_dynamics,0.6142,DEV-0030,Manchester,20,success,296,True,rapid_retry
f8205c5f-17c5-42e0-9fe9-048dd08308b0,USR-0170,2024-01-01 07:26:00,fingerprint,0.7606,DEV-0033,London,1,success,168,False,
a4282ec4-27e6-487b-84ec-ea3290389f81,USR-0181,2024-01-01 07:31:00,keystroke_dynamics,0.801,DEV-0032,Manchester,1,success,226,False,
2e2f2127-babf-4375-b17f-b7867d929cc0,USR-0128,2024-01-01 07:38:00,fingerprint,0.7027,DEV-0001,Manchester,1,success,167,False,
24f43c62-b523-40de-9b87-d29c4cfd0fc1,USR-0030,2024-01-01 07:42:00,fingerprint,0.9016,DEV-0008,Manchester,1,success,127,False,
43d643ed-236e-4832-a7f6-a2ac5b0c4170,USR-0066,2024-01-01 07:49:00,keystroke_dynamics,0.8241,DEV-0050,London,1,success,99,False,
7062dff6-0591-47e1-8086-08612fa83aa4,USR-0158,2024-01-01 07:50:00,keystroke_dynamics,0.9215,DEV-0012,New York,1,success,169,False,
a22966c4-ca39-465a-991f-210234aaf8d4,USR-0195,2024-01-01 07:54:00,voice,0.9064,DEV-0042,Manchester,1,success,194,False,
cde55848-b19c-405e-97e0-a1f103840661,USR-0068,2024-01-01 07:55:00,voice,0.9044,DEV-0032,London,1,success,160,False,
7a59697d-93f0-40c7-bd92-f1cb87101172,USR-0137,2024-01-01 08:02:00,fingerprint,0.8127,DEV-0050,New York,1,success,209,False,
bdcf6fd4-88df-42c1-9fc8-628d4b4d1079,USR-0111,2024-01-01 08:03:00,voice,0.8424,DEV-0036,Manchester,1,success,186,False,
4a00ae99-8637-4844-b570-7bd6bf922ea5,USR-0195,2024-01-01 08:09:00,voice,0.9064,DEV-0042,Berlin,1,success,194,True,geo_jump
7ecb002e-73d3-428c-9916-79d3d24025ea,USR-0081,2024-01-01 08:11:00,keystroke_dynamics,0.7931,DEV-0048,Manchester,1,success,131,False,
22249813-0a6b-4e3d-94fd-0594ecf91245,USR-0078,2024-01-01 08:11:00,voice,0.8875,DEV-0028,Manchester,1,success,110,False,
20f0156a-1e6a-4628-9c6d-52d5ae2e9af9,USR-0025,2024-01-01 08:12:00,keystroke_dynamics,0.7493,DEV-0009,London,1,success,227,False,
252151f9-5f39-4d2b-9f25-210ea82e2d61,USR-0136,2024-01-01 08:19:00,face,0.7481,DEV-0031,London,1,success,162,False,
b89f72f3-2a60-4652-a714-7668cf1d7d3a,USR-0019,2024-01-01 08:22:00,fingerprint,0.9118,DEV-0039,Manchester,1,success,228,False,
1f3cea1d-2271-47ca-b887-73ed4af715b7,USR-0071,2024-01-01 08:24:00,face,0.8434,DEV-0025,London,1,success,91,False,
f3bc9a71-07f4-4ee5-ac82-989ffd9cfbb0,USR-0041,2024-01-01 08:24:00,voice,0.8489,DEV-0043,Manchester,1,success,194,False,
555b9d60-8851-4075-bdbd-210bc2490241,USR-0071,2024-01-01 08:24:00,face,0.512,DEV-0025,London,13,success,91,True,rapid_retry
93d054e4-3550-407e-84ca-bb38892fca69,USR-0072,2024-01-01 08:27:00,keystroke_dynamics,0.8405,DEV-0013,Manchester,1,success,169,False,
cf3b6e13-781f-418a-8ae2-e88e7a1b2bb4,USR-0122,2024-01-01 08:30:00,face,0.5373,DEV-0014,Manchester,1,success,194,True,low_score_bypass
51683612-2bb6-4a4e-8c47-5261e585a0a5,USR-0122,2024-01-01 08:30:00,face,0.9178,DEV-0014,Manchester,1,success,194,False,
b73f6e64-378d-4f8d-8761-f9da039479c1,USR-0087,2024-01-01 08:38:00,face,0.8243,DEV-0021,New York,1,success,209,False,
7108022a-12a8-4ff7-bffb-bc83d8c80184,USR-0144,2024-01-01 08:44:00,keystroke_dynamics,0.8593,DEV-0030,London,1,success,191,False,
304b2370-8270-4238-9b5f-8f39848b34f0,USR-0037,2024-01-01 09:06:00,voice,0.8559,DEV-0018,Manchester,1,success,206,False,
931414e8-510e-441f-be67-e8e90a88e6ca,USR-0083,2024-01-01 09:09:00,face,0.8946,DEV-0011,New York,1,success,229,False,
b176e71f-3918-4c16-a386-3cd100f24a96,USR-0104,2024-01-01 09:21:00,voice,0.8188,DEV-0012,Manchester,1,success,170,False,
dfcc8eb4-bfbe-4892-a3ce-37db7cb8b49d,USR-0155,2024-01-01 09:23:00,voice,0.7727,DEV-0008,New York,1,success,189,False,
b9ef9fa8-3ec8-4e58-9728-2d3089111a42,USR-0134,2024-01-01 09:23:00,face,0.8453,DEV-0024,Manchester,1,success,213,False,
92689d81-276c-4202-90a1-2a0b5f96600d,USR-0183,2024-01-01 09:23:00,face,0.8903,DEV-0002,London,1,success,176,False,
43a534d2-8e7d-4f5a-8773-e66a6db2b020,USR-0053,2024-01-01 09:24:00,voice,0.8244,DEV-0010,Manchester,1,success,173,False,
cb28ac77-f855-4dab-af33-268417a1f56e,USR-0104,2024-01-01 09:26:00,voice,0.8188,DEV-0012,Lagos,1,success,170,True,geo_jump
8f1c3fa0-7000-4009-b4e5-70ba7c3cc2bc,USR-0065,2024-01-01 09:28:00,face,0.7483,DEV-0017,Manchester,1,success,191,False,
314b4d36-9516-4359-8436-2fc753edc74f,USR-0098,2024-01-01 09:33:00,face,0.8671,DEV-0009,London,1,success,108,False,
6e047758-94eb-4ddd-8275-4eca91bf903d,USR-0167,2024-01-01 09:34:00,keystroke_dynamics,0.7192,DEV-0029,London,1,success,131,False,
6b352f85-504e-4687-b0e7-e75604d9145e,USR-0026,2024-01-01 09:37:00,face,0.877,DEV-0050,New York,1,success,248,False,
25f98046-0c1d-480e-9873-9636c50e5194,USR-0083,2024-01-01 09:38:00,fingerprint,0.9956,DEV-0034,New York,1,success,140,False,
0c9e5550-3cd1-4f3f-b0c5-827854dccba5,USR-0045,2024-01-01 09:46:00,keystroke_dynamics,0.8771,DEV-0043,Manchester,1,success,139,False,
2d914e29-6541-4574-92ea-13b8a575c5c7,USR-0187,2024-01-01 09:51:00,face,0.8692,DEV-0013,Manchester,1,success,141,False,
355cca9c-fb6b-41dc-aa7f-7e0685695f97,USR-0063,2024-01-01 09:53:00,voice,0.8261,DEV-0007,London,1,success,160,False,
07001750-c1db-480a-b76f-6fff97491088,USR-0149,2024-01-01 09:55:00,keystroke_dynamics,0.8484,DEV-0049,Manchester,1,success,71,False,
bb5e14d6-5b74-4fdd-9c97-46949884f76d,USR-0161,2024-01-01 09:59:00,keystroke_dynamics,0.8733,DEV-0024,Manchester,1,success,249,False,
6ad5401e-07e9-4b0b-998d-eba36ec8261b,USR-0194,2024-01-01 10:01:00,keystroke_dynamics,0.8298,DEV-0014,Manchester,1,success,193,False,
eaacabb4-3802-485f-a14b-a540ea041d0b,USR-0138,2024-01-01 10:07:00,fingerprint,0.7426,DEV-0022,London,1,success,167,False,
ae9bec36-35c7-436c-9b99-62c6e61fecc0,USR-0005,2024-01-01 10:12:00,fingerprint,0.8069,DEV-0040,London,1,success,223,False,
fe54ee4b-80ff-4173-a3df-ecd70e731dd7,USR-0030,2024-01-01 10:14:00,face,0.868,DEV-0014,Manchester,1,success,210,False,
5e175b66-4b87-459f-b0cd-7f05ea87855e,USR-0028,2024-01-01 10:23:00,keystroke_dynamics,0.7714,DEV-0039,Manchester,1,success,196,False,
b907e44b-0e4c-4983-82ff-51e0e21d4d53,USR-0187,2024-01-01 10:26:00,face,0.8815,DEV-0003,Manchester,1,success,140,False,
eade7b17-b0d0-40bd-8dff-01baf0db6ecb,USR-0092,2024-01-01 10:28:00,voice,0.7937,DEV-0034,New York,1,success,187,False,
d0d14782-421e-4ad4-b226-f24a230d27b8,USR-0092,2024-01-01 10:28:00,voice,0.4111,DEV-0034,New York,1,success,187,True,low_score_bypass
b576255e-9854-4f22-a102-f9c964575bc4,USR-0019,2024-01-01 10:37:00,face,0.8249,DEV-0049,Manchester,1,success,176,False,
61a93ecf-ec0d-49ba-8b94-729c03fde24e,USR-0178,2024-01-01 10:45:00,face,0.8325,DEV-0006,New York,1,success,178,False,
0dc78104-8c66-4766-b922-b440e0f1e44c,USR-0061,2024-01-01 10:47:00,fingerprint,0.8082,DEV-0049,London,1,success,161,False,
7b1dbca3-2286-43f8-8314-96ea2160446e,USR-0067,2024-01-01 10:54:00,voice,0.7686,DEV-0022,London,1,success,181,False,
21e10ae8-5795-4ee7-b510-561a683def14,USR-0183,2024-01-01 10:58:00,keystroke_dynamics,0.8132,DEV-0034,London,1,success,185,False,
8bc2d46d-0e80-4f03-9e5f-83786633427e,USR-0146,2024-01-01 11:05:00,fingerprint,0.7933,DEV-0049,London,1,success,159,False,
f5ed7ddf-783f-4cd0-a0b2-f35699b62656,USR-0197,2024-01-01 11:05:00,fingerprint,0.7666,DEV-0047,London,1,success,182,False,
fb756923-f910-4bb3-b105-32523990e2c9,USR-0026,2024-01-01 11:13:00,face,0.9503,DEV-0045,New York,1,success,172,False,
9a980457-4b21-4512-a8e9-31d8963d101f,USR-0136,2024-01-01 11:19:00,face,0.8302,DEV-0025,London,1,success,208,False,
98e52499-218c-4e1c-9e37-4f7ac42cbc39,USR-0019,2024-01-01 11:28:00,voice,0.8239,DEV-0049,Manchester,1,success,100,False,
0f5ae9d3-8e6e-4003-a14f-3f12cfd01cbd,USR-0016,2024-01-01 11:36:00,fingerprint,0.8247,DEV-0022,London,1,success,100,False,
3f3d2b89-a37a-4c5c-8a9d-3213e04b1533,USR-0195,2024-01-01 11:37:00,fingerprint,0.9466,DEV-0050,Manchester,1,success,155,False,
60aeb372-b6df-44a6-a3d5-2be0ac249f30,USR-0098,2024-01-01 11:46:00,voice,0.8661,DEV-0003,London,1,success,158,False,
d8e06ea2-de5e-48e5-bb3a-3e15ef1920da,USR-0199,2024-01-01 11:50:00,voice,0.921,DEV-0047,Manchester,1,success,120,False,
1c526dd1-fdfc-4a9d-b618-187c37e2dc86,USR-0163,2024-01-01 11:52:00,keystroke_dynamics,0.7052,DEV-0012,Manchester,1,success,251,False,
183fea70-3ff6-479e-8cd4-b90abf8211bc,USR-0041,2024-01-01 11:55:00,keystroke_dynamics,0.8033,DEV-0015,Manchester,1,success,213,False,
b2290f1c-8e68-40c1-b3cd-9709c0da1043,USR-0041,2024-01-01 11:57:00,keystroke_dynamics,0.8033,DEV-0015,Berlin,1,success,213,True,geo_jump
f42973f5-d1d1-4e0b-a7e7-a6bdc2a49fd8,USR-0113,2024-01-01 11:59:00,face,0.8551,DEV-0048,New York,1,success,169,False,
06bf79cf-4616-4d6e-be20-193baae2ad63,USR-0174,2024-01-01 12:06:00,voice,0.8597,DEV-0014,London,1,success,189,False,
e4529643-2a67-4ce3-9c0f-37d575a239b1,USR-0196,2024-01-01 12:06:00,voice,0.8585,DEV-0028,Manchester,1,success,200,False,
9918ee46-1497-4658-b010-f7197e695d0d,USR-0010,2024-01-01 12:10:00,keystroke_dynamics,0.8177,DEV-0045,New York,1,success,224,False,
730825d1-396c-419c-a4ed-91b84d9e3b99,USR-0010,2024-01-01 12:10:00,keystroke_dynamics,0.4799,DEV-0045,New York,1,success,224,True,low_score_bypass
ff03f1a9-72ed-457b-835b-66254e7fb47f,USR-0182,2024-01-01 12:14:00,keystroke_dynamics,0.8918,DEV-0044,New York,1,success,161,False,
70fbb28e-0d9b-43b5-956f-f3c182077e01,USR-0138,2024-01-01 12:15:00,fingerprint,0.7608,DEV-0021,London,1,success,200,False,
66e6c48a-d679-4ab4-aae6-c3da5f2d38b8,USR-0178,2024-01-01 12:16:00,face,0.7866,DEV-0018,New York,1,success,185,False,
585abefb-d181-4f77-a500-1423faebcd19,USR-0026,2024-01-01 12:16:00,fingerprint,0.7356,DEV-0005,New York,1,success,176,False,
1e521d48-6a49-4f0b-a9cb-31b126ea945e,USR-0181,2024-01-01 12:22:00,fingerprint,0.9052,DEV-0047,Manchester,1,success,190,False,
117e894e-91fa-41c7-8141-bb373de814ac,USR-0086,2024-01-01 12:38:00,voice,0.8647,DEV-0022,New York,1,success,183,False,
da3c45ca-43d7-4f2b-b69d-e1e34eed4124,USR-0041,2024-01-01 12:44:00,fingerprint,0.831,DEV-0020,Manchester,1,success,287,False,
5ab33edf-6e59-4ed3-a8b3-17fa18d0752b,USR-0003,2024-01-01 12:49:00,face,0.8208,DEV-0041,New York,1,success,238,False,
ff233d5f-6ced-415d-9800-7c0287ea7ff5,USR-0009,2024-01-01 12:50:00,face,0.9667,DEV-0038,Manchester,1,success,185,False,
3fa27ffd-3180-4811-9767-10d764188dde,USR-0172,2024-01-01 12:50:00,fingerprint,0.7538,DEV-0044,Manchester,1,success,190,False,
5bd972c7-04a4-44e7-bfcf-956e0c0b6cd1,USR-0096,2024-01-01 12:57:00,keystroke_dynamics,0.7818,DEV-0032,New York,1,success,157,False,
b68c55b2-79ac-446d-8e03-87ada246ea52,USR-0164,2024-01-01 12:58:00,face,1.0,DEV-0019,Manchester,1,success,200,False,
7796048f-b4b9-4b73-a9de-bccc429e09bd,USR-0093,2024-01-01 12:59:00,voice,0.8071,DEV-0013,New York,1,success,132,False,
589a2b88-cd2e-4c8b-a436-c8dec40cfbde,USR-0159,2024-01-01 12:59:00,face,0.841,DEV-0048,London,1,success,185,False,
9fa4a627-d306-48be-8548-867bad5cba24,USR-0047,2024-01-01 13:06:00,fingerprint,0.9022,DEV-0044,New York,1,success,207,False,
c3231466-aebb-490e-a4e7-51de57ff51d9,USR-0036,2024-01-01 13:07:00,voice,0.795,DEV-0044,New York,1,success,168,False,
6cb9b655-f704-4d14-b235-161506beab4a,USR-0130,2024-01-01 13:09:00,keystroke_dynamics,0.813,DEV-0005,New York,1,success,188,False,
209595a4-602c-4604-93d7-54d6b30269aa,USR-0154,2024-01-01 13:15:00,voice,0.8001,DEV-0021,New York,1,success,118,False,
9b69554d-7c54-435f-ac8c-3b6aa974d079,USR-0017,2024-01-01 13:16:00,fingerprint,0.9185,DEV-0048,London,1,success,220,False,
e85fda55-21c2-48f3-bcfc-7050ecb697a2,USR-0149,2024-01-01 13:18:00,face,0.7161,DEV-0020,Manchester,1,success,164,False,
461bcbc3-09d2-41e0-a6ba-7e5121de2360,USR-0123,2024-01-01 13:29:00,face,0.6847,DEV-0004,London,1,success,197,False,
8868b644-9822-4d58-bf49-a81cd42aa238,USR-0123,2024-01-01 13:29:00,face,0.4392,DEV-0004,London,15,success,197,True,rapid_retry
d907ba3f-1949-4b8a-9754-81a3d6ccc7cd,USR-0177,2024-01-01 13:30:00,keystroke_dynamics,0.8001,DEV-0043,Manchester,1,success,155,False,
09791408-7768-4441-8245-59a5709de505,USR-0149,2024-01-01 13:36:00,keystroke_dynamics,0.9262,DEV-0036,Manchester,1,success,216,False,
b695c2bf-8379-45ed-afc8-d769026e6d11,USR-0122,2024-01-01 13:37:00,fingerprint,0.8606,DEV-0031,Manchester,1,success,178,False,
2d53a810-fc01-446c-94ac-13ced4d05762,USR-0178,2024-01-01 13:38:00,face,0.8755,DEV-0005,New York,1,success,202,False,
7f9ad277-db49-4e6d-9688-782f72b696ca,USR-0051,2024-01-01 13:39:00,face,0.85,DEV-0029,London,1,success,158,False,
008ffab9-38c4-4b38-a8ae-57b9c262cad0,USR-0052,2024-01-01 13:40:00,voice,0.8607,DEV-0027,Manchester,1,success,147,False,
66c14dca-8255-4a61-9a3b-031932f57510,USR-0025,2024-01-01 13:43:00,keystroke_dynamics,0.8723,DEV-0012,London,1,success,126,False,
33f60730-9665-4f7c-8f70-b88bf06c69d9,USR-0108,2024-01-01 13:50:00,face,0.8862,DEV-0010,New York,1,success,164,False,
0d18ab95-668c-4477-8b95-017c5dae1201,USR-0024,2024-01-01 13:54:00,keystroke_dynamics,0.9169,DEV-0036,London,1,success,167,False,
16251089-f340-46f1-b3be-8942e24f908a,USR-0179,2024-01-01 13:59:00,fingerprint,0.6836,DEV-0047,New York,1,success,184,False,
3735262d-4184-4b03-84dd-7054144823f7,USR-0020,2024-01-01 14:06:00,voice,0.9408,DEV-0027,London,1,success,185,False,
2285b2ef-cfbe-4fe9-aea9-c542a1b970d0,USR-0021,2024-01-01 14:08:00,face,0.844,DEV-0025,Manchester,1,success,153,False,
172e8c68-82aa-4c46-8049-9bbf76f6a778,USR-0055,2024-01-01 14:08:00,voice,0.8162,DEV-0045,London,1,success,201,False,
cdeb8ab9-9ece-4b21-a9f4-07eee9320c6a,USR-0021,2024-01-01 14:08:00,face,0.3573,DEV-0025,Manchester,1,success,153,True,low_score_bypass
255bfc1c-7e3d-4ee4-84b6-4ec14d16f049,USR-0033,2024-01-01 14:10:00,face,0.7661,DEV-0009,Manchester,1,success,126,False,
45d89da6-0a5b-4eb2-9667-91896ed5ca30,USR-0182,2024-01-01 14:30:00,voice,0.7123,DEV-0024,New York,1,success,235,False,
4a7d6fa1-1d9d-4b86-8253-fb27393aa0a9,USR-0117,2024-01-01 14:32:00,keystroke_dynamics,0.8091,DEV-0029,New York,1,success,191,False,
b8b758b8-22d8-408b-9269-6eeb77cf1eb6,USR-0172,2024-01-01 14:41:00,keystroke_dynamics,0.7968,DEV-0044,Manchester,1,success,170,False,
e7d3f770-9c8d-4ade-b3e8-16b5a353ea98,USR-0080,2024-01-01 14:42:00,keystroke_dynamics,0.9227,DEV-0023,London,1,success,200,False,
4052e3a5-66fd-4215-aa10-7fb733383ec9,USR-0090,2024-01-01 14:46:00,keystroke_dynamics,0.7992,DEV-0024,London,1,success,156,False,
7f3dcbf9-a0a5-4b74-aed5-a161ebfce2d6,USR-0090,2024-01-01 14:48:00,keystroke_dynamics,0.7992,DEV-0024,Lagos,1,success,156,True,geo_jump
1d447f41-79e9-44e1-bdc4-d680b3c95502,USR-0132,2024-01-01 14:50:00,keystroke_dynamics,0.7995,DEV-0026,New York,1,success,220,False,
bf16e3e9-49b7-4037-8425-dea7c83924d7,USR-0092,2024-01-01 14:51:00,keystroke_dynamics,0.9131,DEV-0038,New York,1,success,215,False,
230f1e69-034d-42fd-a4ca-abcbd2c4c286,USR-0085,2024-01-01 14:53:00,fingerprint,0.835,DEV-0018,London,1,success,195,False,
a7087280-34ee-4b67-a1bb-d1838acfd4d6,USR-0069,2024-01-01 14:55:00,keystroke_dynamics,0.9853,DEV-0047,Manchester,1,success,167,False,
77fc9703-1fd5-4423-b06c-5c5649e2623d,USR-0010,2024-01-01 14:58:00,fingerprint,0.6951,DEV-0021,New York,1,success,247,False,
236e9007-3468-4b6e-8609-0b78b5971e43,USR-0082,2024-01-01 14:59:00,face,0.8385,DEV-0030,Manchester,1,success,127,False,
5a5ed7eb-1532-4177-b61d-170a4bd600e6,USR-0138,2024-01-01 15:06:00,voice,0.8325,DEV-0029,London,1,success,126,False,
13cf44fe-17c0-4e28-ae3d-9de2e504d1c6,USR-0135,2024-01-01 15:10:00,keystroke_dynamics,0.8029,DEV-0026,Manchester,1,success,140,False,
e08596db-1d87-4966-8710-d430f071d879,USR-0006,2024-01-01 15:12:00,fingerprint,0.8715,DEV-0016,New York,1,success,173,False,
705faecd-2edf-402e-b531-8081b4effa29,USR-0122,2024-01-01 15:14:00,fingerprint,0.8112,DEV-0015,Manchester,1,success,220,False,
b43c7851-e78d-4f32-be2a-9f7347dfa607,USR-0102,2024-01-01 15:28:00,fingerprint,0.8632,DEV-0023,New York,1,success,252,False,
50814407-31e3-4608-800e-295265ec4424,USR-0131,2024-01-01 15:30:00,keystroke_dynamics,0.7793,DEV-0007,New York,1,success,155,False,
65adafab-2a07-458d-943b-bf74e609456a,USR-0188,2024-01-01 15:33:00,face,0.8847,DEV-0039,Manchester,1,success,140,False,
82fce908-17c3-45fc-b6b7-4e2748af7f10,USR-0097,2024-01-01 15:38:00,fingerprint,0.887,DEV-0050,New York,1,success,189,False,
b75c3825-1c0f-487f-ab01-bba74b814a84,USR-0152,2024-01-01 15:44:00,fingerprint,0.8037,DEV-0037,Manchester,1,success,105,False,
15969802-b6dd-4257-bb7d-9f1c57eb89b1,USR-0019,2024-01-01 15:46:00,voice,0.8302,DEV-0035,Manchester,1,success,123,False,
2de1bda4-6a92-447b-9154-00a60283a43b,USR-0155,2024-01-01 15:48:00,face,0.7676,DEV-0010,New York,1,success,143,False,
3ae0acdb-2a65-44af-b09d-338b23936d45,USR-0055,2024-01-01 15:49:00,face,0.895,DEV-0027,London,1,success,126,False,
6ccb9163-4d8e-4d5e-8df4-73bbc577d3a5,USR-0161,2024-01-01 15:50:00,keystroke_dynamics,0.8298,DEV-0020,Manchester,1,success,150,False,
8ccc617e-81b6-4951-8cdf-697f4eca2e96,USR-0071,2024-01-01 16:12:00,fingerprint,0.9566,DEV-0046,London,1,success,130,False,
81ef8162-3953-48bb-883e-00325fe8a7f4,USR-0134,2024-01-01 16:17:00,face,0.7697,DEV-0045,Manchester,1,success,131,False,
fad2fd69-3fb1-4376-b1d2-8c69bb88cfe7,USR-0175,2024-01-01 16:20:00,face,0.8357,DEV-0030,London,1,success,211,False,
f1c2fa18-c2af-46a6-9038-4c0ddbc3f559,USR-0138,2024-01-01 16:27:00,face,0.7285,DEV-0023,London,1,success,156,False,
4cec495b-2267-46e3-ba5b-6ac5de703b72,USR-0045,2024-01-01 16:31:00,face,0.8134,DEV-0046,Manchester,1,success,144,False,
f6ff3521-c225-4530-952a-53459682d9ff,USR-0045,2024-01-01 16:32:00,keystroke_dynamics,0.8083,DEV-0009,Manchester,1,success,149,False,
e05ff96e-d087-4c98-bc7d-0017f4c1540b,USR-0174,2024-01-01 16:37:00,face,0.7717,DEV-0043,London,1,success,242,False,
57d52b78-9cf3-437e-b562-037b78aa16ea,USR-0060,2024-01-01 16:40:00,voice,0.9314,DEV-0036,New York,1,success,160,False,
f89617fa-6493-45ef-bf53-76a4bb48bbba,USR-0067,2024-01-01 16:48:00,fingerprint,0.8227,DEV-0020,London,1,success,204,False,
cd6bb03b-eb35-47a0-ad6e-0291b7893986,USR-0043,2024-01-01 16:48:00,voice,0.9147,DEV-0001,London,1,success,219,False,
4fa03f26-f6f7-40cc-a9ec-8e49d1bdb8c0,USR-0008,2024-01-01 16:55:00,fingerprint,0.8701,DEV-0039,New York,1,success,134,False,
5ff3fbbf-6880-434f-8ac5-a4c6c393f806,USR-0180,2024-01-01 16:59:00,keystroke_dynamics,0.7737,DEV-0028,London,1,success,206,False,
424d9430-b724-49b7-b10b-7fa9e9a0c20d,USR-0077,2024-01-01 16:59:00,keystroke_dynamics,0.809,DEV-0007,Manchester,1,success,179,False,
e35bba6d-bd39-409d-a67f-aa8371497c71,USR-0196,2024-01-01 17:02:00,fingerprint,0.8248,DEV-0019,Manchester,1,success,141,False,
d3ec1562-91c0-49ee-bad1-c48f6b39c4dc,USR-0151,2024-01-01 17:08:00,fingerprint,0.8407,DEV-0009,New York,1,success,177,False,
dd59ba71-36b8-4481-bb3a-4e3e7c52fa17,USR-0004,2024-01-01 17:12:00,keystroke_dynamics,0.7373,DEV-0022,London,1,success,142,False,
9c03d65c-ed8a-428c-b756-999b251adf0e,USR-0080,2024-01-01 17:13:00,keystroke_dynamics,0.7409,DEV-0025,London,1,success,180,False,
b23f4738-aff6-48bc-8d2b-f2063f931507,USR-0112,2024-01-01 17:17:00,face,0.9401,DEV-0016,London,1,success,167,False,
b197603c-a45c-4178-947c-903018dd3aea,USR-0164,2024-01-01 17:21:00,voice,0.8744,DEV-0049,Manchester,1,success,196,False,
eb25d7e7-e073-4c70-ac20-2d89b7a69c32,USR-0092,2024-01-01 17:25:00,keystroke_dynamics,0.737,DEV-0043,New York,1,success,216,False,
61a4cd19-71ef-4e0a-8dae-ac5c00009f1e,USR-0189,2024-01-01 17:30:00,keystroke_dynamics,0.8204,DEV-0006,New York,1,success,154,False,
c0476d80-532b-470a-a09f-839fb6ddbd11,USR-0123,2024-01-01 17:33:00,voice,0.8583,DEV-0037,London,1,success,247,False,
04d340e8-7ecf-4fc6-a249-a5869c186d49,USR-0148,2024-01-01 17:38:00,fingerprint,0.8154,DEV-0015,New York,1,success,232,False,
90b950bb-5e9b-4a6c-a0cd-5bb8dd357f0d,USR-0185,2024-01-01 17:41:00,keystroke_dynamics,0.9289,DEV-0031,Manchester,1,success,133,False,
a832a228-8c65-401b-9521-e8251177fdd5,USR-0110,2024-01-01 17:41:00,keystroke_dynamics,0.802,DEV-0006,Manchester,1,success,130,False,
c777a07f-6346-44ef-a9ef-74e34ab6821c,USR-0033,2024-01-01 17:46:00,fingerprint,0.8209,DEV-0049,Manchester,1,success,141,False,
f7aeede8-0a11-4bac-8df2-1ad52d36db7e,USR-0078,2024-01-01 17:49:00,face,0.7456,DEV-0002,Manchester,1,success,119,False,
aeb00fb9-26cb-4e99-a945-e93a4a454398,USR-0131,2024-01-01 17:54:00,keystroke_dynamics,0.8499,DEV-0039,New York,1,success,102,False,
9d4d0658-886e-4ae8-ad80-016db16784b1,USR-0102,2024-01-01 17:59:00,keystroke_dynamics,0.7735,DEV-0047,New York,1,success,234,False,
6bd1f826-e6c2-4bb7-83c7-4cbe916baf87,USR-0090,2024-01-01 18:01:00,keystroke_dynamics,0.7968,DEV-0006,London,1,success,91,False,
2976aab2-2a26-4770-8ddb-1b36272c0588,USR-0024,2024-01-01 18:08:00,fingerprint,0.8457,DEV-0011,London,1,success,207,False,
5e10a3a0-addb-4943-b067-ad8279c5f45a,USR-0088,2024-01-01 18:10:00,fingerprint,0.8854,DEV-0009,London,1,success,157,False,
b43bd27f-42a2-49a6-8664-12854303cbc1,USR-0023,2024-01-01 18:21:00,fingerprint,0.9331,DEV-0028,Manchester,1,success,241,False,
14aa3ca3-7ca9-468f-a12f-3b2104005940,USR-0079,2024-01-01 18:21:00,face,0.8087,DEV-0030,London,1,success,175,False,
54b58635-3dab-4614-9215-0ed87ddca413,USR-0051,2024-01-01 18:34:00,voice,0.809,DEV-0042,London,1,success,165,False,
c976ec61-a4c3-4af7-914a-36bf47334b73,USR-0112,2024-01-01 18:36:00,keystroke_dynamics,0.8622,DEV-0005,London,1,success,176,False,
5aff4594-40dd-4895-9015-48989187c9a0,USR-0095,2024-01-01 18:38:00,keystroke_dynamics,0.9077,DEV-0036,London,1,success,168,False,
5a5226e6-9d64-4932-8066-853d6de299a1,USR-0021,2024-01-01 18:39:00,face,0.8474,DEV-0029,Manchester,1,success,266,False,
75eb0e8f-a090-460d-a7c7-655a7b434a72,USR-0072,2024-01-01 18:40:00,keystroke_dynamics,0.8499,DEV-0014,Manchester,1,success,112,False,
8c6d768e-45bc-43ba-af52-d36e8a63b93c,USR-0061,2024-01-01 18:43:00,voice,0.8609,DEV-0044,London,1,success,133,False,
9416e4dc-c6b2-4def-b8d8-b7f1c86c6544,USR-0026,2024-01-01 18:44:00,voice,0.7639,DEV-0037,New York,1,success,223,False,
f1224f43-c527-4f35-adc5-60443016b62b,USR-0107,2024-01-01 18:51:00,voice,0.8914,DEV-0040,New York,1,success,206,False,
f53ba020-be2d-48c8-9fe3-f82439d3a9cf,USR-0090,2024-01-01 18:53:00,face,0.8752,DEV-0007,London,1,success,220,False,
c94ee2f0-fe06-4b4e-bf63-abb84e4f4dd0,USR-0178,2024-01-01 18:54:00,voice,0.9181,DEV-0041,New York,1,success,197,False,
be153187-b783-41d5-9264-04b923f47a55,USR-0052,2024-01-01 19:00:00,face,0.8612,DEV-0017,Manchester,1,success,238,False,
3955b110-fc2e-4301-9232-231d8dd7b77d,USR-0175,2024-01-01 19:06:00,face,0.7988,DEV-0023,London,1,success,208,False,
4a9f6c5c-7eb9-4e2d-b738-7270d424d9f3,USR-0118,2024-01-01 19:12:00,fingerprint,0.8358,DEV-0005,Manchester,1,success,148,False,
99afee64-9024-4225-84bb-10e079f7f38c,USR-0094,2024-01-01 19:18:00,keystroke_dynamics,0.8762,DEV-0016,Manchester,1,success,211,False,
e1fdc6d1-6978-4221-bfb7-5c574b8c031f,USR-0041,2024-01-01 19:20:00,keystroke_dynamics,0.7881,DEV-0027,Manchester,1,success,199,False,
9db7284b-6965-41d1-ab7e-2e6426c0747e,USR-0037,2024-01-01 19:27:00,voice,0.8174,DEV-0039,Manchester,1,success,182,False,
e65664ac-9e54-4175-9b42-9d0e5a239f52,USR-0145,2024-01-01 19:28:00,voice,0.7666,DEV-0007,London,1,success,141,False,
f9a55cf2-a66c-4fa1-b5dc-8a9afb38cd91,USR-0052,2024-01-01 19:30:00,keystroke_dynamics,0.7732,DEV-0003,Manchester,1,success,223,False,
22ae8888-5200-41ca-8855-f44a33704903,USR-0178,2024-01-01 19:32:00,keystroke_dynamics,0.7733,DEV-0033,New York,1,success,205,False,
cc152a1b-e278-4642-a484-e035330faaa3,USR-0041,2024-01-01 19:39:00,voice,0.7697,DEV-0039,Manchester,1,success,144,False,
c2baf0e0-2179-43f0-a612-4ab4f9b21e6e,USR-0024,2024-01-01 19:42:00,keystroke_dynamics,0.7999,DEV-0048,London,1,success,163,False,
043217e4-1847-4750-b78c-e7b72f14b369,USR-0185,2024-01-01 19:43:00,keystroke_dynamics,0.7967,DEV-0022,Manchester,1,success,188,False,
810e9d40-cc81-45da-8604-3d4131e7ca38,USR-0186,2024-01-01 19:43:00,voice,0.8299,DEV-0033,New York,1,success,151,False,
f3d04ffb-4470-4848-929e-cc924a11be44,USR-0036,2024-01-01 19:54:00,fingerprint,0.787,DEV-0031,New York,1,success,214,False,
b78a2037-bd46-4bd5-82c5-2802aca65492,USR-0142,2024-01-01 19:57:00,fingerprint,0.8308,DEV-0007,Manchester,1,success,141,False,
55af47da-31d1-46cb-a450-dd3c01521e60,USR-0103,2024-01-01 19:57:00,voice,0.7926,DEV-0005,London,1,success,193,False,
e70dc8b8-df33-4eb0-a8ff-561f3bc29d89,USR-0185,2024-01-01 20:02:00,face,0.7499,DEV-0046,Manchester,1,success,107,False,
d7a29c6c-47bb-4bb0-851b-2775dd7b99a6,USR-0173,2024-01-01 20:04:00,keystroke_dynamics,0.8247,DEV-0030,Manchester,1,success,241,False,
aa2fd9d1-b5ad-49f5-9161-a3816ea4b405,USR-0108,2024-01-01 20:08:00,voice,0.7076,DEV-0025,New York,1,success,261,False,
ec257a75-421d-4dca-aa95-59080e503fd8,USR-0056,2024-01-01 20:13:00,face,0.7761,DEV-0025,London,1,success,255,False,
e17766b1-82ce-4e0c-903e-eaf204f73882,USR-0185,2024-01-01 20:18:00,face,0.7436,DEV-0010,Manchester,1,success,127,False,
6001f54d-01d7-4831-850f-1cdc1e2a03f1,USR-0057,2024-01-01 20:28:00,face,0.7509,DEV-0013,Manchester,1,success,66,False,
c655a597-7ccc-43de-82ac-7e1dac565da6,USR-0061,2024-01-01 20:29:00,voice,0.8121,DEV-0042,London,1,success,159,False,
29298691-ec93-443d-9e5e-8cfe2a96c526,USR-0083,2024-01-01 20:32:00,keystroke_dynamics,0.8346,DEV-0026,New York,1,success,161,False,
f6121d2c-ae73-40eb-a39d-8fe7790b185c,USR-0063,2024-01-01 20:43:00,face,0.7131,DEV-0025,London,1,success,90,False,
5b7e24ca-722b-4439-b869-d3c9d743b5a8,USR-0084,2024-01-01 20:46:00,face,0.8158,DEV-0015,New York,1,success,79,False,
565f2ea8-0a03-48cd-870b-230ceb044ecb,USR-0137,2024-01-01 20:52:00,face,0.8096,DEV-0045,New York,1,success,196,False,
e8239943-7dec-4605-adeb-57f96acac954,USR-0085,2024-01-01 21:03:00,fingerprint,0.8468,DEV-0050,London,1,success,154,False,
3dc559fc-5cd0-494c-9d76-3717995b2485,USR-0173,2024-01-01 21:11:00,keystroke_dynamics,0.77,DEV-0037,Manchester,1,success,222,False,
7279101c-93f3-403d-9d96-232d63d5e750,USR-0075,2024-01-01 21:14:00,fingerprint,0.7566,DEV-0015,London,1,success,169,False,
fe1be3e9-bee1-4c65-b7a3-19c6619c4a06,USR-0149,2024-01-01 21:14:00,fingerprint,0.7498,DEV-0004,Manchester,1,success,173,False,
bb3494d1-f327-43ef-850b-d5b96f581316,USR-0085,2024-01-01 21:14:00,fingerprint,0.8468,DEV-0050,Lagos,1,success,154,True,geo_jump
1a1940e4-935f-46e2-9b2c-1379b9d859f5,USR-0119,2024-01-01 21:14:00,keystroke_dynamics,0.7209,DEV-0017,London,1,success,218,False,
204054fb-92be-47c4-a784-cabe3190b8f4,USR-0104,2024-01-01 21:15:00,voice,0.8325,DEV-0012,Manchester,1,success,182,False,
698c206f-e1a4-4e10-ad53-4dd0cf8ebc5a,USR-0005,2024-01-01 21:19:00,keystroke_dynamics,0.7709,DEV-0026,London,1,success,263,False,
87eb754a-995e-45bd-8465-3d5fa51f4e7c,USR-0197,2024-01-01 21:19:00,fingerprint,0.8559,DEV-0040,London,1,success,209,False,
51beb80e-b7e6-414c-9c8a-49225005680f,USR-0024,2024-01-01 21:26:00,fingerprint,0.8491,DEV-0015,London,1,success,146,False,
cb68a34e-ca1f-4ff2-a823-442c9a87e357,USR-0080,2024-01-01 21:29:00,face,0.8399,DEV-0018,London,1,success,138,False,
f2a45575-ee58-4967-b063-796a70a91477,USR-0098,2024-01-01 21:30:00,fingerprint,0.9429,DEV-0048,London,1,success,114,False,
87935d69-c33b-403e-8923-527f7925dc65,USR-0098,2024-01-01 21:30:00,fingerprint,0.5137,DEV-0048,London,1,success,114,True,low_score_bypass
ff3c03a6-3575-44ee-bd36-5abf633bffff,USR-0131,2024-01-01 21:31:00,keystroke_dynamics,0.7938,DEV-0029,New York,1,success,222,False,
47d6723c-d77f-4eeb-94fc-3a5d9b4bf377,USR-0055,2024-01-01 21:35:00,face,0.7766,DEV-0006,London,1,success,172,False,
bd32ebda-b61e-4c80-b302-225ec930c9f3,USR-0168,2024-01-01 21:38:00,voice,0.8796,DEV-0044,Manchester,1,success,169,False,
220e674e-6591-499b-9a92-9d2788676641,USR-0174,2024-01-01 21:39:00,keystroke_dynamics,0.8955,DEV-0008,London,1,success,183,False,
e06a46b2-bd93-483f-917b-d6cc2195e073,USR-0154,2024-01-01 21:42:00,fingerprint,0.7786,DEV-0015,New York,1,success,123,False,
cfef7fd7-a17e-4816-9a97-793bdddf8a27,USR-0080,2024-01-01 21:44:00,face,0.8399,DEV-0018,Lagos,1,success,138,True,geo_jump
5738db52-126c-4e50-9d4f-4af28becb8cc,USR-0145,2024-01-01 21:44:00,fingerprint,0.9413,DEV-0028,London,1,success,253,False,
9de7df7b-5594-452b-805a-8e7e6f46a41f,USR-0080,2024-01-01 21:44:00,fingerprint,0.7835,DEV-0017,London,1,success,242,False,
5550f4ea-a86b-48b5-97cc-b76c6b905645,USR-0168,2024-01-01 21:47:00,voice,0.8796,DEV-0044,Berlin,1,success,169,True,geo_jump
7b189d5d-9b24-4a55-8fe8-8b776009a05a,USR-0113,2024-01-01 21:50:00,fingerprint,0.8433,DEV-0032,New York,1,success,133,False,
406bf02d-a97a-4f4e-bc10-871bba4f4b03,USR-0061,2024-01-01 21:53:00,keystroke_dynamics,0.7946,DEV-0044,London,1,success,125,False,
b360e8af-91aa-4b5c-ab0c-bd6ca6032997,USR-0106,2024-01-01 21:55:00,fingerprint,0.4612,DEV-0022,Manchester,1,success,183,True,low_score_bypass
94c8a69d-44b1-41ee-b948-36f27eaab0a1,USR-0106,2024-01-01 21:55:00,fingerprint,0.8652,DEV-0022,Manchester,1,success,183,False,
0ad7d77c-9bf4-4cc6-af1f-be1687324f52,USR-0122,2024-01-01 21:58:00,fingerprint,0.8804,DEV-0005,Manchester,1,success,180,False,
d9a9a834-7d91-4485-ad7f-1aa30b44cceb,USR-0197,2024-01-02 02:01:00,face,0.6863,DEV-0002,London,1,success,195,True,off_hours
60f41905-693f-4bc7-ba2d-0e68533a83b3,USR-0149,2024-01-02 03:29:00,face,0.8975,DEV-0015,New York,1,success,192,True,off_hours
ff8bb891-1b90-4e3f-a5ce-5ac51e22c6b2,USR-0027,2024-01-02 03:50:00,keystroke_dynamics,0.8009,DEV-0006,London,1,success,148,True,off_hours
5ed13afe-f006-496b-9572-fd4107d51b96,USR-0070,2024-01-02 04:23:00,face,0.7924,DEV-0042,Manchester,1,success,201,True,off_hours
b517272d-f779-4643-beca-c08c53b04133,USR-0025,2024-01-02 04:59:00,face,0.837,DEV-0037,London,1,success,169,True,off_hours
2851a8be-2639-4214-85cc-aa931e1e5d91,USR-0072,2024-01-02 07:03:00,voice,0.7372,DEV-0014,Manchester,1,success,162,False,
2e654dcc-8087-44bc-91b0-830f71c629a6,USR-0192,2024-01-02 07:06:00,keystroke_dynamics,0.8911,DEV-0016,London,1,success,190,False,
b52a9e6b-c8b6-48e0-92a8-50c55bab7f4a,USR-0053,2024-01-02 07:11:00,voice,0.8931,DEV-0046,Manchester,1,success,222,False,
d5dbcbee-cc03-48d3-98ba-fcc9e1dd7fdf,USR-0111,2024-01-02 07:14:00,face,0.7584,DEV-0010,Manchester,1,success,204,False,
73d0b6c7-f62e-4f88-9c29-850b410bfc29,USR-0066,2024-01-02 07:16:00,fingerprint,0.7924,DEV-0046,London,1,success,136,False,
c01f36bf-3e6d-458b-b367-c28de1b294de,USR-0008,2024-01-02 07:19:00,keystroke_dynamics,0.8309,DEV-0008,New York,1,success,189,False,
b198047f-4612-4424-bac0-67a69297eaac,USR-0119,2024-01-02 07:19:00,fingerprint,0.8086,DEV-0009,London,1,success,176,False,
81d2c7de-4ce1-4b90-a669-7833b841d0a0,USR-0006,2024-01-02 07:35:00,voice,0.7696,DEV-0045,New York,1,success,156,False,
7eece88d-a002-452a-b88c-ddde3f2086c2,USR-0033,2024-01-02 07:36:00,keystroke_dynamics,0.7449,DEV-0035,Manchester,1,success,194,False,
9e47a339-c0ae-4b1a-b347-673637ec07a6,USR-0053,2024-01-02 07:37:00,fingerprint,0.7885,DEV-0009,Manchester,1,success,234,False,
f7347784-a049-4164-952f-6d1127ff97ca,USR-0183,2024-01-02 07:39:00,keystroke_dynamics,0.7368,DEV-0003,London,1,success,159,False,
c63e0e47-8bcc-4e8d-b24a-4a6d6b90a95b,USR-0133,2024-01-02 07:43:00,fingerprint,0.8863,DEV-0011,New York,1,success,164,False,
c926a021-19da-4262-8790-3dc5900c0af7,USR-0045,2024-01-02 07:45:00,voice,0.791,DEV-0008,Manchester,1,success,155,False,
a96bc761-3717-4e45-a570-6108fc78090e,USR-0175,2024-01-02 07:45:00,face,0.9715,DEV-0040,London,1,success,194,False,
9118c400-e336-4243-b139-c476de3ce88b,USR-0032,2024-01-02 07:47:00,voice,0.9148,DEV-0013,New York,1,success,139,False,
2575dbd1-45f3-48a4-872f-a86e55616496,USR-0121,2024-01-02 07:53:00,voice,0.8541,DEV-0025,New York,1,success,195,False,
f7df9baf-f2a8-4e6e-9c3d-a4eba012c6c2,USR-0153,2024-01-02 08:00:00,keystroke_dynamics,0.8495,DEV-0008,New York,1,success,134,False,
d4721e33-885c-4793-80da-b7f849d5182c,USR-0163,2024-01-02 08:03:00,voice,0.8716,DEV-0031,Manchester,1,success,69,False,
37850b5c-3ce5-488c-be53-d702e1f8d192,USR-0070,2024-01-02 08:07:00,voice,0.879,DEV-0024,Manchester,1,success,123,False,
083a1c27-3807-4019-8a72-007114a9ee59,USR-0142,2024-01-02 08:07:00,face,0.775,DEV-0047,Manchester,1,success,168,False,
3d44cb2c-ea45-4a41-a589-ada1345af934,USR-0031,2024-01-02 08:16:00,voice,0.8358,DEV-0001,London,1,success,187,False,
d5f0fb6a-4596-4a75-b4df-b83ff659f188,USR-0051,2024-01-02 08:23:00,voice,0.8285,DEV-0029,London,1,success,243,False,
7bb8373c-81dd-43ea-9421-b62c2d31317c,USR-0167,2024-01-02 08:31:00,face,0.8777,DEV-0009,London,1,success,113,False,
a34321bf-7aee-47df-9bd5-5037f7444596,USR-0149,2024-01-02 08:34:00,keystroke_dynamics,0.8584,DEV-0046,New York,1,success,194,False,
92a54d04-f2dd-41f5-b3b6-d344f2e3c6f0,USR-0043,2024-01-02 08:36:00,fingerprint,0.7883,DEV-0031,London,1,success,137,False,
39a9a8a9-81f2-4a73-bf20-f661091d1643,USR-0146,2024-01-02 08:40:00,keystroke_dynamics,0.8694,DEV-0015,London,1,success,181,False,
73253aa3-ec17-4298-943d-f5b3a58e83dd,USR-0030,2024-01-02 08:52:00,face,0.8486,DEV-0003,Manchester,1,success,200,False,
3b482d28-b7ed-4c13-b3eb-e65817e1e8f6,USR-0131,2024-01-02 08:53:00,keystroke_dynamics,0.8078,DEV-0033,New York,1,success,219,False,
4151344e-ee98-46b7-8677-098c144a1458,USR-0197,2024-01-02 09:05:00,face,0.6863,DEV-0002,London,1,success,195,False,
05d0f23a-5ecb-4693-b3ac-2f5e1749939d,USR-0163,2024-01-02 09:09:00,fingerprint,0.8329,DEV-0029,Manchester,1,success,176,False,
9ef01577-b980-4521-bb3c-fc106bc71d7f,USR-0104,2024-01-02 09:09:00,face,0.8482,DEV-0040,Manchester,1,success,258,False,
6fef2c5d-d702-4edd-a494-0bbdb61ae1b0,USR-0156,2024-01-02 09:14:00,voice,0.8091,DEV-0004,Manchester,1,success,142,False,
7606fa34-51d6-4f11-a569-3e130efa8993,USR-0085,2024-01-02 09:28:00,face,0.8718,DEV-0019,London,1,success,186,False,
39323a07-2ec3-48e0-8d62-00500b3b5efa,USR-0192,2024-01-02 09:32:00,keystroke_dynamics,0.8588,DEV-0022,London,1,success,135,False,
cc530e36-addc-4e13-ab3b-4d37560c95ee,USR-0007,2024-01-02 09:32:00,voice,0.9114,DEV-0007,Manchester,1,success,201,False,
7fa70485-dafc-4805-bf64-85de75699aef,USR-0070,2024-01-02 09:36:00,face,0.7924,DEV-0042,Manchester,1,success,201,False,
a560c775-58cf-4966-af11-0436b3c28ec5,USR-0157,2024-01-02 09:37:00,voice,0.8989,DEV-0021,London,1,success,205,False,
34885a46-9088-4eaf-8977-6598203c8c25,USR-0015,2024-01-02 09:45:00,voice,0.7809,DEV-0031,London,1,success,160,False,
4988e418-f6c3-4218-8183-6315330f8be1,USR-0027,2024-01-02 09:48:00,fingerprint,0.8039,DEV-0006,London,1,success,144,False,
c31db215-d7d0-4c99-a45a-e8eec8c6a8b1,USR-0134,2024-01-02 09:51:00,voice,0.7945,DEV-0024,New York,1,success,195,False,
b0427c62-ce9f-4278-9f94-2c43b989a884,USR-0185,2024-01-02 09:57:00,keystroke_dynamics,0.9494,DEV-0018,London,1,success,181,False,
95e7f614-42b4-4281-9f26-946654d1332a,USR-0048,2024-01-02 10:01:00,face,0.7263,DEV-0032,Manchester,1,success,240,False,
4f4cea72-e493-4415-aa4b-f5dc0a599c13,USR-0048,2024-01-02 10:01:00,face,0.4297,DEV-0032,Manchester,1,success,240,True,low_score_bypass
6577e64d-4d4e-4bd1-8b33-e3c6a62989b9,USR-0198,2024-01-02 10:07:00,face,0.8363,DEV-0038,Manchester,1,success,177,False,
2b10a823-d777-4933-adf0-1fe06d572692,USR-0119,2024-01-02 10:09:00,fingerprint,0.794,DEV-0019,London,1,success,267,False,
5d7518d4-2e7e-4cef-ab2d-d056cf711c2c,USR-0170,2024-01-02 10:10:00,fingerprint,0.7996,DEV-0045,London,1,success,258,False,
0361b157-b1fb-4587-a514-b3fcc809a0b4,USR-0130,2024-01-02 10:14:00,voice,0.7547,DEV-0040,New York,1,success,175,False,
65c17795-b155-46bc-9f8d-ed9756abf2f1,USR-0012,2024-01-02 10:26:00,keystroke_dynamics,0.817,DEV-0005,New York,1,success,206,False,
ce4d89f3-94cb-494e-80dc-4cf971b0c1fa,USR-0134,2024-01-02 10:33:00,voice,0.8372,DEV-0038,New York,1,success,172,False,
954e95fb-362f-4bc2-99d5-d66c072b50ed,USR-0165,2024-01-02 10:42:00,fingerprint,0.9031,DEV-0009,London,1,success,190,False,
c950824d-5a9b-441d-8508-2f78f17b25ef,USR-0198,2024-01-02 10:48:00,face,0.7643,DEV-0015,Manchester,1,success,149,False,
beb79919-3f22-4af8-a3be-d01d43cf2fde,USR-0001,2024-01-02 10:56:00,fingerprint,0.8255,DEV-0006,New York,1,success,100,False,
f205da82-a9f3-431b-9d05-3081f9e34f60,USR-0181,2024-01-02 11:00:00,face,0.8212,DEV-0001,Manchester,1,success,210,False,
4d2d8efd-57c8-494c-9e77-76ae8bec9a50,USR-0125,2024-01-02 11:00:00,keystroke_dynamics,0.8965,DEV-0008,London,1,success,134,False,
9b23854f-a3df-45f0-a97e-86fe3f8b015e,USR-0198,2024-01-02 11:05:00,keystroke_dynamics,0.7799,DEV-0046,Manchester,1,success,212,False,
5bcc7bfb-40e6-4eed-a414-f2c5d9743ff0,USR-0174,2024-01-02 11:16:00,fingerprint,0.8528,DEV-0038,London,1,success,226,False,
4814e14e-b5bc-4efc-87e4-02c5e05a2a8a,USR-0190,2024-01-02 11:23:00,face,0.7647,DEV-0007,London,1,success,179,False,
093923de-8bab-4e3b-a628-6bfbe767dcea,USR-0005,2024-01-02 11:24:00,voice,0.7703,DEV-0014,London,1,success,157,False,
0c36ad4e-915d-4a63-9bc6-c9288fe84e20,USR-0060,2024-01-02 11:24:00,fingerprint,0.8299,DEV-0021,New York,1,success,267,False,
a1ad9f14-3ae1-4f9c-8634-e0e64d2ce796,USR-0154,2024-01-02 11:25:00,keystroke_dynamics,0.8241,DEV-0018,New York,1,success,67,False,
29310971-601e-4211-a34f-76b42b8c03bf,USR-0044,2024-01-02 11:26:00,fingerprint,0.8144,DEV-0032,London,1,success,233,False,
cfa701cd-2631-400b-a6d7-94d30db95301,USR-0009,2024-01-02 11:38:00,voice,0.8319,DEV-0023,Manchester,1,success,174,False,
161d5c87-53c9-4e59-8f89-e3b2d847dc53,USR-0040,2024-01-02 11:38:00,fingerprint,0.8538,DEV-0034,New York,1,success,144,False,
84a2576c-1fc9-45f8-94d6-07350e2f8958,USR-0024,2024-01-02 11:42:00,face,0.7591,DEV-0008,London,1,success,182,False,
9fd34579-4667-42ce-a04e-178c10d08d11,USR-0016,2024-01-02 11:45:00,fingerprint,0.7983,DEV-0023,New York,1,success,135,False,
c84bbdf5-603f-4ddc-aef1-7a908bbb8f3f,USR-0142,2024-01-02 11:58:00,keystroke_dynamics,0.7791,DEV-0025,Manchester,1,success,226,False,
3d4196fe-963a-4617-bdab-07e79d9d028e,USR-0027,2024-01-02 12:00:00,keystroke_dynamics,0.8009,DEV-0006,London,1,success,148,False,
9ee339ff-f1bd-4598-948f-664a9565257b,USR-0048,2024-01-02 12:03:00,voice,0.9051,DEV-0047,Manchester,1,success,80,False,
1752815c-bcbf-4583-8a01-75e5937d6fb1,USR-0108,2024-01-02 12:06:00,fingerprint,0.8736,DEV-0021,New York,1,success,205,False,
5e48245a-b19d-4b55-a5ce-fa0f8671e213,USR-0193,2024-01-02 12:14:00,face,0.7703,DEV-0012,Manchester,1,success,149,False,
1bf2235c-5987-41e6-bc15-17fc99bf88ed,USR-0149,2024-01-02 12:15:00,fingerprint,0.911,DEV-0041,New York,1,success,119,False,
5b7d9d2d-22af-4503-b17a-ff6de0d96670,USR-0085,2024-01-02 12:22:00,face,0.8892,DEV-0019,London,1,success,131,False,
ab86bafd-b57e-4883-9258-6d9016b6bf61,USR-0043,2024-01-02 12:22:00,face,0.8358,DEV-0001,London,1,success,230,False,
42803aa0-55ac-4d06-be9d-a9517329af6e,USR-0061,2024-01-02 12:29:00,keystroke_dynamics,0.834,DEV-0005,London,1,success,221,False,
a3fe085b-81b4-4b37-a98b-4ff499ff70c6,USR-0183,2024-01-02 12:33:00,keystroke_dynamics,0.8384,DEV-0037,London,1,success,179,False,
77d2b94f-1478-4c9d-9503-0b43e3c7ca9a,USR-0066,2024-01-02 12:33:00,fingerprint,0.833,DEV-0011,London,1,success,167,False,
0769165f-e746-4cb9-8ca9-cf07b1aa0f6a,USR-0012,2024-01-02 12:34:00,voice,0.9129,DEV-0042,New York,1,success,251,False,
64305373-f936-4968-8e44-f2f83de8a4cd,USR-0134,2024-01-02 12:55:00,keystroke_dynamics,0.9861,DEV-0049,New York,1,success,169,False,
f88c2664-01bc-475c-9cdc-23fc50805bbf,USR-0175,2024-01-02 13:01:00,face,0.8137,DEV-0030,London,1,success,124,False,
31cd9f6e-e3b1-4d36-b8e3-6397123b31cf,USR-0048,2024-01-02 13:07:00,face,0.8966,DEV-0042,Manchester,1,success,193,False,
26331cc6-cbee-43e3-9cd8-89e231979167,USR-0079,2024-01-02 13:19:00,keystroke_dynamics,0.9451,DEV-0032,London,1,success,139,False,
1e92c0ae-d886-4de4-9585-3f0b6b691bd2,USR-0156,2024-01-02 13:23:00,face,0.8374,DEV-0035,Manchester,1,success,181,False,
db7904e0-ce30-461d-8e88-c8ece651e3e1,USR-0047,2024-01-02 13:24:00,voice,0.8096,DEV-0004,New York,1,success,210,False,
0182c481-3bd1-4558-af2f-5f8b1a9226d6,USR-0179,2024-01-02 13:25:00,keystroke_dynamics,0.7278,DEV-0039,New York,1,success,267,False,
9b465e04-b4cf-4cd7-b2a1-c14d46a49f8d,USR-0187,2024-01-02 13:33:00,keystroke_dynamics,0.8766,DEV-0022,Manchester,1,success,179,False,
0130d66b-932d-4648-a769-b0f1ee01b9e0,USR-0058,2024-01-02 13:48:00,fingerprint,0.7835,DEV-0043,New York,1,success,174,False,
90ce82e8-e9a5-4368-9812-9eb27c13f47a,USR-0042,2024-01-02 13:48:00,fingerprint,0.7638,DEV-0018,Manchester,1,success,153,False,
24784b7d-51ee-4cc8-9947-4d1a63d316c1,USR-0100,2024-01-02 13:53:00,voice,0.7966,DEV-0008,New York,1,success,200,False,
1ab88733-80e1-4c41-8a9a-727fb2a12a55,USR-0148,2024-01-02 13:55:00,voice,0.9309,DEV-0035,New York,1,success,127,False,
3df76a69-bc45-444a-bc1f-dff0331d58bb,USR-0059,2024-01-02 13:56:00,face,0.8792,DEV-0031,Manchester,1,success,151,False,
3d9ffe59-9bc0-4a93-92cd-adefb9d276f4,USR-0066,2024-01-02 14:01:00,fingerprint,0.8196,DEV-0041,London,1,success,211,False,
8ece1128-56ce-4b42-bc9e-1dcbcb7e6268,USR-0025,2024-01-02 14:03:00,face,0.837,DEV-0037,London,1,success,169,False,
0bb8382f-916b-4250-8945-8e1bcb0de65c,USR-0147,2024-01-02 14:04:00,keystroke_dynamics,0.8475,DEV-0038,London,1,success,197,False,
96721e98-5d84-46e0-a0e6-96ffa75743f9,USR-0055,2024-01-02 14:16:00,face,0.7992,DEV-0046,London,1,success,115,False,
418495a4-b777-4cb9-a97c-696b356766ec,USR-0168,2024-01-02 14:18:00,face,0.8706,DEV-0006,Manchester,1,success,168,False,
71076f2e-0a71-4350-beb2-7900ed5d6510,USR-0093,2024-01-02 14:18:00,fingerprint,0.7096,DEV-0008,Manchester,1,success,233,False,
584f218a-39dd-41e1-a222-c7758f24da7e,USR-0155,2024-01-02 14:20:00,voice,0.7217,DEV-0034,New York,1,success,169,False,
c6a07656-c5c9-4b91-bf6e-f9ed7e4ce29f,USR-0040,2024-01-02 14:22:00,face,0.8226,DEV-0009,New York,1,success,202,False,
26fa466b-1573-4a73-8266-557cefc66c4c,USR-0151,2024-01-02 14:27:00,keystroke_dynamics,0.7883,DEV-0013,New York,1,success,134,False,
05776108-3166-4c94-bbb2-4366704fe1a8,USR-0065,2024-01-02 14:32:00,voice,0.8707,DEV-0028,Manchester,1,success,200,False,
1fca0f16-78f8-455f-a2f5-a68bd590f435,USR-0085,2024-01-02 14:32:00,face,0.8785,DEV-0042,London,1,success,180,False,
3464fd00-ea21-4067-8cf1-493afbb8704e,USR-0189,2024-01-02 14:37:00,face,0.8471,DEV-0015,Manchester,1,success,134,False,
dac5609e-4772-4adf-8f49-d01a15a15a52,USR-0148,2024-01-02 14:40:00,voice,0.8538,DEV-0047,New York,1,success,175,False,
8bab9c9c-c026-4d51-a5c5-bce0dffbdc2d,USR-0156,2024-01-02 14:52:00,keystroke_dynamics,0.8233,DEV-0017,Manchester,1,success,197,False,
882ae449-b5b7-4c24-b85c-a87b1f69e2b1,USR-0083,2024-01-02 14:59:00,voice,0.8029,DEV-0016,New York,1,success,175,False,
2e44d349-9122-4311-b74e-5dff06906169,USR-0174,2024-01-02 15:00:00,fingerprint,0.8211,DEV-0037,London,1,success,159,False,
02bdeabe-7060-48eb-be8e-ed12a3ea21a2,USR-0058,2024-01-02 15:06:00,face,0.8884,DEV-0041,New York,1,success,164,False,
df823a94-8114-4235-b5b4-aee10836a865,USR-0168,2024-01-02 15:08:00,voice,0.7218,DEV-0042,Manchester,1,success,280,False,
2911268f-3e3e-47b3-930d-a4761b5982d2,USR-0168,2024-01-02 15:10:00,fingerprint,0.7469,DEV-0015,Manchester,1,success,195,False,
00ebf725-2f1e-48dc-b4f9-02b74580a4ae,USR-0126,2024-01-02 15:11:00,keystroke_dynamics,0.8324,DEV-0007,New York,1,success,197,False,
716fda0a-45a8-4829-94e2-86e5ac8936bc,USR-0017,2024-01-02 15:29:00,voice,0.7817,DEV-0047,London,1,success,127,False,
f186e47a-a794-4320-8cf6-e8b87fd238c3,USR-0031,2024-01-02 15:35:00,fingerprint,0.7895,DEV-0006,London,1,success,174,False,
da495408-0011-4e30-a268-d92f1b757ed1,USR-0188,2024-01-02 15:37:00,voice,0.7604,DEV-0024,New York,1,success,158,False,
09e218a7-6504-45b5-9232-78bf56688530,USR-0149,2024-01-02 15:39:00,voice,0.7542,DEV-0005,New York,1,success,155,False,
17841919-3c29-49ed-b6bf-1f51f0abe316,USR-0187,2024-01-02 15:39:00,face,0.7637,DEV-0002,Manchester,1,success,243,False,
1987e6d0-9a71-41aa-8304-92b3ced89c97,USR-0128,2024-01-02 15:45:00,fingerprint,0.8161,DEV-0041,Manchester,1,success,161,False,
b417dee1-b8dc-4390-8127-8b8612ea7890,USR-0154,2024-01-02 15:50:00,voice,0.8806,DEV-0043,New York,1,success,119,False,
141b9098-8892-47fe-8f2e-45efabbe274a,USR-0073,2024-01-02 16:03:00,face,0.8511,DEV-0048,Manchester,1,success,158,False,
04d07f29-13e6-45fd-9c99-d366c8b62c18,USR-0086,2024-01-02 16:05:00,voice,0.7981,DEV-0040,London,1,success,275,False,
0a58f43c-5bda-4655-b06d-ca247bc6e121,USR-0055,2024-01-02 16:11:00,voice,0.7866,DEV-0011,London,1,success,174,False,
c9d6a63b-ca3c-4f5f-9bb5-c40c03cde2e3,USR-0015,2024-01-02 16:30:00,face,0.791,DEV-0034,London,1,success,242,False,
885f6e66-c2b6-42c5-ba5d-310011b7e948,USR-0002,2024-01-02 16:30:00,face,0.773,DEV-0004,New York,1,success,167,False,
ba92992e-44f8-453c-9224-6d05d3692867,USR-0045,2024-01-02 16:30:00,voice,0.6456,DEV-0008,Manchester,1,success,165,False,
7a0ffa86-5eac-415d-b274-2e763b6becb7,USR-0154,2024-01-02 16:33:00,keystroke_dynamics,0.8151,DEV-0014,New York,1,success,213,False,
cd0d4d73-ca1c-4218-819d-11c545e18b77,USR-0088,2024-01-02 16:33:00,keystroke_dynamics,0.7449,DEV-0019,London,1,success,118,False,
345e2eaf-c1fd-4581-b3ec-e6b1fcfd8547,USR-0069,2024-01-02 16:34:00,face,0.8611,DEV-0025,Manchester,1,success,174,False,
6669f679-2d78-404b-9f93-55acec8566f0,USR-0163,2024-01-02 16:37:00,fingerprint,0.8154,DEV-0045,Manchester,1,success,113,False,
3efa528c-34b6-49da-87a9-efafb92ab1b7,USR-0180,2024-01-02 16:39:00,keystroke_dynamics,0.8106,DEV-0042,London,1,success,177,False,
73557b9d-0fd6-447e-b52d-4af2269ed4c9,USR-0019,2024-01-02 16:40:00,keystroke_dynamics,0.8535,DEV-0043,Manchester,1,success,183,False,
06b81c8a-03f9-474d-885d-5d016a2062aa,USR-0134,2024-01-02 16:46:00,face,0.8998,DEV-0049,New York,1,success,112,False,
86c2ad8f-bb36-47b0-baed-6f49245fd841,USR-0076,2024-01-02 16:48:00,face,0.7745,DEV-0033,London,1,success,140,False,
851b9860-31e6-4645-853f-4f7e96b6a287,USR-0077,2024-01-02 16:49:00,keystroke_dynamics,0.7971,DEV-0004,Manchester,1,success,100,False,
2541f181-f29e-425b-bed0-4e680d250730,USR-0199,2024-01-02 17:01:00,face,0.7761,DEV-0046,Manchester,1,success,130,False,
e0527739-4d40-4f1b-bca5-be2952171bf3,USR-0030,2024-01-02 17:06:00,fingerprint,0.8102,DEV-0004,Manchester,1,success,150,False,
fdf1d205-b6ec-484e-b3a2-dc1d0f916e97,USR-0149,2024-01-02 17:11:00,face,0.8975,DEV-0015,New York,1,success,192,False,
ecfbc936-2012-4ebb-bc9b-519ad3a81c4f,USR-0151,2024-01-02 17:13:00,fingerprint,0.8825,DEV-0018,New York,1,success,189,False,
a46b6fce-e78d-447c-bd87-703472173fa3,USR-0053,2024-01-02 17:15:00,face,0.8808,DEV-0016,Manchester,1,success,173,False,
673ba8bd-c38c-4dec-9da3-9a73ba3df7ff,USR-0024,2024-01-02 17:19:00,voice,0.7965,DEV-0012,London,1,success,143,False,
d4e20134-389a-44fd-80dd-b3862790e92f,USR-0086,2024-01-02 17:19:00,fingerprint,0.7021,DEV-0035,London,1,success,156,False,
7a4a902f-21d6-4b0f-b1ac-040d6c1cc405,USR-0037,2024-01-02 17:22:00,voice,0.802,DEV-0031,Manchester,1,success,177,False,
88f4ca54-1584-484b-acdc-1cc03fa60025,USR-0161,2024-01-02 17:22:00,keystroke_dynamics,0.8994,DEV-0049,Manchester,1,success,178,False,
e7f2418a-953f-4fd4-a069-4b6d04b51c12,USR-0068,2024-01-02 17:24:00,keystroke_dynamics,0.8804,DEV-0048,London,1,success,200,False,
de9e3757-5260-401e-aecf-67d2749176f4,USR-0012,2024-01-02 17:30:00,voice,0.8088,DEV-0036,New York,1,success,162,False,
3fd8027f-e755-4655-9916-2e44b0a17621,USR-0181,2024-01-02 17:31:00,keystroke_dynamics,0.908,DEV-0001,Manchester,1,success,148,False,
a08ba0ef-5ddc-46f0-b444-10e5b95c1eda,USR-0161,2024-01-02 17:35:00,keystroke_dynamics,0.8994,DEV-0049,Berlin,1,success,178,True,geo_jump
7aa1219a-7a93-48bb-acdb-d5f27b44acd0,USR-0056,2024-01-02 17:39:00,keystroke_dynamics,0.8032,DEV-0021,New York,1,success,128,False,
78b2b549-3bdb-409e-acc2-16a01bbc91f7,USR-0014,2024-01-02 17:49:00,voice,0.8146,DEV-0042,London,1,success,237,False,
6553b15f-1ea1-4b0f-95ae-b18b46ae7e06,USR-0064,2024-01-02 17:50:00,voice,0.8488,DEV-0009,New York,1,success,239,False,
8208fd42-209c-44a5-931e-1d4d9abc9859,USR-0073,2024-01-02 17:52:00,fingerprint,0.808,DEV-0023,Manchester,1,success,194,False,
2fe938e4-427b-4ffb-9ca1-adcc9cdf0664,USR-0060,2024-01-02 17:56:00,keystroke_dynamics,0.8679,DEV-0048,New York,1,success,105,False,
0b73a040-b7e3-4615-8a5a-5d575a742a53,USR-0149,2024-01-02 17:57:00,keystroke_dynamics,0.82,DEV-0044,New York,1,success,227,False,
459f5497-abd6-4d74-863f-ec11446cc0d6,USR-0190,2024-01-02 17:58:00,fingerprint,0.8832,DEV-0049,London,1,success,160,False,
2fd6129a-82e0-4d39-bab0-08df2709f5b2,USR-0123,2024-01-02 18:04:00,keystroke_dynamics,0.7959,DEV-0009,London,1,success,208,False,
0bc57207-3e9a-4c86-8325-4fbddce8e1c5,USR-0039,2024-01-02 18:04:00,voice,0.8287,DEV-0005,Manchester,1,success,180,False,
7f8736f1-93f3-4702-81e6-ee9a9ac55023,USR-0075,2024-01-02 18:06:00,fingerprint,0.8994,DEV-0031,London,1,success,173,False,
03aa96d2-2ea2-4aec-bac2-84dd32a95261,USR-0171,2024-01-02 18:07:00,keystroke_dynamics,0.7714,DEV-0020,New York,1,success,129,False,
e09dd9e8-4348-4887-b339-3f5d8185716a,USR-0132,2024-01-02 18:10:00,voice,0.9095,DEV-0004,New York,1,success,208,False,
469ff562-8052-4405-ba84-bb5ffa6e3743,USR-0068,2024-01-02 18:11:00,face,0.7438,DEV-0017,London,1,success,206,False,
989d9d4a-e15c-4666-8797-b2c957207246,USR-0008,2024-01-02 18:23:00,face,0.8823,DEV-0029,New York,1,success,159,False,
864b789a-cd9b-49fd-a04c-57f62bb47157,USR-0155,2024-01-02 18:23:00,keystroke_dynamics,0.8842,DEV-0047,New York,1,success,171,False,
37bb3eec-4bf5-4b52-b09d-258c27a0c3d7,USR-0004,2024-01-02 18:27:00,fingerprint,0.7909,DEV-0034,Manchester,1,success,183,False,
7da2fb48-d14d-4890-b5db-ed2c3d4caf01,USR-0177,2024-01-02 18:29:00,keystroke_dynamics,0.8364,DEV-0002,Manchester,1,success,131,False,
413b48c4-ef22-4e93-8fde-a771305d9749,USR-0195,2024-01-02 18:30:00,fingerprint,0.8459,DEV-0032,Manchester,1,success,189,False,
53d509af-c2b5-4c1b-8685-38bcac17cb47,USR-0172,2024-01-02 18:30:00,keystroke_dynamics,0.9664,DEV-0032,Manchester,1,success,192,False,
01ab1df1-7cd2-4263-aea3-5df6f2193325,USR-0167,2024-01-02 18:32:00,keystroke_dynamics,0.8553,DEV-0005,London,1,success,197,False,
a2819fce-d624-4055-8c39-bd0eb25db530,USR-0111,2024-01-02 18:45:00,face,0.8626,DEV-0032,Manchester,1,success,174,False,
71414f58-db8e-435b-bc83-861eddf0a0a2,USR-0092,2024-01-02 18:45:00,voice,0.8495,DEV-0018,New York,1,success,170,False,
b0ae8f08-c31e-4bbc-b36c-b62b892e6161,USR-0009,2024-01-02 18:50:00,voice,0.9156,DEV-0030,Manchester,1,success,159,False,
1da85583-69cb-4141-9505-d99e2f7d987d,USR-0194,2024-01-02 18:51:00,voice,0.7887,DEV-0016,Manchester,1,success,150,False,
e8b77f7b-7321-4f6b-8a80-76ece5582e16,USR-0019,2024-01-02 19:00:00,keystroke_dynamics,0.8937,DEV-0009,Manchester,1,success,131,False,
77a1cf7d-6f47-46b6-81d4-2b2f0a568d1c,USR-0009,2024-01-02 19:01:00,voice,0.9156,DEV-0030,Berlin,1,success,159,True,geo_jump
a07c68c2-1ce2-4c5b-8165-53a1e4203a34,USR-0173,2024-01-02 19:18:00,face,0.8546,DEV-0040,Manchester,1,success,121,False,
b6f6dbf1-d6d4-41cc-995d-82f8ee4a9b5d,USR-0020,2024-01-02 19:23:00,fingerprint,0.8607,DEV-0007,London,1,success,160,False,
da42698b-fbc0-43a8-8708-cf0f8b490e26,USR-0157,2024-01-02 19:37:00,voice,0.7816,DEV-0025,London,1,success,200,False,
43470982-6808-4471-ac87-ae14f8505ae9,USR-0133,2024-01-02 19:41:00,voice,0.8603,DEV-0044,New York,1,success,222,False,
436ae2bb-d509-4e07-b368-d836027d3808,USR-0059,2024-01-02 19:41:00,fingerprint,0.8252,DEV-0029,Manchester,1,success,150,False,
e0099d7a-ca22-4c56-afc8-503c7dd43e50,USR-0196,2024-01-02 19:44:00,keystroke_dynamics,0.8233,DEV-0050,Manchester,1,success,142,False,
9c291269-e781-44cc-9058-e121f2aff86f,USR-0146,2024-01-02 19:45:00,voice,0.7793,DEV-0047,London,1,success,167,False,
3d0a5f0c-0c39-4ec7-9f31-74054d183eba,USR-0021,2024-01-02 19:45:00,fingerprint,0.7572,DEV-0002,Manchester,1,success,201,False,
2d56e616-130c-465b-be32-b1b41b679a64,USR-0183,2024-01-02 19:47:00,face,0.6724,DEV-0041,London,1,success,174,False,
2aa814da-56ec-4e55-aad9-e93dc3d0bde3,USR-0090,2024-01-02 20:01:00,fingerprint,0.878,DEV-0033,London,1,success,199,False,
33dcd09c-a8cc-4023-a43f-daf08a8016fe,USR-0156,2024-01-02 20:01:00,face,0.8513,DEV-0048,Manchester,1,success,96,False,
0a670143-6090-403c-9e8d-f8ad838b77ad,USR-0053,2024-01-02 20:04:00,keystroke_dynamics,0.8161,DEV-0044,Manchester,1,success,182,False,
0e9b65bb-a4d4-4431-ba38-f5a09ee08a70,USR-0132,2024-01-02 20:06:00,keystroke_dynamics,0.7241,DEV-0018,New York,1,success,239,False,
4c60b543-541b-489c-b5d9-c07c9d9363ea,USR-0123,2024-01-02 20:06:00,fingerprint,0.8132,DEV-0020,London,1,success,157,False,
00cb9caa-bbdf-4574-89b8-f7ba98a7fea2,USR-0139,2024-01-02 20:10:00,fingerprint,0.6881,DEV-0041,Manchester,1,success,230,False,
ccf3a171-56dc-4907-ba6c-34ab6712303a,USR-0003,2024-01-02 20:23:00,face,0.8066,DEV-0028,New York,1,success,208,False,
287e09f1-ded7-445e-980b-82cbd66248bf,USR-0130,2024-01-02 20:27:00,face,0.864,DEV-0028,New York,1,success,118,False,
2efcd60c-5256-4d59-857f-2f3e61a90fb1,USR-0112,2024-01-02 20:36:00,keystroke_dynamics,0.76,DEV-0036,London,1,success,145,False,
60a399d4-e821-4716-aac8-0da1de9f6f5b,USR-0030,2024-01-02 20:40:00,fingerprint,0.8876,DEV-0031,Manchester,1,success,177,False,
f33c4c36-9a69-4cad-aaab-583079cfc04f,USR-0088,2024-01-02 20:47:00,face,0.8882,DEV-0028,London,1,success,173,False,
62e7c1a6-12d2-4a06-89e1-cd138da00495,USR-0025,2024-01-02 20:49:00,face,0.8799,DEV-0009,London,1,success,162,False,
6d98567e-cb8f-4981-b6d6-682f6248953e,USR-0104,2024-01-02 20:52:00,keystroke_dynamics,0.8384,DEV-0048,Manchester,1,success,170,False,
bd29ede9-cab4-423b-b448-83858de7ad6c,USR-0019,2024-01-02 20:54:00,fingerprint,0.7004,DEV-0043,Manchester,1,success,194,False,
5f18e583-f0b6-483f-a377-f6f1d289f0ab,USR-0014,2024-01-02 20:55:00,fingerprint,0.8318,DEV-0006,London,1,success,208,False,
98d53cf5-4afc-49e8-8c47-6b726e310234,USR-0062,2024-01-02 21:02:00,keystroke_dynamics,0.8384,DEV-0021,Manchester,1,success,147,False,
4f6b58c8-598d-4aec-aaaf-e5432434a678,USR-0019,2024-01-02 21:04:00,voice,0.8433,DEV-0035,Manchester,1,success,279,False,
2ea9ef6c-4905-4b93-890a-83b4b639529e,USR-0083,2024-01-02 21:07:00,voice,0.8567,DEV-0026,New York,1,success,140,False,
ce8a5306-d243-4d1b-96bd-5e9f4e7a081e,USR-0122,2024-01-02 21:08:00,face,0.8686,DEV-0033,Manchester,1,success,189,False,
ef5e0d74-fe2e-4c0f-9c68-a6142644b6f9,USR-0182,2024-01-02 21:12:00,keystroke_dynamics,0.7771,DEV-0020,New York,1,success,178,False,
b5a6571c-4fa5-435e-90cc-460428b26b1b,USR-0045,2024-01-02 21:21:00,fingerprint,0.7507,DEV-0031,Manchester,1,success,109,False,
8b7fa47e-adc5-4fc7-a07b-f99be08c82ea,USR-0141,2024-01-02 21:27:00,face,0.8312,DEV-0017,Manchester,1,success,195,False,
2c0ca9c0-314a-4ace-8677-4ddcaad414ad,USR-0141,2024-01-02 21:27:00,face,0.4289,DEV-0017,Manchester,12,success,195,True,rapid_retry
0eb5e5a7-98f3-4640-b6a9-e3e3b62bccb1,USR-0058,2024-01-02 21:28:00,keystroke_dynamics,0.8987,DEV-0049,New York,1,success,171,False,
ec2a322b-a901-4e33-897e-f98dc25a6eb3,USR-0097,2024-01-02 21:32:00,voice,0.8459,DEV-0002,New York,1,success,151,False,
b08307e1-a9b7-41f5-a0fe-d1f372fa10f7,USR-0178,2024-01-02 21:38:00,face,0.7963,DEV-0027,New York,1,success,176,False,
321a9240-3321-4bb0-8e74-b39c92e33940,USR-0144,2024-01-02 21:46:00,face,0.8228,DEV-0036,London,1,success,159,False,
e1d55f85-6967-4586-b046-30085fa72012,USR-0062,2024-01-02 21:51:00,keystroke_dynamics,0.7842,DEV-0004,Manchester,1,success,263,False,
2e2cb850-6b17-4d75-b07a-1acbad5c3c49,USR-0092,2024-01-02 21:56:00,face,0.6578,DEV-0049,New York,1,success,193,False,
187de0c5-c39b-46de-b043-77c39e9be9e2,USR-0103,2024-01-02 21:58:00,keystroke_dynamics,0.9966,DEV-0043,London,1,success,208,False,
56516ab6-5f7e-4e7d-9d68-9315ccda78e2,USR-0037,2024-01-03 02:30:00,keystroke_dynamics,0.8474,DEV-0014,Manchester,1,success,238,True,off_hours
4a4a1b64-8c10-43d4-974a-25a0b81768f8,USR-0091,2024-01-03 04:09:00,face,0.6954,DEV-0013,New York,1,success,170,True,off_hours
ff75659e-4f3a-4530-89ed-6369ee869beb,USR-0081,2024-01-03 04:42:00,voice,0.8437,DEV-0015,Manchester,1,success,162,True,off_hours
4aeeccef-871c-4a58-9334-dce93145d4c5,USR-0111,2024-01-03 04:55:00,fingerprint,0.8026,DEV-0014,Manchester,1,success,197,True,off_hours
2686d5c6-6d59-4de7-9287-c72e39a8ab5e,USR-0169,2024-01-03 07:05:00,face,0.8786,DEV-0013,New York,1,success,187,False,
6e935615-38da-4a90-970f-ad328135f15a,USR-0067,2024-01-03 07:08:00,voice,0.8011,DEV-0032,London,1,success,142,False,
f822c3b6-cb28-49c6-a4a7-ad110027112a,USR-0191,2024-01-03 07:08:00,voice,0.7866,DEV-0048,London,1,success,200,False,
1a7167c7-6875-4545-832f-52c48e0370cf,USR-0033,2024-01-03 07:11:00,voice,0.708,DEV-0036,Manchester,1,success,220,False,
6522e8b9-8aad-4665-af30-141d3505c563,USR-0111,2024-01-03 07:12:00,fingerprint,0.8026,DEV-0014,Manchester,1,success,197,False,
c64c9647-9ea7-417c-b89f-7039a107cc46,USR-0026,2024-01-03 07:14:00,face,0.8066,DEV-0002,New York,1,success,166,False,
20156a72-12e1-43a6-932c-ae01d2c65ee4,USR-0023,2024-01-03 07:16:00,face,0.7262,DEV-0003,London,1,success,158,False,
9425fc3a-6964-4112-95fc-0f2ba50939f1,USR-0083,2024-01-03 07:17:00,fingerprint,0.8058,DEV-0022,New York,1,success,175,False,
a5e0ecfd-b96c-47ff-a5a0-f9e224f6548d,USR-0128,2024-01-03 07:17:00,fingerprint,0.5057,DEV-0008,New York,1,success,206,True,low_score_bypass
44852295-1566-4483-8526-6dc83f936724,USR-0128,2024-01-03 07:17:00,fingerprint,0.7727,DEV-0008,New York,1,success,206,False,
e581620f-dc0d-4266-8e29-ed9a0518bd4d,USR-0091,2024-01-03 07:19:00,face,0.6954,DEV-0013,New York,1,success,170,False,
56f401e5-c1e9-44fa-be47-27fdc51c91f4,USR-0059,2024-01-03 07:34:00,voice,0.8166,DEV-0025,Manchester,1,success,193,False,
0890f506-5df1-4f6f-938b-d3f88bd18d4b,USR-0075,2024-01-03 07:36:00,keystroke_dynamics,0.8075,DEV-0010,London,1,success,167,False,
b27c1721-89d4-4ce2-8f50-b59873bd980f,USR-0175,2024-01-03 07:47:00,fingerprint,0.6978,DEV-0037,London,1,success,158,False,
d972c236-db84-4c06-984d-6427adaad2f9,USR-0149,2024-01-03 07:47:00,fingerprint,0.8493,DEV-0037,Manchester,1,success,182,False,
dfc8e060-6362-4509-b919-e3be12aebb0e,USR-0132,2024-01-03 07:53:00,face,0.8115,DEV-0041,New York,1,success,192,False,
0a813e88-0df3-4a58-be83-3c05cd21fb86,USR-0195,2024-01-03 08:08:00,keystroke_dynamics,0.9814,DEV-0041,Manchester,1,success,157,False,
0d559b64-e334-4bac-9c44-ebd132df8d45,USR-0063,2024-01-03 08:09:00,face,0.7386,DEV-0013,London,1,success,188,False,
43af6c46-a46b-4932-8de8-4b635856e1fc,USR-0076,2024-01-03 08:11:00,keystroke_dynamics,0.7848,DEV-0017,London,1,success,155,False,
fde02b7a-6af0-4bbd-971f-640de41bb3b9,USR-0182,2024-01-03 08:12:00,face,0.8214,DEV-0025,New York,1,success,235,False,
3768d6aa-fd34-421e-bb59-475ec88a9a74,USR-0156,2024-01-03 08:14:00,voice,0.9096,DEV-0004,Manchester,1,success,188,False,
bf8ff33e-ee15-45cf-b5a3-7765bfacc63e,USR-0115,2024-01-03 08:16:00,voice,0.7607,DEV-0031,New York,1,success,208,False,
e94f03ec-0f40-46a2-9c33-345debc05f02,USR-0130,2024-01-03 08:16:00,fingerprint,0.8789,DEV-0045,New York,1,success,164,False,
8921349f-eccb-453b-8d22-7ff2635fa3f3,USR-0192,2024-01-03 08:16:00,face,0.9225,DEV-0028,London,1,success,216,False,
8a2e6a93-c558-4bb2-81f7-f3fb19e45c6a,USR-0019,2024-01-03 08:17:00,face,0.7834,DEV-0025,Manchester,1,success,172,False,
c79ddb62-c379-44c1-8903-94ea7d54ec82,USR-0048,2024-01-03 08:17:00,face,0.8873,DEV-0049,Manchester,1,success,272,False,
22087d01-f41c-4c7d-8319-f3694d8b876a,USR-0200,2024-01-03 08:18:00,face,0.8267,DEV-0039,Manchester,1,success,110,False,
6f94da50-e3f7-43a7-8de9-2f1b7c0224e5,USR-0080,2024-01-03 08:31:00,fingerprint,0.7815,DEV-0014,London,1,success,292,False,
cdfa76af-66eb-43b0-92d2-408eff08c739,USR-0090,2024-01-03 08:32:00,keystroke_dynamics,0.8268,DEV-0002,London,1,success,187,False,
17722cf0-f38e-4bc3-b7df-852c1779e7d0,USR-0183,2024-01-03 08:35:00,fingerprint,0.804,DEV-0041,London,1,success,214,False,
9a11ddf4-be1a-45c9-a12a-c11c21677dca,USR-0125,2024-01-03 08:36:00,face,0.7996,DEV-0015,London,1,success,218,False,
48ef30ff-3087-47b4-9c54-956f32ce93db,USR-0123,2024-01-03 08:37:00,fingerprint,0.7903,DEV-0007,London,1,success,139,False,
6a25542e-ffbd-4cdd-9d84-d303ccb03fc5,USR-0071,2024-01-03 08:46:00,face,0.8246,DEV-0006,London,1,success,159,False,
7ec469d8-6c97-44c0-a2b0-505509fff6ab,USR-0154,2024-01-03 08:56:00,voice,0.8364,DEV-0009,New York,1,success,155,False,
1cf85164-113b-476e-908c-e31e7a7a852e,USR-0129,2024-01-03 08:58:00,keystroke_dynamics,0.7994,DEV-0049,Manchester,1,success,184,False,
c4bfa424-3060-4ccf-b979-549bc44c5c78,USR-0179,2024-01-03 09:00:00,voice,0.8008,DEV-0043,New York,1,success,155,False,
17e8392a-55ce-45db-9e87-e04ca2086977,USR-0006,2024-01-03 09:00:00,keystroke_dynamics,0.8272,DEV-0029,New York,1,success,200,False,
cb35097a-e5dd-48f1-88a7-38ab0df83e12,USR-0037,2024-01-03 09:00:00,keystroke_dynamics,0.8474,DEV-0014,Manchester,1,success,238,False,
63a35592-34ef-4156-a55a-b787a292bd6c,USR-0006,2024-01-03 09:07:00,keystroke_dynamics,0.8272,DEV-0029,Berlin,1,success,200,True,geo_jump
937ca77c-b25b-4de7-9652-1e08c2f43c10,USR-0057,2024-01-03 09:08:00,fingerprint,0.7889,DEV-0013,Manchester,1,success,176,False,
c7fe8dee-0bc6-471b-b25b-76a6f89c2ef6,USR-0168,2024-01-03 09:12:00,keystroke_dynamics,0.9134,DEV-0044,Manchester,1,success,187,False,
a9f25336-83f4-49a9-88a6-39d015b52908,USR-0006,2024-01-03 09:15:00,face,0.7559,DEV-0036,New York,1,success,174,False,
84aeffbe-ae1f-4957-9f28-e41746273272,USR-0102,2024-01-03 09:16:00,keystroke_dynamics,0.7824,DEV-0013,Manchester,1,success,140,False,
dfda35b2-28b2-4f21-8d47-0ed6a6663769,USR-0036,2024-01-03 09:21:00,face,0.8813,DEV-0021,New York,1,success,263,False,
742f790e-d4be-44e4-a04d-3f5585594d77,USR-0152,2024-01-03 09:21:00,voice,0.7918,DEV-0024,Manchester,1,success,239,False,
60920068-c403-4430-a31a-9c3c0d591303,USR-0146,2024-01-03 09:26:00,fingerprint,0.8694,DEV-0025,London,1,success,217,False,
4f842010-a48f-41f1-9be4-0ba9902ad019,USR-0154,2024-01-03 09:27:00,keystroke_dynamics,0.8402,DEV-0031,New York,1,success,200,False,
5735773c-761e-4287-907c-5e53b8f6703b,USR-0107,2024-01-03 09:36:00,face,0.6908,DEV-0050,New York,1,success,178,False,
704d628f-35a7-48ab-aaed-979fb2ac4768,USR-0107,2024-01-03 09:37:00,keystroke_dynamics,0.8183,DEV-0041,New York,1,success,234,False,
5820b3f2-5989-4d6c-8d24-34f9963dc8bf,USR-0046,2024-01-03 09:38:00,face,0.8736,DEV-0032,Manchester,1,success,253,False,
fe8db353-e16b-4b8c-a3ac-d21a7387a600,USR-0168,2024-01-03 09:39:00,fingerprint,0.833,DEV-0050,Manchester,1,success,216,False,
f83811c5-4a32-4d2a-a55e-c749795235ad,USR-0083,2024-01-03 09:41:00,face,0.7313,DEV-0023,New York,1,success,246,False,
cd649aff-445f-4de1-8534-17b555c06c8e,USR-0076,2024-01-03 09:46:00,fingerprint,0.8077,DEV-0026,London,1,success,224,False,
5cb85aed-f5f6-4c97-aefb-63b11b049863,USR-0008,2024-01-03 09:48:00,face,0.6977,DEV-0044,New York,1,success,139,False,
ac9b389a-6adf-4568-b5ca-a993aacad101,USR-0053,2024-01-03 09:54:00,voice,0.7609,DEV-0038,Manchester,1,success,168,False,
534234cf-1974-4b71-a00f-7ed09248c8c8,USR-0119,2024-01-03 09:54:00,fingerprint,0.7314,DEV-0017,London,1,success,222,False,
af4afcdd-52cb-4ae0-ae18-c9b3c6da85f1,USR-0067,2024-01-03 10:03:00,face,0.8717,DEV-0014,London,1,success,190,False,
a51e01ad-7e8a-4078-93d1-06cb61004ffe,USR-0075,2024-01-03 10:08:00,keystroke_dynamics,0.9271,DEV-0049,London,1,success,180,False,
5d1ddcb7-a5a7-4280-a77f-ecc6196b58f1,USR-0097,2024-01-03 10:10:00,voice,0.8308,DEV-0047,New York,1,success,147,False,
15a905b4-08f6-4b3f-80c9-1cd8d9f8a24e,USR-0120,2024-01-03 10:10:00,keystroke_dynamics,0.9072,DEV-0043,New York,1,success,160,False,
44f4d74f-c629-4ca6-ad07-67746bc5bcd4,USR-0158,2024-01-03 10:11:00,fingerprint,0.753,DEV-0020,New York,1,success,138,False,
57f46801-69a2-4466-94c6-d16d569186b9,USR-0187,2024-01-03 10:17:00,fingerprint,0.8487,DEV-0038,Manchester,1,success,145,False,
f997f697-6fcd-4f50-a86d-e2517c98756f,USR-0075,2024-01-03 10:23:00,fingerprint,0.7734,DEV-0014,London,1,success,183,False,
133ca9cf-13f8-4789-b1e9-3b1a34b549be,USR-0138,2024-01-03 10:32:00,fingerprint,0.8818,DEV-0027,London,1,success,259,False,
3967e60a-823d-4107-9c8a-c066cb2fafa3,USR-0023,2024-01-03 10:35:00,voice,0.814,DEV-0050,London,1,success,171,False,
2e85cb21-7631-4e9d-9de9-f86322bd3388,USR-0008,2024-01-03 10:40:00,voice,0.7845,DEV-0015,New York,1,success,145,False,
a812cf1b-69b3-4bf2-9dd0-9e342b4088da,USR-0164,2024-01-03 10:44:00,voice,0.8125,DEV-0033,Manchester,1,success,137,False,
d85195ac-d3aa-4b27-90f3-2ab5df586eff,USR-0085,2024-01-03 10:58:00,face,0.832,DEV-0034,London,1,success,223,False,
a8049463-0d36-45e4-92a6-f3e62b48c6e6,USR-0076,2024-01-03 11:00:00,voice,0.7179,DEV-0049,London,1,success,157,False,
cd4c01b3-33e4-4ea9-baaa-f675b807eb46,USR-0190,2024-01-03 11:04:00,voice,0.841,DEV-0031,London,1,success,81,False,
96792482-a3c9-48e4-8d22-38e6c7bf4fbc,USR-0023,2024-01-03 11:05:00,face,0.7231,DEV-0010,London,1,success,226,False,
90a71d24-b277-4e31-8655-6f9a7692f681,USR-0192,2024-01-03 11:13:00,fingerprint,0.7803,DEV-0021,London,1,success,195,False,
2fe5b140-23ea-4956-89f1-137d7d592e19,USR-0035,2024-01-03 11:14:00,voice,0.8828,DEV-0006,New York,1,success,226,False,
f2c84743-9027-4770-a460-d0d2904883c1,USR-0042,2024-01-03 11:20:00,face,0.7761,DEV-0046,Manchester,1,success,210,False,
6fd1134e-b25a-4809-b730-e52e2922ecb0,USR-0132,2024-01-03 11:22:00,keystroke_dynamics,0.8199,DEV-0041,New York,1,success,172,False,
02bbc915-9fc9-453a-ad32-1036fa6e8103,USR-0182,2024-01-03 11:24:00,fingerprint,0.9007,DEV-0040,New York,1,success,206,False,
085b15fb-4a8f-4810-b84c-2f29980402a2,USR-0009,2024-01-03 11:28:00,keystroke_dynamics,0.8056,DEV-0032,Manchester,1,success,165,False,
60ddc7f1-2ce3-4822-9080-12b896c56fe7,USR-0043,2024-01-03 11:30:00,face,0.8759,DEV-0008,London,1,success,170,False,
42c18a62-ef48-48d5-90fd-9d3f85d51695,USR-0004,2024-01-03 11:32:00,voice,0.8503,DEV-0006,London,1,success,214,False,
9f40ce6a-07c4-48ba-b1f2-7f0fd1a9af91,USR-0177,2024-01-03 11:43:00,keystroke_dynamics,0.9621,DEV-0004,Manchester,1,success,214,False,
15ab7cd2-71b9-45c8-945d-91a5e33d6982,USR-0099,2024-01-03 11:45:00,voice,0.678,DEV-0014,New York,1,success,194,False,
d4f76322-b362-40d2-a498-8bdecd0254db,USR-0041,2024-01-03 11:49:00,keystroke_dynamics,0.7908,DEV-0021,Manchester,1,success,165,False,
a5b13afd-af2c-40ac-9539-22c05ea0942c,USR-0093,2024-01-03 11:50:00,face,0.7996,DEV-0023,Manchester,1,success,178,False,
c997f2fa-997d-4d9a-9d55-4b7d3bad3a0d,USR-0103,2024-01-03 11:57:00,face,0.7898,DEV-0042,London,1,success,227,False,
5b9facde-b409-4855-a3f2-fc26405a8f9e,USR-0145,2024-01-03 12:01:00,voice,0.7652,DEV-0038,London,1,success,208,False,
2c649adf-a998-48e1-b612-41be8b8ce7be,USR-0075,2024-01-03 12:08:00,face,0.8915,DEV-0050,London,1,success,147,False,
04860bee-8bef-4a76-8a60-1b92dc137c04,USR-0088,2024-01-03 12:10:00,voice,0.7342,DEV-0018,London,1,success,160,False,
ba388c8f-1393-49d1-a06a-187de2e6e7a6,USR-0055,2024-01-03 12:10:00,fingerprint,0.7977,DEV-0001,London,1,success,150,False,
0979f5d3-4a70-4330-bfc0-31368de6e6b3,USR-0095,2024-01-03 12:14:00,voice,0.8786,DEV-0014,London,1,success,134,False,
b4746349-49fc-4cd8-856b-ad4c4c3077c4,USR-0026,2024-01-03 12:16:00,fingerprint,0.8274,DEV-0047,New York,1,success,202,False,
1d4ff1c8-618e-42a7-8d34-dd8374629fb5,USR-0134,2024-01-03 12:18:00,keystroke_dynamics,0.7905,DEV-0007,New York,1,success,154,False,
5422ea97-e32a-4787-9824-6315ad49e072,USR-0094,2024-01-03 12:23:00,fingerprint,0.7337,DEV-0010,Manchester,1,success,170,False,
25e36ccd-dca5-44f2-91bf-c946205474fa,USR-0137,2024-01-03 12:28:00,voice,0.824,DEV-0024,New York,1,success,246,False,
9c48c830-6e89-44f4-9820-10d1f4c873a7,USR-0076,2024-01-03 12:29:00,keystroke_dynamics,0.7689,DEV-0042,London,1,success,180,False,
21da5db1-5ef3-41c2-abd7-d3f1650ad9aa,USR-0093,2024-01-03 12:31:00,fingerprint,0.8438,DEV-0015,Manchester,1,success,150,False,
850cddfd-1c3d-4e19-b745-55601fa54251,USR-0087,2024-01-03 12:35:00,fingerprint,0.8693,DEV-0024,Manchester,1,success,146,False,
5a589b67-6bc7-4635-94de-19cdbbdb4536,USR-0076,2024-01-03 12:38:00,voice,0.7877,DEV-0002,London,1,success,169,False,
37df8dfb-421a-4d96-b5f1-e04bc5fe21d6,USR-0157,2024-01-03 12:42:00,voice,0.7794,DEV-0040,London,1,success,165,False,
f5c9f459-9db1-4d5e-91a4-d796b9720eec,USR-0072,2024-01-03 12:53:00,face,0.7458,DEV-0033,Manchester,1,success,230,False,
6553b96b-ab96-4b35-a263-7d77c186cbce,USR-0188,2024-01-03 12:58:00,face,0.8942,DEV-0022,New York,1,success,158,False,
27571245-b884-4902-8897-3a4a33b636dc,USR-0125,2024-01-03 12:59:00,face,0.917,DEV-0040,London,1,success,149,False,
9826a55f-555f-4bf4-9b67-8ec1a65e883b,USR-0142,2024-01-03 13:01:00,fingerprint,0.7271,DEV-0006,Manchester,1,success,188,False,
47378190-96da-4dac-b2ff-5d2a386ecbe0,USR-0001,2024-01-03 13:06:00,voice,0.7592,DEV-0023,New York,1,success,192,False,
ef15b821-ade6-4f3c-8c2a-261d5d7233db,USR-0118,2024-01-03 13:16:00,voice,0.8577,DEV-0015,Manchester,1,success,246,False,
97feb937-a6d9-47a1-b4ec-fe8d16d1f5ca,USR-0079,2024-01-03 13:18:00,face,0.8451,DEV-0034,New York,1,success,188,False,
7e83e815-9375-4195-a5fd-72f4fbb61ff7,USR-0151,2024-01-03 13:21:00,fingerprint,0.8262,DEV-0027,New York,1,success,169,False,
5397ff39-de24-4ec5-8d6b-a0191fb8e3c2,USR-0187,2024-01-03 13:24:00,voice,0.6989,DEV-0017,Manchester,1,success,232,False,
451b4cf3-6123-4df7-b656-af7229d4beef,USR-0001,2024-01-03 13:24:00,keystroke_dynamics,0.8399,DEV-0034,New York,1,success,219,False,
d44260d2-5f11-4839-9203-7fc25366e938,USR-0149,2024-01-03 13:25:00,keystroke_dynamics,0.8602,DEV-0015,Manchester,1,success,175,False,
c69aa024-7706-4602-9e5e-a4cd1426512f,USR-0186,2024-01-03 13:25:00,face,0.7888,DEV-0001,New York,1,success,76,False,
97867b12-1328-4726-a4f4-34d6d1e91691,USR-0041,2024-01-03 13:32:00,keystroke_dynamics,0.8046,DEV-0050,Manchester,1,success,170,False,
806a29ad-f6b2-4778-be50-8d4d293a60be,USR-0131,2024-01-03 13:33:00,fingerprint,0.6687,DEV-0040,New York,1,success,185,False,
440dd09f-c2e8-4fc2-b649-6cdefca54576,USR-0116,2024-01-03 13:38:00,fingerprint,0.6317,DEV-0027,London,1,success,174,False,
276e1d67-00a0-486e-8a8d-5d5a06defca8,USR-0085,2024-01-03 13:38:00,fingerprint,0.8711,DEV-0036,London,1,success,228,False,
21f6c63d-ac20-4f11-abd3-3927586528e6,USR-0052,2024-01-03 13:44:00,fingerprint,0.8669,DEV-0005,Manchester,1,success,148,False,
9cc05b67-a19b-424a-abfc-2a47565f1491,USR-0061,2024-01-03 13:44:00,fingerprint,0.9456,DEV-0009,London,1,success,119,False,
6cd6cedf-52df-4152-88e6-cd4b4febaa0e,USR-0154,2024-01-03 13:46:00,voice,0.8973,DEV-0005,New York,1,success,206,False,
70d18e9e-e435-4335-ad4b-2c1392f0ae83,USR-0177,2024-01-03 13:46:00,voice,0.835,DEV-0016,Manchester,1,success,153,False,
f77e1ee6-0c15-4b28-8728-971988c75e8a,USR-0178,2024-01-03 13:48:00,face,0.877,DEV-0037,New York,1,success,190,False,
232e444c-de97-4f42-97d3-d848b6388b9c,USR-0154,2024-01-03 13:53:00,voice,0.8973,DEV-0005,Lagos,1,success,206,True,geo_jump
ac9ed156-f63f-4e41-ba9a-ca5e176132ed,USR-0010,2024-01-03 13:55:00,voice,0.8385,DEV-0048,New York,1,success,111,False,
b1768686-d31e-46c4-b4b0-258bcad2b7c2,USR-0191,2024-01-03 14:00:00,voice,0.8028,DEV-0001,London,1,success,186,False,
1a115f59-10d7-4164-ae8d-0018a04dac84,USR-0103,2024-01-03 14:01:00,keystroke_dynamics,0.7929,DEV-0007,London,1,success,139,False,
2b85ffb7-b29e-4126-8840-e78a35ec5514,USR-0162,2024-01-03 14:04:00,fingerprint,0.9561,DEV-0022,New York,1,success,187,False,
c986f893-6bf5-4c98-8797-2916c0e5d883,USR-0097,2024-01-03 14:15:00,voice,0.8453,DEV-0037,New York,1,success,161,False,
c194f97f-00e3-4026-95b6-de85390239d9,USR-0030,2024-01-03 14:21:00,face,0.8167,DEV-0021,Manchester,1,success,191,False,
60980b94-e05b-4892-a4bc-08cf2e904b5c,USR-0092,2024-01-03 14:22:00,voice,0.8616,DEV-0023,New York,1,success,98,False,
f4dafcc8-1a0b-4310-b97a-4dc81c31d9b9,USR-0128,2024-01-03 14:24:00,voice,0.8251,DEV-0027,New York,1,success,207,False,
5513b74f-4ffc-4c54-9b0a-31ea9dc6d783,USR-0073,2024-01-03 14:26:00,fingerprint,0.8648,DEV-0011,Manchester,1,success,193,False,
b8a6171f-1ee3-4dc4-bb04-8a8b405bfdc9,USR-0009,2024-01-03 14:28:00,voice,0.7726,DEV-0033,Manchester,1,success,198,False,
107380cb-46d9-434d-9feb-21c760b2d14b,USR-0115,2024-01-03 14:32:00,fingerprint,0.8012,DEV-0037,New York,1,success,221,False,
af001605-ae93-4319-a11f-98efdc3c423a,USR-0146,2024-01-03 14:33:00,face,0.8347,DEV-0011,London,1,success,169,False,
0c5921f8-050d-4bfe-960b-f603a750350e,USR-0049,2024-01-03 14:37:00,keystroke_dynamics,0.9071,DEV-0004,New York,1,success,252,False,
14e4180c-fe99-46a3-a2db-c8503c5bf3a7,USR-0020,2024-01-03 14:38:00,keystroke_dynamics,0.7799,DEV-0038,London,1,success,221,False,
85eb2b3f-aad5-4fb8-a762-b59cce9e5929,USR-0078,2024-01-03 14:40:00,fingerprint,0.9422,DEV-0014,Manchester,1,success,198,False,
debf96d3-c64a-48bf-b4aa-e84ad5382419,USR-0181,2024-01-03 14:42:00,voice,0.8362,DEV-0016,Manchester,1,success,223,False,
1e014975-080d-4370-9ad4-c20f9b4dbb90,USR-0135,2024-01-03 14:43:00,face,0.9035,DEV-0013,Manchester,1,success,171,False,
2223ab94-f157-4169-83ad-6ffdb4479e70,USR-0175,2024-01-03 14:53:00,voice,0.8154,DEV-0042,London,1,success,183,False,
b8943df8-c9ab-4a91-9674-b9e20e5995aa,USR-0078,2024-01-03 14:54:00,voice,0.8934,DEV-0014,Manchester,1,success,172,False,
650c4a03-af1f-4779-927b-a660bb335cf7,USR-0135,2024-01-03 14:55:00,face,0.9035,DEV-0013,Singapore,1,success,171,True,geo_jump
e0218caf-ba73-4a4e-86c7-1c162cfcbb3f,USR-0122,2024-01-03 14:56:00,voice,0.7381,DEV-0010,Manchester,1,success,142,False,
4d7efc8e-b68f-40dc-b18b-f53a3864bf75,USR-0148,2024-01-03 14:57:00,voice,0.8793,DEV-0014,New York,1,success,198,False,
23d26b8d-ae46-424d-91d0-5ef3a91883fc,USR-0047,2024-01-03 14:59:00,face,0.8337,DEV-0040,New York,1,success,105,False,
c1c4f618-7925-47d5-bc65-a804ee9ff73c,USR-0116,2024-01-03 15:05:00,face,0.7515,DEV-0050,London,1,success,182,False,
6af31899-014c-43a1-a5f3-d46692de0df8,USR-0081,2024-01-03 15:06:00,voice,0.8437,DEV-0015,Manchester,1,success,162,False,
3f612028-cb4a-4aa4-a520-53b68faa2da8,USR-0081,2024-01-03 15:06:00,voice,0.521,DEV-0015,Manchester,20,success,162,True,rapid_retry
93c6267d-dead-44fc-b395-26574ea12bd9,USR-0138,2024-01-03 15:15:00,face,0.7823,DEV-0045,London,1,success,97,False,
8ac35ac4-5dea-4737-bdab-3441d2c2a960,USR-0036,2024-01-03 15:18:00,voice,0.765,DEV-0008,New York,1,success,146,False,
44cca057-5c98-48f4-8636-8d129d94813f,USR-0149,2024-01-03 15:19:00,fingerprint,0.8502,DEV-0015,Manchester,1,success,228,False,
bce4808b-2b5b-4e12-a06c-e216b54a126d,USR-0081,2024-01-03 15:20:00,voice,0.8437,DEV-0015,Berlin,1,success,162,True,geo_jump
7c4a14cf-44b0-403f-8dfc-73c1e990ff49,USR-0153,2024-01-03 15:22:00,fingerprint,0.8948,DEV-0031,New York,1,success,185,False,
73a44f97-e6fa-403b-ac85-ef207db8aa1c,USR-0192,2024-01-03 15:29:00,fingerprint,0.854,DEV-0003,London,1,success,222,False,
0b45cb04-e5bc-49c0-93a6-9684036599fc,USR-0190,2024-01-03 15:30:00,face,0.7207,DEV-0034,London,1,success,199,False,
ea8b31f5-ccae-48fe-94eb-8e20af7c7d2b,USR-0072,2024-01-03 15:32:00,face,0.747,DEV-0027,Manchester,1,success,135,False,
15690641-07c4-4918-b91c-6d9dcf41c7ca,USR-0072,2024-01-03 15:32:00,face,0.428,DEV-0027,Manchester,9,success,135,True,rapid_retry
bac8f92f-4653-4bd3-b6d8-11eff388fef7,USR-0170,2024-01-03 15:33:00,voice,0.8551,DEV-0038,London,1,success,113,False,
db872c8f-0551-4102-b6ef-66e43e61d359,USR-0175,2024-01-03 15:34:00,face,0.8478,DEV-0046,London,1,success,133,False,
9d3616a1-08de-4921-a60c-b547e2280fe3,USR-0041,2024-01-03 15:34:00,fingerprint,0.7769,DEV-0012,Manchester,1,success,170,False,
01b1c626-16a4-4bfa-a032-9ee6c190b0cf,USR-0085,2024-01-03 15:36:00,face,0.72,DEV-0034,London,1,success,120,False,
6b08984b-a731-46f3-9485-39236223733d,USR-0163,2024-01-03 15:38:00,keystroke_dynamics,0.8382,DEV-0043,Manchester,1,success,156,False,
0de051a6-69ca-47d2-b644-14fd8ae769ed,USR-0011,2024-01-03 15:41:00,face,0.8496,DEV-0003,London,1,success,187,False,
38958939-9342-409f-b00a-c64c949cd8d4,USR-0035,2024-01-03 15:41:00,voice,0.8734,DEV-0014,New York,1,success,203,False,
2448ef43-1566-4d1a-ad15-420ba2bc6715,USR-0132,2024-01-03 15:41:00,face,0.6885,DEV-0005,New York,1,success,123,False,
f66c7331-a172-4ee3-83e1-847c8420e0d8,USR-0070,2024-01-03 15:46:00,voice,0.7453,DEV-0019,Manchester,1,success,189,False,
88ba1f6f-36a2-4607-9486-6e3cfd267a93,USR-0170,2024-01-03 15:47:00,voice,0.8551,DEV-0038,Singapore,1,success,113,True,geo_jump
16c8e3d7-abf0-463e-8343-8b6400b3700f,USR-0050,2024-01-03 15:48:00,fingerprint,0.8609,DEV-0045,London,1,success,185,False,
e2add909-c521-4f2d-9c45-d539c03f3538,USR-0006,2024-01-03 16:02:00,keystroke_dynamics,0.8835,DEV-0048,New York,1,success,109,False,
3ae909fe-cc82-48da-8696-f5e64944051b,USR-0012,2024-01-03 16:08:00,voice,0.835,DEV-0026,New York,1,success,243,False,
41526bff-661b-4738-97b1-6c4361a2d612,USR-0094,2024-01-03 16:18:00,keystroke_dynamics,0.8354,DEV-0038,Manchester,1,success,166,False,
fdf48930-a265-4f65-8d56-e00031456a6c,USR-0112,2024-01-03 16:23:00,keystroke_dynamics,0.9433,DEV-0031,London,1,success,185,False,
bdfdcc7b-3381-4e0d-b9ba-243a493d269e,USR-0144,2024-01-03 16:32:00,fingerprint,0.8613,DEV-0031,London,1,success,201,False,
eb680076-96f5-49cb-9e87-ad6d6db3bda5,USR-0192,2024-01-03 16:37:00,voice,0.75,DEV-0048,London,1,success,99,False,
f22fdeb8-97ca-4ad1-a6aa-78092c3b4e9c,USR-0185,2024-01-03 16:37:00,face,0.8074,DEV-0039,London,1,success,167,False,
03802b70-8d03-491e-8f8d-5238288b78b5,USR-0011,2024-01-03 16:42:00,face,0.8579,DEV-0023,London,1,success,218,False,
c1e158aa-ec96-4f27-9461-4433bbdf144c,USR-0146,2024-01-03 16:45:00,keystroke_dynamics,0.8917,DEV-0009,London,1,success,232,False,
bc9a7998-6365-4c2a-a793-cb096b271eff,USR-0048,2024-01-03 16:46:00,voice,0.8421,DEV-0050,Manchester,1,success,185,False,
4d59f68e-05ff-42f2-be54-eceb8329bd1a,USR-0154,2024-01-03 16:49:00,voice,0.7912,DEV-0022,New York,1,success,245,False,
138d8006-13a9-4a92-a816-4d181f540e96,USR-0147,2024-01-03 16:50:00,face,0.7381,DEV-0031,London,1,success,177,False,
8de1596c-5a9a-406a-96f1-42a206b919aa,USR-0033,2024-01-03 16:52:00,face,0.7789,DEV-0017,Manchester,1,success,211,False,
302b0401-efed-498b-979a-7368bd96bb0a,USR-0117,2024-01-03 16:53:00,keystroke_dynamics,0.8369,DEV-0011,New York,1,success,253,False,
8185ca84-90fc-49ed-bfba-5b2cba89c0b8,USR-0200,2024-01-03 17:07:00,keystroke_dynamics,0.7788,DEV-0031,Manchester,1,success,223,False,
c125798e-9bd6-4690-a8f9-4c8806a76b07,USR-0149,2024-01-03 17:11:00,fingerprint,0.9702,DEV-0006,Manchester,1,success,160,False,
3d85de89-c217-4429-8e20-07247d137018,USR-0008,2024-01-03 17:13:00,fingerprint,0.8722,DEV-0004,New York,1,success,234,False,
87cb0e2a-2528-4a1b-833b-66fc797eb3e4,USR-0076,2024-01-03 17:26:00,keystroke_dynamics,0.8262,DEV-0017,London,1,success,185,False,
df4e713e-f64e-4dfc-bfbe-ac7aefc59738,USR-0027,2024-01-03 17:27:00,face,0.8772,DEV-0041,London,1,success,191,False,
64cfd9b9-050e-4961-b363-d272d0181ce6,USR-0119,2024-01-03 17:29:00,voice,0.9676,DEV-0040,London,1,success,211,False,
5cb9635c-75f7-4b07-ba49-62d177e43d33,USR-0168,2024-01-03 17:38:00,voice,0.893,DEV-0045,Manchester,1,success,151,False,
27c6cbb1-cedd-469d-b96c-9a0a3404c02a,USR-0038,2024-01-03 17:39:00,voice,0.7805,DEV-0049,Manchester,1,success,214,False,
eaadcb2f-0f89-4df6-b97a-822c15e59a0f,USR-0103,2024-01-03 17:41:00,voice,0.8345,DEV-0034,London,1,success,192,False,
9afa3fb4-e21f-4167-9404-e49287db0168,USR-0156,2024-01-03 17:42:00,keystroke_dynamics,0.8783,DEV-0029,Manchester,1,success,185,False,
0e0630cd-996d-4c50-bc04-a168652ffb49,USR-0017,2024-01-03 17:42:00,face,0.9031,DEV-0042,London,1,success,202,False,
77617d80-549f-434c-8171-f5a74148bd11,USR-0053,2024-01-03 17:48:00,keystroke_dynamics,0.7528,DEV-0030,Manchester,1,success,164,False,
c5828939-058e-489e-909d-97cddb107e7f,USR-0066,2024-01-03 17:48:00,fingerprint,0.807,DEV-0044,London,1,success,217,False,
3ed8c56c-da09-4fa0-9282-8d8044b591f7,USR-0008,2024-01-03 17:52:00,keystroke_dynamics,0.8403,DEV-0045,New York,1,success,163,False,
e0354d75-a90d-45ad-8c8f-e6ceb69f627c,USR-0097,2024-01-03 18:04:00,fingerprint,0.816,DEV-0036,New York,1,success,137,False,
a8aa454e-cf76-470a-bff2-e80a027a76dc,USR-0107,2024-01-03 18:05:00,fingerprint,0.7692,DEV-0028,New York,1,success,204,False,
ec78342e-f52d-42cc-b02d-8d1fa555dfa1,USR-0186,2024-01-03 18:12:00,voice,0.7223,DEV-0037,New York,1,success,109,False,
a2cd1590-58af-493c-8aa2-b4c93ba5bd76,USR-0040,2024-01-03 18:20:00,keystroke_dynamics,0.9253,DEV-0012,New York,1,success,242,False,
f143262f-dc5c-4eed-8da0-365bf89897b9,USR-0001,2024-01-03 18:40:00,fingerprint,0.8203,DEV-0015,New York,1,success,170,False,
e171582b-9ec7-4199-964d-ce39b047824a,USR-0192,2024-01-03 18:46:00,face,0.9313,DEV-0018,London,1,success,195,False,
d2f629ca-bbe2-47ba-b84a-996719ef13bf,USR-0139,2024-01-03 18:52:00,voice,0.8951,DEV-0011,Manchester,1,success,225,False,
4269f091-eaed-4ed7-b06f-bb0f49d9bf73,USR-0152,2024-01-03 18:53:00,voice,0.8286,DEV-0043,Manchester,1,success,203,False,
28874d02-fb54-45ba-8255-b13b46e32efc,USR-0143,2024-01-03 18:55:00,keystroke_dynamics,0.8563,DEV-0029,New York,1,success,198,False,
d8842354-7613-4f44-ba88-f16259f8068e,USR-0073,2024-01-03 18:56:00,voice,0.8125,DEV-0047,Manchester,1,success,180,False,
698f546d-5f29-4290-9848-5a54531c8812,USR-0066,2024-01-03 19:06:00,voice,0.786,DEV-0027,London,1,success,213,False,
86e5edf4-6bfd-4189-b705-10f894ba0d7c,USR-0129,2024-01-03 19:07:00,voice,0.8835,DEV-0007,Manchester,1,success,183,False,
79eae461-0751-4daa-844a-2a482fe12ed8,USR-0138,2024-01-03 19:07:00,fingerprint,0.7317,DEV-0029,London,1,success,209,False,
9794b389-37c2-4f27-9267-e7e628f5f5c2,USR-0126,2024-01-03 19:10:00,face,0.8454,DEV-0005,New York,1,success,115,False,
db23aa8c-3bca-4f85-a20a-60ac9261549d,USR-0012,2024-01-03 19:10:00,voice,0.8819,DEV-0029,New York,1,success,120,False,
e5865a54-7e1e-45dd-adb4-f81c8a55b7c4,USR-0126,2024-01-03 19:16:00,face,0.8454,DEV-0005,Lagos,1,success,115,True,geo_jump
5f88fe99-a014-4ab9-a755-e34c4e5a4392,USR-0170,2024-01-03 19:17:00,fingerprint,0.8135,DEV-0001,London,1,success,175,False,
4c6f9a45-8192-4f8f-9fed-7603fadc9704,USR-0120,2024-01-03 19:20:00,fingerprint,0.7767,DEV-0028,New York,1,success,185,False,
bdf68eb0-c7e7-4797-b73c-91ca82c3892b,USR-0150,2024-01-03 19:22:00,face,0.7306,DEV-0015,New York,1,success,185,False,
6aa0426d-f7c0-45f7-a9a5-3b4f8ff8869d,USR-0030,2024-01-03 19:32:00,fingerprint,0.928,DEV-0047,Manchester,1,success,229,False,
74300ccc-03fd-4d08-8b73-361fccbeb6db,USR-0141,2024-01-03 19:33:00,face,0.8552,DEV-0045,Manchester,1,success,180,False,
63300ee1-0aaa-4c51-9cd9-7b172f51270f,USR-0188,2024-01-03 19:33:00,fingerprint,0.83,DEV-0030,New York,1,success,229,False,
960f96d9-051b-4698-8463-299a2ba321ef,USR-0181,2024-01-03 19:34:00,fingerprint,0.8715,DEV-0044,Manchester,1,success,194,False,
897e2ce5-4fe3-4b6d-befc-5196512b4c10,USR-0141,2024-01-03 19:42:00,face,0.8552,DEV-0045,Berlin,1,success,180,True,geo_jump
6e52b671-bba8-47e5-89d0-aac1a78eb37c,USR-0115,2024-01-03 19:42:00,face,0.8332,DEV-0038,New York,1,success,165,False,
35ba5e93-bfc7-4282-b92c-8a723a17d79a,USR-0107,2024-01-03 19:42:00,voice,0.7549,DEV-0033,New York,1,success,181,False,
90ebba12-9412-4a0f-9a1d-3dab54c5f266,USR-0104,2024-01-03 19:44:00,fingerprint,0.7075,DEV-0016,Manchester,1,success,227,False,
30afe613-9dc4-4583-838e-f7af67ccfa38,USR-0122,2024-01-03 19:49:00,voice,0.8313,DEV-0012,Manchester,1,success,145,False,
562e121f-e5fa-455d-9320-8f77e5bdbb3e,USR-0151,2024-01-03 19:55:00,face,0.8351,DEV-0008,New York,1,success,203,False,
0dd7cac2-8a10-45c5-b4b0-738e3e040782,USR-0112,2024-01-03 19:56:00,voice,0.7665,DEV-0046,London,1,success,182,False,
209ebc46-44b6-4c9e-8904-59d78c69e2e8,USR-0195,2024-01-03 19:59:00,face,0.8967,DEV-0028,Manchester,1,success,165,False,
df495037-b40a-4181-ac09-bdb799086e47,USR-0030,2024-01-03 20:02:00,voice,0.7824,DEV-0019,Manchester,1,success,214,False,
d8867545-5025-4c18-95fb-f5dccabaef3c,USR-0107,2024-01-03 20:04:00,fingerprint,0.7863,DEV-0047,New York,1,success,122,False,
40a26c60-0d27-4659-b72a-da9b2f32751e,USR-0009,2024-01-03 20:05:00,fingerprint,0.9309,DEV-0028,Manchester,1,success,225,False,
e2ba9fce-aebb-4f9c-8a35-653cf57a431e,USR-0053,2024-01-03 20:19:00,fingerprint,0.8091,DEV-0022,Manchester,1,success,175,False,
e15680e9-ec06-4d73-b84e-2f114b523dc2,USR-0155,2024-01-03 20:20:00,voice,0.8068,DEV-0034,New York,1,success,189,False,
6db99102-a48b-4dbe-957d-94a106f028ff,USR-0007,2024-01-03 20:21:00,keystroke_dynamics,0.781,DEV-0021,London,1,success,160,False,
bccb296d-3bf5-400a-a82e-25e3d2832c0d,USR-0152,2024-01-03 20:21:00,face,0.5426,DEV-0049,Manchester,18,success,180,True,rapid_retry
7e45fee4-6ea8-4b32-a38d-9fb071c487bc,USR-0152,2024-01-03 20:21:00,face,0.8919,DEV-0049,Manchester,1,success,180,False,
55525e11-b469-4821-87ca-7ddc171acd35,USR-0153,2024-01-03 20:31:00,keystroke_dynamics,0.7523,DEV-0046,New York,1,success,230,False,
1a9b0d42-154f-437d-befa-c198c3d6cd54,USR-0061,2024-01-03 20:39:00,voice,0.8497,DEV-0046,London,1,success,195,False,
4878917a-282d-44a3-8ad3-33617c226735,USR-0154,2024-01-03 20:41:00,fingerprint,0.7364,DEV-0035,New York,1,success,187,False,
c22c9037-703a-4746-a22f-38841f9071b1,USR-0200,2024-01-03 20:44:00,voice,0.7818,DEV-0031,Manchester,1,success,186,False,
ec2c4f79-d249-48d2-800d-f7649d46ea9a,USR-0200,2024-01-03 20:44:00,voice,0.4405,DEV-0031,Manchester,1,success,186,True,low_score_bypass
a3595d1f-7fe4-442e-bdb7-88a61cdcc4c2,USR-0038,2024-01-03 20:48:00,face,0.825,DEV-0004,Manchester,1,success,236,False,
e27718c5-737d-4fb6-9113-76e038d77b9a,USR-0020,2024-01-03 20:54:00,keystroke_dynamics,0.8096,DEV-0044,London,1,success,248,False,
11b461e9-b15d-472d-94ce-e27c4a94ae9f,USR-0033,2024-01-03 21:01:00,fingerprint,0.7702,DEV-0038,Manchester,1,success,200,False,
1d53434b-b881-49b9-ae27-0da702f06b90,USR-0001,2024-01-03 21:02:00,voice,0.7351,DEV-0005,New York,1,success,163,False,
21d8b96a-62ad-4157-a0d2-759a3ad51382,USR-0057,2024-01-03 21:02:00,fingerprint,0.8532,DEV-0033,Manchester,1,success,158,False,
4648bbe8-f84c-47a9-b6cf-d2d52cd6e8df,USR-0091,2024-01-03 21:03:00,face,0.8185,DEV-0033,New York,1,success,123,False,
1f79260c-9020-4de2-a0b2-55bf67ba189d,USR-0091,2024-01-03 21:03:00,face,0.4723,DEV-0033,New York,20,success,123,True,rapid_retry
a99c37b3-a419-4fe4-85db-19d7cfbf3d39,USR-0111,2024-01-03 21:04:00,face,0.7821,DEV-0010,Manchester,1,success,203,False,
a5b01639-0895-4db1-85e5-26e19b559178,USR-0156,2024-01-03 21:11:00,face,0.7257,DEV-0048,Manchester,1,success,167,False,
6f2e92b9-d130-42db-a13a-14ca5911f42e,USR-0067,2024-01-03 21:13:00,keystroke_dynamics,0.7792,DEV-0020,London,1,success,63,False,
b4f7af31-1fe8-4be4-a3ba-b56cdb2bfd4f,USR-0164,2024-01-03 21:21:00,keystroke_dynamics,0.4155,DEV-0014,Manchester,1,success,134,True,low_score_bypass
946e8ec2-d342-4e50-8208-62274333240a,USR-0164,2024-01-03 21:21:00,keystroke_dynamics,0.8052,DEV-0014,Manchester,1,success,134,False,
edabddab-7dcc-4026-a7df-30b2356fdc0a,USR-0065,2024-01-03 21:24:00,voice,0.8645,DEV-0014,Manchester,1,success,154,False,
4d560a3d-f4e7-469a-a454-09374a27ebf2,USR-0024,2024-01-03 21:29:00,voice,0.7944,DEV-0050,London,1,success,225,False,
5953ff90-17ef-4203-ab4d-738c7657e37c,USR-0132,2024-01-03 21:31:00,face,0.9025,DEV-0007,New York,1,success,163,False,
47198f5c-f69b-4596-bf10-938caec7f267,USR-0091,2024-01-03 21:38:00,face,0.827,DEV-0011,New York,1,success,128,False,
75863743-9174-4c0b-aeb7-4413454f3fbf,USR-0195,2024-01-03 21:39:00,fingerprint,0.7705,DEV-0016,Manchester,1,success,210,False,
daac1277-be73-41e9-9e16-a0ea71a6de48,USR-0170,2024-01-03 21:39:00,keystroke_dynamics,0.7405,DEV-0027,London,1,success,264,False,
0f844fef-1931-49ee-a56c-0941fbf24050,USR-0003,2024-01-03 21:44:00,face,0.7557,DEV-0035,New York,1,success,199,False,
ef7cef26-3c66-4012-be74-1860bf957403,USR-0091,2024-01-03 21:51:00,face,0.7891,DEV-0010,New York,1,success,174,False,
1cc0b764-b06b-4fca-96b4-05d7712dd406,USR-0083,2024-01-03 21:53:00,keystroke_dynamics,0.7361,DEV-0025,New York,1,success,119,False,
5f89ed12-64d6-4fbf-98c0-1e2bf99f0704,USR-0025,2024-01-03 21:54:00,voice,0.7921,DEV-0008,London,1,success,188,False,
a54680ad-8107-45f3-aa0c-e0e1cb70c67b,USR-0088,2024-01-04 02:38:00,voice,0.9575,DEV-0013,London,1,success,254,True,off_hours
a396fc57-8c76-460f-b109-e9718ad57402,USR-0103,2024-01-04 02:48:00,fingerprint,0.8485,DEV-0022,London,1,success,208,True,off_hours
ab1f5666-f52a-42c4-81fb-0bf53e8a1072,USR-0045,2024-01-04 04:13:00,face,0.8825,DEV-0020,Manchester,1,success,203,True,off_hours
3b195b02-0a4a-440d-b608-90b921e8265a,USR-0100,2024-01-04 04:53:00,keystroke_dynamics,0.8214,DEV-0015,New York,1,success,204,True,off_hours
665ec4dd-222e-4711-af6d-5b4bc356dee2,USR-0160,2024-01-04 07:04:00,face,0.9199,DEV-0010,Manchester,1,success,172,False,
7de1936b-d0fe-44f1-ab1c-2d3dfcadb3fd,USR-0115,2024-01-04 07:10:00,fingerprint,0.7643,DEV-0037,New York,1,success,159,False,
3b9b2d45-a350-45e4-b9c5-9df987f255d6,USR-0027,2024-01-04 07:13:00,face,0.9341,DEV-0041,London,1,success,177,False,
752caa97-b60d-46a3-bc19-8515208b326a,USR-0098,2024-01-04 07:22:00,face,0.8386,DEV-0006,London,1,success,134,False,
87d2e18f-dc24-4f84-9019-19b726da7a1c,USR-0172,2024-01-04 07:29:00,face,0.8402,DEV-0004,Manchester,1,success,198,False,
5209eaab-39b6-410e-82c9-6b28beb96a4a,USR-0082,2024-01-04 07:31:00,voice,0.8117,DEV-0001,Manchester,1,success,203,False,
dabf984e-53ff-4461-aa1f-1b61265cb9d9,USR-0029,2024-01-04 07:32:00,voice,0.8583,DEV-0036,London,1,success,200,False,
44d18524-cf0e-4567-882d-7fc1be3074f8,USR-0062,2024-01-04 07:38:00,fingerprint,0.8294,DEV-0038,New York,1,success,187,False,
f480ada5-e68c-4348-9046-e3dfddfef849,USR-0091,2024-01-04 07:39:00,keystroke_dynamics,0.7011,DEV-0039,New York,1,success,120,False,
7942000a-cf24-4413-95b6-54383ecd0888,USR-0097,2024-01-04 07:40:00,voice,0.7453,DEV-0018,New York,1,success,197,False,
f4188f3f-8a14-4e62-a95b-4715c333e861,USR-0002,2024-01-04 07:41:00,fingerprint,0.8675,DEV-0006,New York,1,success,143,False,
dfae1803-93d7-47e7-a392-3df45fec59ac,USR-0107,2024-01-04 07:45:00,face,0.7576,DEV-0013,New York,1,success,212,False,
0463aa5e-222c-4fd2-a7a1-66d270293dbb,USR-0107,2024-01-04 07:45:00,face,0.3869,DEV-0013,New York,1,success,212,True,low_score_bypass
2dc58521-29c2-41f9-beeb-f53978731a4e,USR-0167,2024-01-04 07:51:00,voice,1.0,DEV-0021,London,1,success,174,False,
956abfdf-bf4e-4e46-9204-79cedba0c89e,USR-0082,2024-01-04 07:52:00,fingerprint,0.7823,DEV-0037,Manchester,1,success,183,False,
e92915a3-85cd-44bf-901c-93a3b1f22be5,USR-0120,2024-01-04 08:05:00,fingerprint,0.8087,DEV-0010,Manchester,1,success,213,False,
b5103e9c-8618-440d-95d6-a6585ce9dbbc,USR-0070,2024-01-04 08:05:00,fingerprint,0.8361,DEV-0032,Manchester,1,success,147,False,
71ab4711-6279-4a6e-a1f1-4c98dcdeadc8,USR-0148,2024-01-04 08:06:00,keystroke_dynamics,0.7782,DEV-0050,New York,1,success,254,False,
250487e4-ada5-47e3-a85d-81db9620ed14,USR-0104,2024-01-04 08:10:00,keystroke_dynamics,0.7415,DEV-0005,Manchester,1,success,166,False,
4008d4da-a819-413d-84fa-84a427d764ce,USR-0123,2024-01-04 08:16:00,voice,0.8829,DEV-0021,London,1,success,146,False,
9364ecb5-db29-420a-8886-b7c6a4c755b0,USR-0137,2024-01-04 08:18:00,fingerprint,0.7617,DEV-0036,New York,1,success,183,False,
df1e04cb-ca34-4e3c-af58-9a8167c5b29b,USR-0082,2024-01-04 08:19:00,voice,0.7139,DEV-0029,Manchester,1,success,194,False,
b0b862ef-6c9f-42b9-b647-8986a3917c99,USR-0012,2024-01-04 08:20:00,voice,0.8692,DEV-0020,New York,1,success,200,False,
f80443ee-c3b8-4179-a899-4c8408403234,USR-0069,2024-01-04 08:21:00,face,0.7919,DEV-0048,Manchester,1,success,149,False,
eb91d7bc-42e1-4eb9-a49d-da44191f9e05,USR-0142,2024-01-04 08:30:00,fingerprint,0.8962,DEV-0028,Manchester,1,success,130,False,
bf06d520-d88a-417b-a543-38df173d5030,USR-0086,2024-01-04 08:32:00,keystroke_dynamics,0.8933,DEV-0008,London,1,success,185,False,
6fa5f03f-e92d-4961-9e0f-d29bb7a2ab33,USR-0125,2024-01-04 08:32:00,face,0.8538,DEV-0037,London,1,success,174,False,
68b666d6-66a3-43db-8960-42b0dbe7a333,USR-0131,2024-01-04 08:38:00,face,0.7311,DEV-0001,New York,1,success,226,False,
b8db0672-f42d-47cc-80d4-af5974273ca3,USR-0001,2024-01-04 08:42:00,keystroke_dynamics,0.8355,DEV-0023,New York,1,success,177,False,
d8a5aa52-157b-4495-b22b-e4aa68208025,USR-0101,2024-01-04 08:48:00,face,0.8529,DEV-0024,Manchester,1,success,126,False,
ec19e4eb-3f55-4740-8a2d-36a605804493,USR-0068,2024-01-04 08:49:00,keystroke_dynamics,0.8862,DEV-0034,London,1,success,169,False,
2cde9187-d1fa-42a6-860b-340cf21a6f38,USR-0058,2024-01-04 08:50:00,fingerprint,0.8716,DEV-0036,New York,1,success,183,False,
8188de48-719b-4dd6-97b4-e75be9d18ec2,USR-0072,2024-01-04 08:50:00,fingerprint,0.8251,DEV-0009,Manchester,1,success,137,False,
6b0ffa79-3113-413a-a0b9-98300b373468,USR-0125,2024-01-04 08:51:00,voice,0.8886,DEV-0039,London,1,success,187,False,
371e7782-5e38-4274-8db4-a7fa18e43d85,USR-0189,2024-01-04 09:07:00,fingerprint,0.8812,DEV-0041,Manchester,1,success,201,False,
8e676a01-d86a-4460-99a1-120e1bb43332,USR-0016,2024-01-04 09:08:00,keystroke_dynamics,0.829,DEV-0021,New York,1,success,194,False,
4fa87a65-00d3-4021-b0eb-453ed67df90d,USR-0157,2024-01-04 09:11:00,face,0.7786,DEV-0032,London,1,success,152,False,
5d0b042d-e9b1-4c76-820f-beef9defeab9,USR-0073,2024-01-04 09:14:00,fingerprint,0.774,DEV-0035,Manchester,1,success,134,False,
7c45d65d-b517-48ef-9b21-3e3143c2181f,USR-0174,2024-01-04 09:15:00,keystroke_dynamics,0.7377,DEV-0026,London,1,success,243,False,
2cd94cbb-c19a-458c-835b-1c8c0a4c9f7f,USR-0010,2024-01-04 09:16:00,face,0.7876,DEV-0012,New York,1,success,148,False,
7b90942f-973b-4977-a946-28206a80cac2,USR-0051,2024-01-04 09:17:00,fingerprint,0.6442,DEV-0045,London,1,success,262,False,
1a89b71e-a0d5-42c8-a837-fe68bba205ca,USR-0021,2024-01-04 09:23:00,face,0.8716,DEV-0033,Manchester,1,success,156,False,
a2ed50b9-de4c-48bc-9bf4-3b9f9fda15ac,USR-0115,2024-01-04 09:24:00,fingerprint,0.8967,DEV-0010,New York,1,success,202,False,
3b8ede31-e614-45dd-9251-d645cb94cf8d,USR-0137,2024-01-04 09:25:00,fingerprint,0.7465,DEV-0041,New York,1,success,144,False,
df3334c6-9823-4b06-991e-a7e6afe2a940,USR-0072,2024-01-04 09:25:00,fingerprint,0.844,DEV-0018,Manchester,1,success,188,False,
750d112e-8164-4eec-a4ab-851bf1fac6e7,USR-0024,2024-01-04 09:28:00,keystroke_dynamics,0.7596,DEV-0021,Manchester,1,success,225,False,
3e0c5ec5-df74-4fb5-95e6-162f8efadaa1,USR-0138,2024-01-04 09:37:00,fingerprint,0.9309,DEV-0047,Manchester,1,success,227,False,
6e3cdd4f-55b1-45e4-b0b2-7304545cd88d,USR-0033,2024-01-04 09:42:00,fingerprint,0.8608,DEV-0049,Manchester,1,success,227,False,
ca4e5cc5-995d-455b-b662-8c4e445d9a87,USR-0162,2024-01-04 09:44:00,fingerprint,0.7405,DEV-0001,New York,1,success,233,False,
ba52dbf2-f551-4cd0-b278-0c3be412b716,USR-0185,2024-01-04 09:45:00,fingerprint,0.7584,DEV-0043,London,1,success,186,False,
257c54bc-4024-4424-aef2-ab2f495fa2fc,USR-0053,2024-01-04 09:53:00,voice,0.8558,DEV-0025,Manchester,1,success,154,False,
cd6c78dd-d74f-4844-a50e-a3ec11d1e7d5,USR-0088,2024-01-04 09:55:00,fingerprint,0.7719,DEV-0028,London,1,success,134,False,
b1420898-998a-45a8-b7a7-aed0fb5f5290,USR-0104,2024-01-04 10:02:00,keystroke_dynamics,0.7975,DEV-0012,Manchester,1,success,207,False,
77ff3c31-c1f3-4837-8d78-3178c935a278,USR-0107,2024-01-04 10:04:00,face,0.7759,DEV-0024,New York,1,success,124,False,
f4ca6e70-74b7-49ec-88cd-42c05a66219e,USR-0083,2024-01-04 10:13:00,fingerprint,0.7647,DEV-0031,New York,1,success,157,False,
97f971d5-94f8-4e6c-8416-c07cb6a787b1,USR-0088,2024-01-04 10:19:00,keystroke_dynamics,0.8286,DEV-0022,London,1,success,214,False,
171603b1-7466-4e6f-a1ee-b1f133b1d0dc,USR-0070,2024-01-04 10:25:00,keystroke_dynamics,0.8603,DEV-0020,Manchester,1,success,204,False,
966b91e7-c435-4e28-8b0c-17099569f8cb,USR-0135,2024-01-04 10:31:00,voice,0.7714,DEV-0009,Manchester,1,success,138,False,
2da6b974-47ad-41dd-b768-b54abb0c686a,USR-0156,2024-01-04 10:46:00,keystroke_dynamics,0.7947,DEV-0022,Manchester,1,success,230,False,
b9a3773d-d283-4904-940b-f9dc65fd5412,USR-0164,2024-01-04 10:46:00,keystroke_dynamics,0.7718,DEV-0003,Manchester,1,success,161,False,
aa5ca8cd-1f83-4b8d-abac-8660e5c345fc,USR-0117,2024-01-04 10:54:00,keystroke_dynamics,0.8864,DEV-0015,New York,1,success,196,False,
ab0e664e-9c3e-42d5-91e1-aa9676f72255,USR-0008,2024-01-04 10:56:00,face,0.7924,DEV-0025,New York,1,success,146,False,
9860f848-a74b-4973-b949-54dbfb2cef68,USR-0167,2024-01-04 10:59:00,face,0.8336,DEV-0031,London,1,success,231,False,
0840405a-ffd2-4491-9ff3-89aa4c36a70c,USR-0036,2024-01-04 11:04:00,keystroke_dynamics,0.8246,DEV-0041,New York,1,success,209,False,
fffcd743-e3f1-4406-a31d-9c8be0f0fe79,USR-0069,2024-01-04 11:04:00,voice,0.7603,DEV-0002,Manchester,1,success,189,False,
1ecadf24-f0d1-4a72-8b2c-7b1df5418b22,USR-0177,2024-01-04 11:14:00,keystroke_dynamics,0.869,DEV-0033,Manchester,1,success,227,False,
781799ff-b49e-44cc-8243-69e72387eaf6,USR-0020,2024-01-04 11:14:00,face,0.8219,DEV-0029,London,1,success,149,False,
ae34097a-c6ac-41e7-93e1-4d832f8af5db,USR-0192,2024-01-04 11:18:00,fingerprint,0.7237,DEV-0040,London,1,success,186,False,
13106665-aec2-4b19-bbc3-98d82d6bc882,USR-0053,2024-01-04 11:31:00,keystroke_dynamics,0.8818,DEV-0015,Manchester,1,success,214,False,
43b9da13-ec85-4f37-bbc1-a987aff8754d,USR-0009,2024-01-04 11:43:00,keystroke_dynamics,0.7551,DEV-0034,Manchester,1,success,204,False,
61a73056-5114-4a97-89cb-c14823b1d124,USR-0185,2024-01-04 11:44:00,fingerprint,0.6846,DEV-0005,London,1,success,244,False,
402913ec-9ef2-493e-b0ac-7d7ba2f963a3,USR-0013,2024-01-04 11:49:00,voice,0.8565,DEV-0046,New York,1,success,187,False,
004f5362-244f-4ce3-aa50-18b5d623c671,USR-0128,2024-01-04 11:49:00,voice,0.8954,DEV-0006,Manchester,1,success,227,False,
95a15905-591c-44b6-94aa-600af487a21f,USR-0143,2024-01-04 11:53:00,keystroke_dynamics,0.8951,DEV-0044,New York,1,success,216,False,
00231f70-0a77-45cc-ae87-46510c2ca7fa,USR-0124,2024-01-04 11:55:00,voice,0.7969,DEV-0048,London,1,success,149,False,
e212f7e1-8f63-42bb-ae41-115540bf6f6b,USR-0102,2024-01-04 12:05:00,fingerprint,0.938,DEV-0026,New York,1,success,178,False,
6ddd5c02-d213-4565-aa94-a1d43f529dae,USR-0123,2024-01-04 12:13:00,keystroke_dynamics,0.8938,DEV-0010,London,1,success,201,False,
d92f3c1e-df70-4b2a-b8bb-22a5eba742d2,USR-0026,2024-01-04 12:19:00,voice,0.7644,DEV-0009,New York,1,success,189,False,
a46acc9a-9861-4260-9869-c755e85c1ec9,USR-0067,2024-01-04 12:20:00,face,0.78,DEV-0001,London,1,success,150,False,
2ebfaf4c-8135-42e7-b8c0-0141ddf194d4,USR-0171,2024-01-04 12:23:00,voice,0.8058,DEV-0010,New York,1,success,221,False,
48ca7651-92f5-4f7b-8323-d342df6a8f93,USR-0009,2024-01-04 12:27:00,voice,0.6582,DEV-0043,Manchester,1,success,177,False,
efb56207-ddec-440b-afe3-af13891778e8,USR-0045,2024-01-04 12:30:00,keystroke_dynamics,0.776,DEV-0011,Manchester,1,success,252,False,
d3f63623-39b0-4426-b007-1d3b5c99d8ab,USR-0194,2024-01-04 12:30:00,fingerprint,0.8416,DEV-0011,Manchester,1,success,170,False,
db19de67-bc3a-4abb-a5aa-9765a8d3bb7d,USR-0138,2024-01-04 12:45:00,fingerprint,0.808,DEV-0030,Manchester,1,success,163,False,
154ebf91-daa2-42b4-ad69-e88c61a4b230,USR-0113,2024-01-04 12:46:00,voice,0.7483,DEV-0036,New York,1,success,139,False,
d294100f-823c-434a-bffb-d93b2b15619e,USR-0094,2024-01-04 12:46:00,fingerprint,0.7714,DEV-0035,Manchester,1,success,187,False,
d4fecf58-a1f8-45a4-8a4b-455957765dc6,USR-0191,2024-01-04 12:47:00,voice,0.808,DEV-0035,London,1,success,259,False,
766ecb15-474e-4c19-aef9-12766c006f61,USR-0003,2024-01-04 12:49:00,keystroke_dynamics,0.7932,DEV-0040,New York,1,success,214,False,
bfeef19d-b360-4faa-be6e-9d47f0c0804b,USR-0061,2024-01-04 12:52:00,keystroke_dynamics,0.7616,DEV-0039,London,1,success,208,False,
a2a5ef39-c163-4f1b-9f32-f343a562f0a0,USR-0194,2024-01-04 12:55:00,face,0.854,DEV-0044,Manchester,1,success,219,False,
6e6aa3ec-4378-4e6b-8d3d-dee3cdad54f4,USR-0175,2024-01-04 12:55:00,fingerprint,0.8767,DEV-0011,London,1,success,176,False,
c4d6afc4-4e63-44bc-89b9-f6c0a3d853ec,USR-0171,2024-01-04 12:58:00,fingerprint,0.3922,DEV-0025,New York,1,success,155,True,low_score_bypass
ff26cb58-5656-411d-965c-978aec83c4d7,USR-0171,2024-01-04 12:58:00,fingerprint,0.787,DEV-0025,New York,1,success,155,False,
e754d4c3-0298-4dd2-8c7b-34e22e07cb63,USR-0135,2024-01-04 13:03:00,face,0.7855,DEV-0046,Manchester,1,success,214,False,
f8eb51b8-5938-4971-b0f6-d8b690e65aa4,USR-0194,2024-01-04 13:06:00,face,0.865,DEV-0023,Manchester,1,success,177,False,
e648d7ae-7830-4c6c-b9eb-17974fb9ef37,USR-0171,2024-01-04 13:06:00,keystroke_dynamics,0.7045,DEV-0002,New York,1,success,209,False,
eb02c661-1dc3-4362-9691-c83a7687853e,USR-0157,2024-01-04 13:11:00,keystroke_dynamics,0.7971,DEV-0044,London,1,success,171,False,
468ebdf8-dd25-4141-b03d-01eb336fc177,USR-0171,2024-01-04 13:12:00,keystroke_dynamics,0.7045,DEV-0002,Singapore,1,success,209,True,geo_jump
7259f45b-25ca-447f-be33-ebd7e8e91639,USR-0186,2024-01-04 13:20:00,voice,0.8467,DEV-0021,New York,1,success,178,False,
afbb411a-a123-4a8c-93b7-a88612f70c97,USR-0009,2024-01-04 13:22:00,keystroke_dynamics,0.8208,DEV-0047,Manchester,1,success,179,False,
b3700e92-92f1-4a69-a74f-6635f236b2ee,USR-0176,2024-01-04 13:22:00,voice,0.7414,DEV-0019,London,1,success,199,False,
61ee411a-1bac-47a7-b386-f7a4c991603f,USR-0006,2024-01-04 13:23:00,keystroke_dynamics,0.8245,DEV-0046,New York,1,success,152,False,
a3b5cece-a446-4e72-b64c-911aa9ab364a,USR-0015,2024-01-04 13:23:00,voice,0.899,DEV-0036,London,1,success,187,False,
92ee4820-1327-4db9-abdd-439adc233c06,USR-0137,2024-01-04 13:25:00,fingerprint,0.8721,DEV-0009,New York,1,success,180,False,
b9c8ddd8-8f8d-4ef2-a397-3de4fd414341,USR-0030,2024-01-04 13:32:00,voice,0.5831,DEV-0011,Manchester,10,success,124,True,rapid_retry
7249f62c-0898-4462-980c-b95c19d45deb,USR-0030,2024-01-04 13:32:00,voice,0.7617,DEV-0011,Manchester,1,success,124,False,
6e76936a-a634-4d1a-adb6-10f4c65de86e,USR-0057,2024-01-04 13:34:00,fingerprint,0.6577,DEV-0001,Manchester,1,success,154,False,
98daae8c-f9f7-4004-adfe-874557968d64,USR-0123,2024-01-04 13:37:00,face,0.8516,DEV-0048,London,1,success,180,False,
45665e79-1a9a-4b54-a01a-5b5e592fcdc6,USR-0129,2024-01-04 13:46:00,face,0.797,DEV-0010,Manchester,1,success,155,False,
a5eea4a2-2cde-431f-9dce-8d9b5d96120d,USR-0082,2024-01-04 13:50:00,keystroke_dynamics,0.9333,DEV-0037,Manchester,1,success,173,False,
6511e61a-1436-45f5-8c81-926079ec533c,USR-0045,2024-01-04 13:52:00,fingerprint,0.834,DEV-0021,Manchester,1,success,170,False,
b190dea4-c335-49e5-9567-55f42f39f8c8,USR-0179,2024-01-04 14:03:00,face,0.9107,DEV-0027,New York,1,success,173,False,
b9163357-4b1b-4f3b-a217-a6df21939b93,USR-0096,2024-01-04 14:05:00,keystroke_dynamics,0.8199,DEV-0013,New York,1,success,158,False,
d685b08b-61aa-489d-8a7d-1de0fceae86b,USR-0173,2024-01-04 14:06:00,keystroke_dynamics,0.9411,DEV-0011,Manchester,1,success,181,False,
2323f3de-92f0-428e-892b-3dc3a937dfd6,USR-0194,2024-01-04 14:08:00,voice,0.8237,DEV-0001,Manchester,1,success,193,False,
13cdaa4c-b415-47cf-a4fe-fbbe5f7a6026,USR-0196,2024-01-04 14:08:00,face,0.7777,DEV-0001,Manchester,1,success,188,False,
84681060-743e-4fef-86a6-1b3dc86e0b55,USR-0104,2024-01-04 14:11:00,face,0.8836,DEV-0046,Manchester,1,success,157,False,
7f297630-bbca-4210-afe6-1a89d059b594,USR-0153,2024-01-04 14:12:00,face,0.917,DEV-0042,New York,1,success,153,False,
24c58b47-1609-44d1-9912-509096516ec2,USR-0085,2024-01-04 14:14:00,fingerprint,0.7407,DEV-0039,London,1,success,210,False,
accb461a-9d13-4363-9f29-4a8bd1846c39,USR-0017,2024-01-04 14:19:00,face,0.8583,DEV-0026,London,1,success,134,False,
2ad3136f-a338-47fa-b9db-138870aff6eb,USR-0076,2024-01-04 14:20:00,face,0.9743,DEV-0019,London,1,success,90,False,
a6846099-f729-4951-8591-31d2bbda0242,USR-0008,2024-01-04 14:23:00,voice,0.8396,DEV-0038,New York,1,success,171,False,
3f738f50-19a2-476f-a8dd-2bfdf956be95,USR-0042,2024-01-04 14:29:00,fingerprint,0.8285,DEV-0016,Manchester,1,success,94,False,
55273407-7cd2-492f-94b0-0f62c768b07f,USR-0048,2024-01-04 14:38:00,face,0.9257,DEV-0005,London,1,success,179,False,
781e2d35-2fa1-42bc-b4ce-5f319aff48af,USR-0183,2024-01-04 14:39:00,keystroke_dynamics,0.7623,DEV-0004,London,1,success,177,False,
fe85544c-3e85-4c67-9855-e4a0bfea3d2a,USR-0122,2024-01-04 14:42:00,voice,0.7147,DEV-0006,Manchester,1,success,198,False,
301c6abf-c773-4d46-a6e6-a84a46178161,USR-0069,2024-01-04 14:42:00,face,0.8384,DEV-0016,Manchester,1,success,170,False,
fc00814b-c70b-4b6e-8451-e56228bbecfb,USR-0163,2024-01-04 14:44:00,voice,0.8744,DEV-0027,Manchester,1,success,121,False,
25c73c44-3e75-43b4-a64f-a6637e8f8095,USR-0006,2024-01-04 14:44:00,voice,0.8587,DEV-0045,New York,1,success,234,False,
0b53d4e6-301e-4689-bffc-b3fe23593443,USR-0160,2024-01-04 14:58:00,fingerprint,0.8166,DEV-0023,Manchester,1,success,176,False,
af2537f5-9d31-462a-bb5a-bb36ce7968b7,USR-0055,2024-01-04 15:03:00,fingerprint,0.8616,DEV-0022,London,1,success,203,False,
85319f0f-ba53-4122-b4b7-96204a73b0bf,USR-0048,2024-01-04 15:06:00,voice,0.7621,DEV-0049,London,1,success,245,False,
e5c482ff-5e5a-40c1-92a4-73f94c9e903a,USR-0071,2024-01-04 15:07:00,keystroke_dynamics,0.7595,DEV-0005,London,1,success,96,False,
73dd3bc6-d064-45a8-9bd2-9cb108453b2f,USR-0053,2024-01-04 15:08:00,keystroke_dynamics,0.7997,DEV-0049,Manchester,1,success,194,False,
e6fdd7af-dd84-4acc-b672-94643f8ea40a,USR-0024,2024-01-04 15:08:00,keystroke_dynamics,0.8088,DEV-0005,Manchester,1,success,219,False,
ae5ec1fc-5eee-4114-823d-269c2da46bc5,USR-0178,2024-01-04 15:09:00,keystroke_dynamics,0.6786,DEV-0045,New York,1,success,127,False,
226cbc6a-7fe5-44b6-abe8-c7562d36226c,USR-0060,2024-01-04 15:10:00,voice,0.9072,DEV-0010,New York,1,success,176,False,
1a50a93c-e5a2-409d-a8f8-687bb766ac85,USR-0111,2024-01-04 15:10:00,face,0.8431,DEV-0006,Manchester,1,success,147,False,
c3d31e5c-feee-4138-aa57-31f76e78cd59,USR-0163,2024-01-04 15:13:00,keystroke_dynamics,0.792,DEV-0006,Manchester,1,success,138,False,
74962764-12a4-4ef0-84bb-b7a9d98868dd,USR-0006,2024-01-04 15:14:00,face,0.8908,DEV-0018,New York,1,success,182,False,
46707cd6-4ced-4164-a9df-14e9389641dd,USR-0030,2024-01-04 15:16:00,keystroke_dynamics,0.7725,DEV-0045,Manchester,1,success,167,False,
139c4fd6-c49a-4d85-a906-612085b059fe,USR-0060,2024-01-04 15:20:00,voice,0.9072,DEV-0010,Lagos,1,success,176,True,geo_jump
091e11df-a2cf-432d-8c34-f9de531b1e76,USR-0161,2024-01-04 15:22:00,keystroke_dynamics,0.7494,DEV-0016,Manchester,1,success,242,False,
6ab76840-f5b5-4c71-a3ef-5e69b61d56f5,USR-0096,2024-01-04 15:37:00,face,0.9395,DEV-0039,New York,1,success,253,False,
d11756d5-8c0d-4a8b-b448-a24723a86b61,USR-0146,2024-01-04 15:43:00,face,0.8597,DEV-0018,London,1,success,120,False,
aba23511-f544-428c-8bba-d72a8a7e9cce,USR-0099,2024-01-04 15:45:00,voice,0.8406,DEV-0009,New York,1,success,229,False,
a4d37418-581e-40ef-b8ef-6c712b9fff6a,USR-0165,2024-01-04 15:48:00,face,0.7792,DEV-0038,Manchester,1,success,191,False,
8c8181b4-fe8b-4ccb-bd75-a5f3eeafca83,USR-0054,2024-01-04 15:55:00,face,0.796,DEV-0029,New York,1,success,190,False,
da7bf28b-9a23-4be3-abf6-dd3256d2bb12,USR-0096,2024-01-04 15:56:00,fingerprint,0.7346,DEV-0021,New York,1,success,187,False,
a538c6a7-0565-4e80-8ee4-5227d2450039,USR-0091,2024-01-04 15:57:00,keystroke_dynamics,0.7981,DEV-0042,New York,1,success,200,False,
d5963842-567e-4c74-bd92-232a4fbb831a,USR-0154,2024-01-04 16:04:00,voice,0.903,DEV-0002,New York,1,success,152,False,
d6f34d9b-b918-46e8-85fd-e9e9793841a9,USR-0154,2024-01-04 16:05:00,keystroke_dynamics,0.8477,DEV-0022,New York,1,success,175,False,
2df8d4a8-3fc7-4cb8-aa40-e5cc2cd51392,USR-0108,2024-01-04 16:08:00,voice,0.7697,DEV-0022,New York,1,success,150,False,
dfed2c43-e256-46dc-8f54-86b7c7b5b2bc,USR-0005,2024-01-04 16:13:00,keystroke_dynamics,0.8983,DEV-0045,London,1,success,180,False,
edbc36d8-9a30-4096-9977-66bea71c8948,USR-0067,2024-01-04 16:20:00,keystroke_dynamics,0.8688,DEV-0044,London,1,success,185,False,
5a0ed9b7-5e22-47d4-a74f-232bfb876271,USR-0146,2024-01-04 16:23:00,fingerprint,0.8571,DEV-0040,London,1,success,259,False,
f3402dd3-4515-45b9-ace9-504b03d7f962,USR-0069,2024-01-04 16:23:00,face,0.9011,DEV-0021,Manchester,1,success,153,False,
6f689d65-61ae-4f21-a7f1-c18b61fe800a,USR-0075,2024-01-04 16:27:00,voice,0.8363,DEV-0010,London,1,success,196,False,
15ce6a66-4dc8-4a1e-b2f9-e5fa90164161,USR-0009,2024-01-04 16:32:00,face,0.7856,DEV-0010,Manchester,1,success,158,False,
32239f5d-2dec-4b01-bb81-33fb0b928003,USR-0151,2024-01-04 16:34:00,face,0.4421,DEV-0009,New York,1,success,141,True,low_score_bypass
b61d1f43-8df8-4ff9-83f8-6f2d436c9e18,USR-0151,2024-01-04 16:34:00,face,0.9333,DEV-0009,New York,1,success,141,False,
e63658c9-12d0-498d-b18d-4d05e8e22743,USR-0016,2024-01-04 16:43:00,keystroke_dynamics,0.8663,DEV-0026,New York,1,success,66,False,
f7222fbe-ea06-494b-a310-ff72ad62d094,USR-0054,2024-01-04 16:47:00,fingerprint,0.8354,DEV-0034,New York,1,success,170,False,
b11af726-2d5d-4395-a901-a768ebd14b0c,USR-0052,2024-01-04 16:48:00,face,0.7438,DEV-0035,Manchester,1,success,191,False,
ceb380ac-e223-4389-b23e-d1fc9b9f9efe,USR-0137,2024-01-04 16:49:00,fingerprint,0.8375,DEV-0008,New York,1,success,184,False,
1eece891-5301-4fb9-a6ea-0949adab7b01,USR-0078,2024-01-04 16:50:00,voice,0.7391,DEV-0011,Manchester,1,success,180,False,
7872d73f-e389-4caf-874b-927e54e28fa6,USR-0170,2024-01-04 16:52:00,keystroke_dynamics,0.838,DEV-0049,London,1,success,113,False,
8874a1c5-08fe-4f40-9fe1-91732bdf3df4,USR-0016,2024-01-04 16:54:00,keystroke_dynamics,0.8663,DEV-0026,Singapore,1,success,66,True,geo_jump
4dd7cb5c-b5a7-4756-af40-55ddd98d213c,USR-0119,2024-01-04 16:57:00,keystroke_dynamics,0.7553,DEV-0025,London,1,success,193,False,
4d38a8d0-10f5-4651-8b14-7f1f40c56cf6,USR-0086,2024-01-04 17:02:00,face,0.8311,DEV-0044,London,1,success,198,False,
a55fa725-bcb3-4168-b706-2cfa29cc0789,USR-0062,2024-01-04 17:03:00,fingerprint,0.7797,DEV-0019,New York,1,success,188,False,
247474b3-1d7d-4bb3-8e00-44e207af3b8a,USR-0104,2024-01-04 17:04:00,keystroke_dynamics,0.8477,DEV-0034,Manchester,1,success,143,False,
f4852088-e97f-4025-a2e1-17986b65450b,USR-0085,2024-01-04 17:04:00,fingerprint,0.7532,DEV-0017,London,1,success,154,False,
a5c5afe1-89fd-4534-a4f0-78a1c89d43e7,USR-0085,2024-01-04 17:04:00,fingerprint,0.5431,DEV-0017,London,1,success,154,True,low_score_bypass
9bafcc20-0e16-4f3f-938c-c0ca17acd7e9,USR-0084,2024-01-04 17:06:00,keystroke_dynamics,0.8109,DEV-0044,New York,1,success,222,False,
14588063-5bf8-4d1d-86ad-7920aff7ff5d,USR-0069,2024-01-04 17:08:00,keystroke_dynamics,0.8162,DEV-0006,Manchester,1,success,189,False,
c47dd678-4d31-4923-a93d-a46c37f39aac,USR-0111,2024-01-04 17:18:00,keystroke_dynamics,0.8165,DEV-0002,Manchester,1,success,225,False,
7fcbcf31-93ac-409a-afc1-0403dcda8cc1,USR-0090,2024-01-04 17:19:00,voice,0.7714,DEV-0010,London,1,success,214,False,
c5ba36af-fb60-4e1c-a6d2-975250970843,USR-0097,2024-01-04 17:26:00,keystroke_dynamics,0.9251,DEV-0026,New York,1,success,178,False,
c4100108-0256-4389-8cb3-46637a211151,USR-0062,2024-01-04 17:28:00,fingerprint,0.8555,DEV-0006,New York,1,success,207,False,
82c273a9-771d-4808-88db-039cc78fc57d,USR-0062,2024-01-04 17:28:00,fingerprint,0.4604,DEV-0006,New York,1,success,207,True,low_score_bypass
d25697ad-0def-4fd0-951f-de3f573ecc3a,USR-0103,2024-01-04 17:35:00,fingerprint,0.8485,DEV-0022,London,1,success,208,False,
66979d0f-a7c0-4a59-a0bb-380bc8b7bcd0,USR-0154,2024-01-04 17:35:00,voice,0.7968,DEV-0010,New York,1,success,208,False,
570e5af5-f5ff-4705-9a74-a05688dd44cc,USR-0078,2024-01-04 17:36:00,keystroke_dynamics,0.8583,DEV-0049,Manchester,1,success,190,False,
23b8c1e9-3924-46de-beb1-3b9046685257,USR-0001,2024-01-04 17:47:00,fingerprint,0.8589,DEV-0038,New York,1,success,240,False,
cffe7547-a347-4f55-b94b-a015fa126797,USR-0162,2024-01-04 17:48:00,face,0.7621,DEV-0028,New York,1,success,189,False,
f31046dc-6202-4ee6-9cb5-e69c5dc7b3e6,USR-0022,2024-01-04 17:50:00,keystroke_dynamics,0.8253,DEV-0002,London,1,success,239,False,
480d0cf3-406d-4351-aefb-e3b3f7d7f5c0,USR-0184,2024-01-04 17:51:00,voice,0.7491,DEV-0045,London,1,success,188,False,
269cd696-236c-4b87-94a0-bccb8a476a87,USR-0007,2024-01-04 17:53:00,face,0.8133,DEV-0032,Manchester,1,success,171,False,
8db06746-7927-4973-9e78-1fd794e0d3ba,USR-0009,2024-01-04 17:55:00,fingerprint,0.8368,DEV-0009,Manchester,1,success,134,False,
b18753e6-d457-4ad9-a867-a096edd877c8,USR-0017,2024-01-04 17:58:00,voice,0.8382,DEV-0024,London,1,success,149,False,
812faa38-96f6-4c09-859c-1ba0bbec721d,USR-0048,2024-01-04 18:03:00,face,0.7508,DEV-0011,London,1,success,112,False,
7ea5a387-363b-45cb-9329-37246dfd171a,USR-0036,2024-01-04 18:10:00,fingerprint,0.8452,DEV-0014,New York,1,success,204,False,
ce777f00-ecf2-4e76-8519-7ff4006ed6e3,USR-0006,2024-01-04 18:12:00,voice,0.8259,DEV-0008,New York,1,success,149,False,
9e181620-5f27-4ee1-8b07-9752a93429ae,USR-0170,2024-01-04 18:25:00,fingerprint,0.79,DEV-0020,London,1,success,201,False,
b62c09bf-a4f7-4a30-97a1-5a60c55e6efb,USR-0114,2024-01-04 18:33:00,keystroke_dynamics,0.8038,DEV-0012,Manchester,1,success,124,False,
3f5fbf4f-d417-4230-9274-ee11b61df906,USR-0036,2024-01-04 18:33:00,keystroke_dynamics,0.8674,DEV-0021,New York,1,success,193,False,
3ba4807e-4565-4d2d-bdb2-69e56c9dda26,USR-0170,2024-01-04 18:43:00,face,0.9129,DEV-0030,London,1,success,154,False,
1d34d08e-7a4c-45d4-9c99-e04cf0e98b3b,USR-0009,2024-01-04 18:47:00,voice,0.8039,DEV-0009,Manchester,1,success,135,False,
9174f53b-548b-4c63-be87-a6bcf3e00dc5,USR-0108,2024-01-04 18:48:00,fingerprint,0.8383,DEV-0013,New York,1,success,150,False,
f387e1bd-2d59-42c6-934a-5a2fa7cf705c,USR-0018,2024-01-04 18:48:00,keystroke_dynamics,0.858,DEV-0016,New York,1,success,196,False,
8dd7e052-44e7-4702-84c4-7757e2db1ce3,USR-0100,2024-01-04 18:51:00,keystroke_dynamics,0.7969,DEV-0016,New York,1,success,97,False,
62186d10-3ef3-45be-abee-4c80a7698b2d,USR-0129,2024-01-04 18:58:00,keystroke_dynamics,0.7945,DEV-0001,Manchester,1,success,113,False,
8448d4ed-b2be-420f-9e1f-86f795ede22d,USR-0192,2024-01-04 19:00:00,keystroke_dynamics,0.9064,DEV-0036,London,1,success,223,False,
f4ac27ef-b734-4467-bbb9-5b07b1cb62d0,USR-0106,2024-01-04 19:04:00,fingerprint,0.9235,DEV-0002,Manchester,1,success,184,False,
ba991da0-85e8-4165-a189-6b253a5bece9,USR-0102,2024-01-04 19:04:00,fingerprint,0.9062,DEV-0034,New York,1,success,151,False,
e9b1c4a1-da22-4b85-a9b9-2a1d457498ca,USR-0068,2024-01-04 19:05:00,keystroke_dynamics,0.7572,DEV-0026,London,1,success,198,False,
761eb7e3-f909-446c-ad47-de92cbf80a9f,USR-0163,2024-01-04 19:05:00,face,0.8857,DEV-0040,Manchester,1,success,229,False,
61935990-abdd-4a8f-a4b0-5c89f10bce9c,USR-0030,2024-01-04 19:06:00,keystroke_dynamics,0.7739,DEV-0013,Manchester,1,success,142,False,
b52c4358-d4a8-445a-b5d1-d77614c08f6d,USR-0094,2024-01-04 19:12:00,voice,0.7845,DEV-0020,Manchester,1,success,197,False,
e0b641d0-4345-429c-9655-8df410af54cc,USR-0193,2024-01-04 19:13:00,voice,0.7732,DEV-0035,Manchester,1,success,160,False,
679b03d4-fdc6-4ebf-b96a-3419f906dfde,USR-0193,2024-01-04 19:13:00,voice,0.5387,DEV-0035,Manchester,19,success,160,True,rapid_retry
30c9c51f-c80b-4af7-9315-fafa7500f785,USR-0052,2024-01-04 19:17:00,keystroke_dynamics,0.7096,DEV-0005,Manchester,1,success,178,False,
ba5916c5-9de6-4f2c-97bd-9ee6e63f6d3a,USR-0200,2024-01-04 19:17:00,fingerprint,0.8177,DEV-0025,London,1,success,210,False,
8a8a4105-c0eb-4875-b439-67294b8e5509,USR-0053,2024-01-04 19:20:00,fingerprint,0.8453,DEV-0030,Manchester,1,success,190,False,
f5948a54-5f80-4eeb-943a-9aff659b0105,USR-0032,2024-01-04 19:22:00,keystroke_dynamics,0.7457,DEV-0038,New York,1,success,121,False,
6d3ee1dc-8139-4443-a45b-712eb8225688,USR-0007,2024-01-04 19:25:00,fingerprint,0.842,DEV-0043,Manchester,1,success,142,False,
01ddc628-bef4-4f0c-94d6-761ce92fd9fd,USR-0122,2024-01-04 19:28:00,voice,0.8599,DEV-0008,Manchester,1,success,268,False,
27177e59-5548-4613-8f69-ef2dfb2c2c83,USR-0118,2024-01-04 19:29:00,voice,0.916,DEV-0047,Manchester,1,success,241,False,
4be318a8-0b39-4ccf-bc9f-3bc37210045a,USR-0053,2024-01-04 19:31:00,fingerprint,0.8715,DEV-0045,Manchester,1,success,146,False,
f3c1114d-4e8a-40cb-a77b-71ea16f1e5cb,USR-0100,2024-01-04 19:40:00,keystroke_dynamics,0.8214,DEV-0015,New York,1,success,204,False,
e3ad64d4-eab9-4b02-af1d-c1217d024c6d,USR-0031,2024-01-04 19:42:00,face,0.7268,DEV-0001,London,1,success,212,False,
47d1931c-f9f2-49ab-bd77-71f8a948ec66,USR-0137,2024-01-04 19:50:00,fingerprint,0.7958,DEV-0003,New York,1,success,213,False,
0131ff3b-6221-4670-ba36-e788f71fb9a6,USR-0048,2024-01-04 19:54:00,keystroke_dynamics,0.8862,DEV-0050,London,1,success,199,False,
f4124360-1153-4e99-9c50-8720f982f4e0,USR-0021,2024-01-04 19:55:00,face,0.9117,DEV-0024,Manchester,1,success,200,False,
653d171f-c0bd-4748-9bb4-64a3cec79642,USR-0127,2024-01-04 19:58:00,voice,0.8324,DEV-0049,New York,1,success,170,False,
54470290-4640-4b2a-9c02-28afb1d29457,USR-0071,2024-01-04 19:59:00,fingerprint,0.7481,DEV-0012,London,1,success,215,False,
412817eb-2246-49cd-acec-df821903f9b3,USR-0057,2024-01-04 20:01:00,face,0.9502,DEV-0002,Manchester,1,success,123,False,
ee462fcd-a829-407c-99be-ccff33a315f3,USR-0058,2024-01-04 20:13:00,voice,0.7541,DEV-0011,New York,1,success,236,False,
08a5ad03-3f4f-4031-b025-5b9dc5bcc4cd,USR-0154,2024-01-04 20:15:00,fingerprint,0.804,DEV-0032,New York,1,success,197,False,
a27a2bda-1713-442b-9862-042e500f86b1,USR-0122,2024-01-04 20:15:00,keystroke_dynamics,0.8568,DEV-0036,Manchester,1,success,178,False,
3487246c-21f9-4072-be22-eba1ad3d581e,USR-0072,2024-01-04 20:16:00,face,0.8733,DEV-0043,Manchester,1,success,135,False,
184c4178-935c-41d1-993c-5319f43e075b,USR-0174,2024-01-04 20:24:00,face,0.8471,DEV-0023,London,1,success,132,False,
16acb78e-1a61-4efe-85d8-cc0839819354,USR-0173,2024-01-04 20:27:00,fingerprint,0.7701,DEV-0014,Manchester,1,success,160,False,
d2938e6e-ff4d-4930-b3b0-fb536f75ee8a,USR-0045,2024-01-04 20:28:00,face,0.8825,DEV-0020,Manchester,1,success,203,False,
4223623b-cc3e-4dde-9ad5-cf06364d7c87,USR-0008,2024-01-04 20:31:00,keystroke_dynamics,0.8487,DEV-0018,New York,1,success,193,False,
34323ec6-b0c4-401c-a9b7-c0fa26c432f6,USR-0026,2024-01-04 20:33:00,voice,0.8137,DEV-0005,New York,1,success,173,False,
462741ec-08ac-484f-8a10-b49968028b3b,USR-0092,2024-01-04 20:34:00,voice,0.8281,DEV-0013,New York,1,success,166,False,
541cdfcd-da0d-4a5f-948f-8b74a65bb1f2,USR-0012,2024-01-04 20:57:00,keystroke_dynamics,0.7526,DEV-0039,New York,1,success,195,False,
fdb1429e-7010-4d13-b526-b22d3f6c21f7,USR-0019,2024-01-04 21:06:00,face,0.7759,DEV-0016,New York,1,success,229,False,
096b9227-27bc-4004-b407-2f12261292e0,USR-0019,2024-01-04 21:06:00,face,0.4029,DEV-0016,New York,1,success,229,True,low_score_bypass
083759f8-2090-435e-95fc-f99133c417d5,USR-0080,2024-01-04 21:08:00,face,0.7596,DEV-0024,London,1,success,181,False,
18e824e9-cb2f-4bc3-921b-f7334eada8d3,USR-0078,2024-01-04 21:13:00,fingerprint,0.8219,DEV-0021,Manchester,1,success,207,False,
4458b006-332c-4e0a-8e7d-a698ab95c72f,USR-0053,2024-01-04 21:13:00,keystroke_dynamics,0.7699,DEV-0024,Manchester,1,success,210,False,
c8fe3ccd-c8b8-49c6-ad30-49cf43e458fc,USR-0004,2024-01-04 21:16:00,face,0.8543,DEV-0038,London,1,success,225,False,
b5d9ad36-5287-464d-a30a-6658b1be6df2,USR-0052,2024-01-04 21:16:00,fingerprint,0.822,DEV-0005,Manchester,1,success,184,False,
28489240-2fd9-4ce1-a676-27ca3625fc20,USR-0055,2024-01-04 21:21:00,fingerprint,0.8427,DEV-0019,London,1,success,229,False,
a3922a4e-4f2c-486f-a27b-0edd8d7f9371,USR-0092,2024-01-04 21:23:00,voice,0.7118,DEV-0033,New York,1,success,193,False,
10f35676-5a85-4cd8-8bb8-6be0e355e636,USR-0072,2024-01-04 21:31:00,fingerprint,0.8626,DEV-0010,Manchester,1,success,180,False,
9b49bd26-df57-459a-8715-a10343dac043,USR-0002,2024-01-04 21:36:00,face,0.7236,DEV-0038,New York,1,success,187,False,
8ff19886-5a2c-41bc-82c2-26ff1d8b32d9,USR-0053,2024-01-04 21:38:00,face,0.8093,DEV-0038,Manchester,1,success,195,False,
3e2b6091-a092-452a-94a0-57a7b0cc1b3b,USR-0008,2024-01-04 21:40:00,fingerprint,0.8252,DEV-0020,New York,1,success,173,False,
af194390-1c28-4022-880e-6ddd1fe72d21,USR-0121,2024-01-04 21:41:00,voice,0.8593,DEV-0046,New York,1,success,190,False,
da55f825-5086-4384-b33a-c54f62359144,USR-0088,2024-01-04 21:45:00,voice,0.9575,DEV-0013,London,1,success,254,False,
ce0ed735-632f-4f79-af73-4c45f2f39f61,USR-0176,2024-01-04 21:47:00,face,0.9089,DEV-0030,London,1,success,210,False,
46c3c90c-c92e-4e01-9402-3a93a4c688ec,USR-0106,2024-01-04 21:50:00,face,0.7758,DEV-0041,Manchester,1,success,167,False,
2747b93c-9ae7-4eab-884a-67809136f1f8,USR-0022,2024-01-04 21:54:00,face,0.7515,DEV-0029,London,1,success,172,False,
0c8b2089-a94c-4612-9e9b-e593525706d0,USR-0200,2024-01-05 02:43:00,keystroke_dynamics,0.8744,DEV-0008,London,1,success,188,True,off_hours
9dcb65be-3fc0-496e-84f4-caeb49a4443e,USR-0094,2024-01-05 03:30:00,keystroke_dynamics,0.7613,DEV-0039,Manchester,1,success,251,True,off_hours
80599b93-79c2-42e4-9ae1-a991524f93ff,USR-0019,2024-01-05 07:13:00,keystroke_dynamics,0.7777,DEV-0024,Manchester,1,success,177,False,
61a451ff-700b-4b43-ad3b-9d13c3e90323,USR-0054,2024-01-05 07:16:00,voice,0.811,DEV-0043,New York,1,success,166,False,
19b17e80-dea4-4e17-94fd-9ad39716108e,USR-0012,2024-01-05 07:18:00,keystroke_dynamics,0.7948,DEV-0045,New York,1,success,168,False,
592aa87b-fd85-4cf8-b932-28b9ad8ac4bc,USR-0119,2024-01-05 07:18:00,keystroke_dynamics,0.8265,DEV-0034,London,1,success,219,False,
310c0c00-3fa7-4104-9bf9-0e27dc96925e,USR-0003,2024-01-05 07:19:00,voice,0.8484,DEV-0003,New York,1,success,177,False,
c7a9ff30-99d6-4609-868c-10055a9b9519,USR-0172,2024-01-05 07:22:00,fingerprint,0.816,DEV-0029,Manchester,1,success,91,False,
e0c2442e-eb38-4cdf-8fd8-2aba0a6dc4ac,USR-0012,2024-01-05 07:24:00,keystroke_dynamics,0.7948,DEV-0045,Lagos,1,success,168,True,geo_jump
c921057c-3f05-457c-902e-d818013ca998,USR-0054,2024-01-05 07:25:00,face,0.9165,DEV-0041,New York,1,success,213,False,
7ab4d358-8f60-48e7-9cf8-5fc4db6fdf8b,USR-0044,2024-01-05 07:30:00,fingerprint,0.5265,DEV-0007,London,1,success,145,True,low_score_bypass
61a66444-e2af-4629-9efb-336e2f546033,USR-0044,2024-01-05 07:30:00,fingerprint,0.9241,DEV-0007,London,1,success,145,False,
1c852510-1bfd-4626-ba93-ef0e780d90b6,USR-0179,2024-01-05 07:35:00,fingerprint,0.9154,DEV-0034,New York,1,success,151,False,
940d8bcc-e926-4a56-a95a-e210973cb616,USR-0179,2024-01-05 07:35:00,fingerprint,0.4242,DEV-0034,New York,1,success,151,True,low_score_bypass
95eb44d9-8459-4302-8d1d-036e0d08da99,USR-0200,2024-01-05 07:50:00,face,0.7953,DEV-0036,London,1,success,158,False,
76492e64-f55d-4e6d-ad26-8b378f5242d3,USR-0035,2024-01-05 08:01:00,face,0.753,DEV-0034,New York,1,success,229,False,
09943e76-1d4e-4772-801f-b5a69ca5b74f,USR-0143,2024-01-05 08:02:00,fingerprint,0.7769,DEV-0001,New York,1,success,211,False,
5dc2fd9b-f1bd-457b-b8dd-dfc2963ba31c,USR-0157,2024-01-05 08:05:00,fingerprint,0.8197,DEV-0008,London,1,success,248,False,
d4488069-5a9b-43f8-ba09-a484556ed0d1,USR-0167,2024-01-05 08:06:00,fingerprint,0.8555,DEV-0021,Manchester,1,success,230,False,
6a45d1e9-511f-4533-becf-c0dbbfeb32a4,USR-0170,2024-01-05 08:09:00,fingerprint,0.7857,DEV-0022,London,1,success,250,False,
8c2aa0b1-8982-4bf8-a4e2-89c098be5ff0,USR-0054,2024-01-05 08:11:00,face,0.747,DEV-0018,New York,1,success,186,False,
1ccec1ef-16ef-4cdf-9375-ee61ec94503e,USR-0067,2024-01-05 08:11:00,face,0.8061,DEV-0016,London,1,success,156,False,
56c890a5-6538-4f11-a676-6b0a3b9a3daf,USR-0099,2024-01-05 08:14:00,keystroke_dynamics,0.8535,DEV-0008,New York,1,success,173,False,
11186c1a-8540-42b0-aaa8-2f4e4fc4e8cd,USR-0197,2024-01-05 08:14:00,keystroke_dynamics,0.7292,DEV-0017,New York,1,success,127,False,
f93e08d5-bea2-4dfe-873f-6e1baf908e3c,USR-0012,2024-01-05 08:15:00,voice,0.7384,DEV-0024,New York,1,success,209,False,
30cbd755-6232-417a-a507-41818d1fb540,USR-0011,2024-01-05 08:18:00,fingerprint,0.8158,DEV-0033,London,1,success,113,False,
a1497b65-cbf7-4eb1-bd7f-2fed7c2ce385,USR-0153,2024-01-05 08:19:00,face,0.7788,DEV-0021,New York,1,success,146,False,
3be8a5df-5e93-4de0-83ac-e8751017ab44,USR-0055,2024-01-05 08:20:00,keystroke_dynamics,0.9169,DEV-0010,London,1,success,167,False,
5b7117bd-2442-4191-be7c-7d6ea8cc4515,USR-0141,2024-01-05 08:28:00,fingerprint,0.8983,DEV-0010,Manchester,1,success,185,False,
fe034a0e-74cd-473b-816b-44e19d4a305f,USR-0167,2024-01-05 08:36:00,voice,0.7874,DEV-0013,Manchester,1,success,197,False,
cefc0e85-efbb-4216-8ff9-7696615a58bd,USR-0132,2024-01-05 08:42:00,face,0.9309,DEV-0012,New York,1,success,201,False,
ed113faf-0e3f-4912-a405-d362719deadd,USR-0143,2024-01-05 08:42:00,face,0.8269,DEV-0033,New York,1,success,180,False,
ed944378-d814-4be0-821b-390c946f9f07,USR-0152,2024-01-05 08:43:00,fingerprint,0.8617,DEV-0035,Manchester,1,success,282,False,
627ca9f7-7336-4302-91f0-33748d532691,USR-0075,2024-01-05 08:44:00,face,0.9144,DEV-0025,London,1,success,198,False,
ce3714af-99b4-4350-af2b-99b4d9acd158,USR-0008,2024-01-05 08:58:00,voice,0.8403,DEV-0021,New York,1,success,163,False,
e1035e1c-e3bb-42ae-a552-ac5309eda6f5,USR-0045,2024-01-05 09:00:00,fingerprint,0.8225,DEV-0042,New York,1,success,197,False,
d9da5f47-e3ca-40c4-b711-32b781eab1da,USR-0153,2024-01-05 09:09:00,keystroke_dynamics,0.7609,DEV-0015,New York,1,success,149,False,
768b4f7e-6421-4e66-9fc6-4cd0721e8b1f,USR-0035,2024-01-05 09:10:00,voice,0.85,DEV-0039,New York,1,success,181,False,
b705e692-3faf-4b34-862e-27af67b4c897,USR-0196,2024-01-05 09:11:00,face,0.83,DEV-0019,Manchester,1,success,209,False,
29b2b32c-1f27-4a2c-8439-1819b97a08ba,USR-0170,2024-01-05 09:15:00,voice,0.891,DEV-0018,London,1,success,200,False,
34fadee1-0696-4d48-98d4-2238331de35c,USR-0044,2024-01-05 09:17:00,fingerprint,0.7848,DEV-0001,London,1,success,188,False,
dc3f42e0-fcf7-4842-9edf-3bfad12e0eb5,USR-0037,2024-01-05 09:33:00,face,0.8223,DEV-0002,Manchester,1,success,122,False,
ec1f41ce-57b9-4dfb-af82-e70cb9644e4f,USR-0057,2024-01-05 09:43:00,voice,1.0,DEV-0016,Manchester,1,success,135,False,
5097ce46-74b0-4243-bb1b-a7235ca9bc53,USR-0151,2024-01-05 09:46:00,keystroke_dynamics,0.7944,DEV-0011,New York,1,success,175,False,
4f4c3f0b-34a7-4f9d-9ed5-c01721433dfc,USR-0108,2024-01-05 09:47:00,keystroke_dynamics,0.8767,DEV-0027,New York,1,success,157,False,
b07aa066-7354-45ea-a894-9b8d00af5b3a,USR-0009,2024-01-05 09:48:00,fingerprint,0.7467,DEV-0044,Manchester,1,success,208,False,
d4cd45a9-870d-4661-8e1c-0d4db2eb3819,USR-0178,2024-01-05 09:53:00,fingerprint,0.7968,DEV-0045,New York,1,success,210,False,
d5d9a385-2bb2-4cbc-9c79-4cdb74c88361,USR-0078,2024-01-05 10:05:00,face,0.8853,DEV-0018,Manchester,1,success,207,False,
e6c9fd54-24bb-4796-89d6-8cdc5ed0b58c,USR-0179,2024-01-05 10:08:00,face,0.7124,DEV-0028,New York,1,success,178,False,
5a8aaeca-1a50-4ec3-aabc-25fa3fe12e47,USR-0005,2024-01-05 10:08:00,keystroke_dynamics,0.8695,DEV-0043,London,1,success,212,False,
39ec8ca1-3fb2-4f47-bbcd-6c18a06e8de5,USR-0048,2024-01-05 10:09:00,voice,0.904,DEV-0034,London,1,success,126,False,
3098f7b2-500e-45c0-b89b-df7f93e34c35,USR-0024,2024-01-05 10:18:00,voice,0.8548,DEV-0021,London,1,success,193,False,
8a713a73-fdee-4aa1-853d-80902041e7ed,USR-0097,2024-01-05 10:19:00,face,0.98,DEV-0007,New York,1,success,183,False,
8bc15738-ff1b-46a0-a8ec-b6a17233bf8c,USR-0193,2024-01-05 10:19:00,face,0.7617,DEV-0033,Manchester,1,success,198,False,
e7c5d314-a969-44fc-9141-70c1ca978f1d,USR-0185,2024-01-05 10:19:00,keystroke_dynamics,0.7624,DEV-0043,London,1,success,109,False,
26696e53-022c-4449-bcc8-39fbcbd363a5,USR-0048,2024-01-05 10:20:00,voice,0.904,DEV-0034,Berlin,1,success,126,True,geo_jump
97674900-4651-4367-8bdc-43184d85a3d2,USR-0019,2024-01-05 10:21:00,face,0.8541,DEV-0025,Manchester,1,success,245,False,
9b792afa-2a3d-418d-a754-a29ff143e545,USR-0044,2024-01-05 10:21:00,keystroke_dynamics,0.892,DEV-0047,London,1,success,161,False,
1fbf23bb-b331-49f5-b078-f3d0f9046be7,USR-0183,2024-01-05 10:22:00,fingerprint,0.7957,DEV-0024,London,1,success,172,False,
e3c43657-1d8c-4bac-83b4-09ef2260e70f,USR-0005,2024-01-05 10:24:00,face,0.7611,DEV-0046,London,1,success,198,False,
5502ec67-42da-4572-8278-f61e17f2029c,USR-0004,2024-01-05 10:26:00,keystroke_dynamics,0.4501,DEV-0044,London,1,success,188,True,low_score_bypass
b465c027-2dd1-445b-a454-a82a6d2cdbf9,USR-0073,2024-01-05 10:26:00,voice,0.882,DEV-0049,Manchester,1,success,163,False,
118a9d29-2f92-4996-99f1-95d014822f53,USR-0004,2024-01-05 10:26:00,keystroke_dynamics,0.7762,DEV-0044,London,1,success,188,False,
9e45455e-24d3-4751-a729-4d3c46818a88,USR-0045,2024-01-05 10:35:00,keystroke_dynamics,0.8146,DEV-0024,New York,1,success,178,False,
28d42725-f611-40ec-916f-b778ba8f3e6c,USR-0189,2024-01-05 10:37:00,keystroke_dynamics,0.8441,DEV-0044,Manchester,1,success,254,False,
6e411e23-7dd1-4b8f-aa05-5b69b4c04bdf,USR-0089,2024-01-05 10:40:00,fingerprint,0.879,DEV-0034,New York,1,success,185,False,
7f0223bc-651e-4252-b974-4cded259f960,USR-0041,2024-01-05 10:41:00,face,0.7835,DEV-0038,Manchester,1,success,158,False,
24da0109-4461-4c94-a29c-c64fb8f89cba,USR-0200,2024-01-05 10:43:00,keystroke_dynamics,0.8744,DEV-0008,London,1,success,188,False,
97777f10-f2d2-493f-8e85-140d0f9aeb70,USR-0030,2024-01-05 10:44:00,fingerprint,0.7064,DEV-0020,Manchester,1,success,188,False,
24ce1460-ef5a-4491-953d-165346641858,USR-0134,2024-01-05 10:53:00,fingerprint,0.8698,DEV-0009,New York,1,success,194,False,
23fd6ade-c17f-4f19-96a3-48336bc152ad,USR-0142,2024-01-05 10:54:00,voice,0.8289,DEV-0017,Manchester,1,success,167,False,
111ac671-f593-4884-980f-65609cf540d9,USR-0172,2024-01-05 10:57:00,keystroke_dynamics,0.6839,DEV-0047,Manchester,1,success,140,False,
0b961346-6498-4a39-97c8-f02c2ea5312a,USR-0095,2024-01-05 11:04:00,fingerprint,0.8829,DEV-0014,Manchester,1,success,176,False,
ae50f96e-7760-44f6-a5aa-620faf7ead9e,USR-0141,2024-01-05 11:07:00,fingerprint,0.8062,DEV-0028,Manchester,1,success,148,False,
fb9c7872-112b-4360-8ad2-7057c127cdfd,USR-0198,2024-01-05 11:07:00,voice,0.9381,DEV-0022,Manchester,1,success,152,False,
4c66d04f-64b1-4c49-8c0c-f61e9cc10bd8,USR-0137,2024-01-05 11:12:00,keystroke_dynamics,0.8142,DEV-0023,New York,1,success,190,False,
486fac8f-a4c5-4ae5-8d32-e7120c767092,USR-0094,2024-01-05 11:17:00,keystroke_dynamics,0.7613,DEV-0039,Manchester,1,success,251,False,
f7315749-4f39-49a8-bd3a-258288b4f474,USR-0019,2024-01-05 11:19:00,voice,0.8296,DEV-0032,Manchester,1,success,180,False,
66edef30-2fa8-4808-b8f1-6861e3e3e73b,USR-0123,2024-01-05 11:21:00,keystroke_dynamics,0.8521,DEV-0005,London,1,success,228,False,
c179c596-d772-463e-b670-0a627506d74c,USR-0096,2024-01-05 11:21:00,voice,0.8857,DEV-0048,New York,1,success,147,False,
46573d38-2138-481b-a83f-18e26a11315a,USR-0162,2024-01-05 11:21:00,voice,0.7501,DEV-0014,New York,1,success,238,False,
d59dcbfa-db32-4207-af30-3fd078d3ca66,USR-0167,2024-01-05 11:22:00,voice,0.8055,DEV-0038,Manchester,1,success,162,False,
114c440d-675d-493b-9473-6d379e12d7cf,USR-0143,2024-01-05 11:24:00,face,0.7982,DEV-0003,New York,1,success,171,False,
a075e927-5110-4492-b442-7e0b61484bb3,USR-0012,2024-01-05 11:27:00,fingerprint,0.8374,DEV-0040,New York,1,success,278,False,
a45ca94a-3452-48c4-a031-046126d3e222,USR-0112,2024-01-05 11:29:00,face,0.8315,DEV-0008,London,1,success,134,False,
cfc01fbc-a5dc-433d-b0bb-2a0e39d02b29,USR-0175,2024-01-05 11:29:00,face,0.7219,DEV-0024,London,1,success,143,False,
5da49cb9-2fdc-4992-8971-8eeadf3a098a,USR-0035,2024-01-05 11:30:00,face,0.8062,DEV-0006,New York,1,success,143,False,
c85cd714-7bf6-4552-8cbc-90446bcd5ce7,USR-0033,2024-01-05 11:43:00,voice,0.8123,DEV-0001,Manchester,1,success,240,False,
7387928a-29a3-4b6d-b9bf-ca38afe9be90,USR-0044,2024-01-05 11:53:00,fingerprint,0.7952,DEV-0022,London,1,success,255,False,
253741e4-0966-4d08-9959-5d27a73d2746,USR-0070,2024-01-05 11:54:00,face,0.8674,DEV-0009,London,1,success,218,False,
94ad6252-15bc-4a3e-bf76-55d7f97c6c3c,USR-0041,2024-01-05 12:05:00,keystroke_dynamics,0.8094,DEV-0037,Manchester,1,success,118,False,
9bc88efe-4688-4612-8b64-e782718296af,USR-0157,2024-01-05 12:06:00,voice,0.9062,DEV-0045,London,1,success,191,False,
3dba6da8-5844-49fc-914b-9547c9dc72b8,USR-0021,2024-01-05 12:07:00,face,0.8384,DEV-0020,Manchester,1,success,212,False,
ed3353fc-692c-4aae-84ed-98e280714c8a,USR-0075,2024-01-05 12:09:00,fingerprint,0.8618,DEV-0016,London,1,success,191,False,
ed7403c6-4cd0-432e-af4b-88ff1a58c6ae,USR-0167,2024-01-05 12:11:00,face,0.8209,DEV-0038,Manchester,1,success,193,False,
a13a9da2-94e7-4b2a-b434-02ef44cfa6ba,USR-0127,2024-01-05 12:20:00,keystroke_dynamics,0.7258,DEV-0044,New York,1,success,154,False,
6c905f13-ba7e-4b51-9892-e71aab87aea4,USR-0156,2024-01-05 12:25:00,fingerprint,0.8445,DEV-0014,Manchester,1,success,143,False,
e7ab2ef7-7b8f-409a-8c8c-eba90662200c,USR-0072,2024-01-05 12:32:00,fingerprint,0.8774,DEV-0050,Manchester,1,success,272,False,
08252b39-1947-4a42-b10d-c9d17c413a2a,USR-0065,2024-01-05 12:36:00,keystroke_dynamics,0.8498,DEV-0025,Manchester,1,success,263,False,
2e408d57-63ba-4c3d-807a-be48f24e7fd6,USR-0122,2024-01-05 12:43:00,voice,0.7846,DEV-0034,New York,1,success,129,False,
c847b130-dd56-430e-9de9-87a2985e7e89,USR-0072,2024-01-05 12:47:00,keystroke_dynamics,0.8219,DEV-0001,Manchester,1,success,244,False,
43ad3d62-b17c-4b21-8dbc-2c1ca4afe7bd,USR-0026,2024-01-05 12:47:00,fingerprint,0.9184,DEV-0016,New York,1,success,209,False,
cf5285f7-bf8c-46f9-b5a6-1d619925bc9b,USR-0093,2024-01-05 12:48:00,face,0.7252,DEV-0026,Manchester,1,success,147,False,
c60fb252-4df7-42ae-a267-e12b65e5f13f,USR-0070,2024-01-05 12:48:00,fingerprint,0.7396,DEV-0046,London,1,success,197,False,
9d96bf5e-4d9e-4bb9-beb2-f90442cf4e6d,USR-0162,2024-01-05 12:59:00,keystroke_dynamics,0.8448,DEV-0050,New York,1,success,182,False,
21144198-5466-4ea9-9c5a-342e9d017d3c,USR-0153,2024-01-05 13:06:00,voice,0.7623,DEV-0042,New York,1,success,180,False,
edba84d1-e110-4d91-8244-bc44b25c5b50,USR-0126,2024-01-05 13:06:00,keystroke_dynamics,0.7526,DEV-0015,New York,1,success,184,False,
787f2425-dbcc-4477-89e9-db0adf465290,USR-0006,2024-01-05 13:11:00,voice,0.8785,DEV-0040,New York,1,success,174,False,
23c8afdb-83f8-4f16-a4a4-474c9b33e3a4,USR-0026,2024-01-05 13:12:00,face,0.841,DEV-0041,New York,1,success,199,False,
be6127a8-0351-409d-8dc5-fb068d5809b7,USR-0053,2024-01-05 13:25:00,fingerprint,0.829,DEV-0048,Manchester,1,success,194,False,
7237e20d-62fe-4cae-997e-b35599870266,USR-0196,2024-01-05 13:25:00,face,0.856,DEV-0049,Manchester,1,success,145,False,
4083dcf3-91db-4fbc-86ad-dbe7b807c910,USR-0175,2024-01-05 13:25:00,fingerprint,0.8341,DEV-0017,London,1,success,182,False,
b636cc4c-5170-4a8a-a00e-0b6064eec4c1,USR-0075,2024-01-05 13:28:00,keystroke_dynamics,0.8952,DEV-0005,London,1,success,148,False,
c1101266-2408-46dc-9346-d1a9f6802cdb,USR-0014,2024-01-05 13:32:00,fingerprint,0.7285,DEV-0008,London,1,success,152,False,
7fab9b07-1e30-4f10-99d5-6f424c589a8e,USR-0145,2024-01-05 13:34:00,keystroke_dynamics,0.8613,DEV-0011,London,1,success,170,False,
7d1d3494-cb71-4efd-8ffa-1194c14a2a61,USR-0154,2024-01-05 13:35:00,keystroke_dynamics,0.7947,DEV-0026,New York,1,success,197,False,
f090f5a0-ce61-4199-ae3a-0ba8ac8d6c7d,USR-0032,2024-01-05 13:38:00,voice,0.8629,DEV-0045,New York,1,success,208,False,
3b759faa-18ce-48d1-85e3-be15f1dc5270,USR-0151,2024-01-05 13:56:00,fingerprint,0.8669,DEV-0006,New York,1,success,171,False,
593edc83-c497-40a8-8842-04d52bb9a661,USR-0073,2024-01-05 13:57:00,voice,0.8331,DEV-0021,Manchester,1,success,162,False,
29d0c613-b0c7-4002-9956-699065fdaadb,USR-0060,2024-01-05 13:57:00,voice,0.8496,DEV-0017,New York,1,success,177,False,
a3422e50-9e2a-4324-8f79-a8a75f8a14bd,USR-0032,2024-01-05 14:00:00,fingerprint,0.8644,DEV-0036,New York,1,success,159,False,
50647c59-774f-4354-b316-ce642a147a96,USR-0041,2024-01-05 14:02:00,face,0.8181,DEV-0013,Manchester,1,success,146,False,
702b7014-adab-4c2f-91a6-46dacd613988,USR-0051,2024-01-05 14:09:00,face,0.8853,DEV-0034,London,1,success,164,False,
a6e997ae-d909-4489-b229-29b66f246189,USR-0170,2024-01-05 14:15:00,fingerprint,0.7745,DEV-0043,London,1,success,204,False,
260e37cc-6287-4624-a433-1510ad21b4cc,USR-0051,2024-01-05 14:16:00,voice,0.9118,DEV-0012,London,1,success,206,False,
2bfaba2d-dafb-4997-9352-8440023d35cf,USR-0197,2024-01-05 14:26:00,fingerprint,0.927,DEV-0015,New York,1,success,182,False,
10c238ba-8df1-463a-ab30-41841dcb2fbf,USR-0177,2024-01-05 14:30:00,face,0.8316,DEV-0037,Manchester,1,success,221,False,
ef775124-0911-4215-a4b7-0864d362dea7,USR-0123,2024-01-05 14:31:00,voice,0.845,DEV-0008,London,1,success,140,False,
1ad74fd4-298b-4e78-9420-60ce6b2f9d47,USR-0104,2024-01-05 14:38:00,fingerprint,0.8064,DEV-0043,Manchester,1,success,196,False,
3ae61863-a544-4d55-93c7-f140ea224efd,USR-0160,2024-01-05 14:38:00,keystroke_dynamics,0.792,DEV-0027,Manchester,1,success,150,False,
a1ae96a0-c1df-4a89-acba-0cb1fdb99dc1,USR-0160,2024-01-05 14:40:00,keystroke_dynamics,0.792,DEV-0027,Singapore,1,success,150,True,geo_jump
eb45bc38-9cf6-4e33-8b5f-174b6c267b56,USR-0070,2024-01-05 14:44:00,keystroke_dynamics,0.8796,DEV-0019,London,1,success,234,False,
ebe9e207-4f19-4ec0-832d-4526b3e4110a,USR-0017,2024-01-05 14:47:00,voice,0.8393,DEV-0027,London,1,success,196,False,
cd693dab-eb4b-4c0c-8fdf-60d520a62f9b,USR-0103,2024-01-05 14:48:00,face,0.784,DEV-0019,London,1,success,196,False,
c05db774-132a-4e58-aa57-e880de9205ea,USR-0051,2024-01-05 14:59:00,voice,0.8689,DEV-0010,London,1,success,178,False,
3677f5b4-63a1-4caa-8311-362650f51e97,USR-0111,2024-01-05 15:00:00,voice,0.7968,DEV-0018,Manchester,1,success,220,False,
7e1f48c4-a9d6-490d-b4ad-fa22ad0205f5,USR-0059,2024-01-05 15:08:00,keystroke_dynamics,0.9288,DEV-0046,Manchester,1,success,166,False,
6b2d9ccc-6279-403c-a1a2-cfe7810d5c57,USR-0052,2024-01-05 15:18:00,voice,0.9352,DEV-0050,Manchester,1,success,131,False,
07ca07d8-d2c5-4940-927a-72dff89cad3f,USR-0156,2024-01-05 15:18:00,keystroke_dynamics,0.9148,DEV-0005,Manchester,1,success,216,False,
5738b277-8576-4472-8fef-c63f8d41d660,USR-0097,2024-01-05 15:22:00,fingerprint,0.8499,DEV-0021,New York,1,success,166,False,
0cbd3c03-9e2a-44ac-8122-b5b3284c03d2,USR-0017,2024-01-05 15:26:00,keystroke_dynamics,0.7605,DEV-0037,London,1,success,93,False,
25e050f6-b273-493c-9cad-a48a46a42ee1,USR-0083,2024-01-05 15:28:00,voice,0.8331,DEV-0033,New York,1,success,146,False,
84a91789-b2c0-47e8-9ed0-72e9f9fc6034,USR-0060,2024-01-05 15:40:00,keystroke_dynamics,0.8266,DEV-0049,New York,1,success,154,False,
905c7bdd-74f0-4eae-aa59-43ce836435e3,USR-0029,2024-01-05 15:48:00,face,0.7556,DEV-0004,London,1,success,189,False,
f796611f-c7c1-4b1b-9d58-631b052226b9,USR-0046,2024-01-05 15:55:00,keystroke_dynamics,0.7629,DEV-0001,Manchester,1,success,152,False,
a2307350-5047-4a3d-a3c4-43f16010ab93,USR-0135,2024-01-05 16:05:00,keystroke_dynamics,0.8335,DEV-0025,Manchester,1,success,204,False,
4f3e2a2c-ded6-4d2a-842d-5f032482e8d1,USR-0131,2024-01-05 16:08:00,voice,0.8182,DEV-0002,New York,1,success,195,False,
0f417135-d56c-45e4-a391-5adcc8096083,USR-0131,2024-01-05 16:11:00,voice,0.8182,DEV-0002,Berlin,1,success,195,True,geo_jump
88914b26-e555-4570-8979-5e75671e9bb8,USR-0137,2024-01-05 16:18:00,keystroke_dynamics,0.7971,DEV-0009,New York,1,success,209,False,
00b8a88f-9317-445d-9cd4-3dfff59b39fa,USR-0092,2024-01-05 16:20:00,keystroke_dynamics,0.4041,DEV-0015,New York,10,success,204,True,rapid_retry
97d02f8f-affd-443b-ac69-1f0442bbeaae,USR-0092,2024-01-05 16:20:00,keystroke_dynamics,0.7102,DEV-0015,New York,1,success,204,False,
1f08f855-8d85-4df1-8309-4f28fe0d40b4,USR-0109,2024-01-05 16:20:00,fingerprint,0.8571,DEV-0034,New York,1,success,238,False,
09360f02-75ac-4819-b14b-5c03605797cf,USR-0089,2024-01-05 16:24:00,face,0.7503,DEV-0044,New York,1,success,243,False,
5c75352c-45cd-496b-8d8a-16f329ce9bfa,USR-0085,2024-01-05 16:25:00,keystroke_dynamics,0.8481,DEV-0043,London,1,success,133,False,
02aa1c76-d0e0-4655-a03e-9b5d0ea8d0ee,USR-0127,2024-01-05 16:28:00,fingerprint,0.8865,DEV-0028,New York,1,success,202,False,
332ac35a-833d-4df1-9e11-a680d5016ada,USR-0094,2024-01-05 16:37:00,face,0.8345,DEV-0040,Manchester,1,success,153,False,
1a482803-0204-4c81-9577-32970d093c73,USR-0095,2024-01-05 16:54:00,voice,0.8694,DEV-0034,Manchester,1,success,173,False,
68e8f311-5295-4a96-887b-25d79cf023dd,USR-0065,2024-01-05 16:55:00,face,0.7847,DEV-0020,Manchester,1,success,142,False,
f1bb5d9b-7499-4b6b-9afd-d46442e6918c,USR-0114,2024-01-05 16:55:00,fingerprint,0.8447,DEV-0033,Manchester,1,success,142,False,
6fb0c665-4766-429e-8895-df3c7941a6a4,USR-0193,2024-01-05 17:01:00,fingerprint,0.8802,DEV-0043,Manchester,1,success,230,False,
4eb0c866-29c3-4598-90c2-4f2171bf5c97,USR-0128,2024-01-05 17:04:00,face,0.8578,DEV-0045,Manchester,1,success,168,False,
850a48d4-46b5-48de-9b4b-b8eb537d0bd1,USR-0045,2024-01-05 17:09:00,keystroke_dynamics,0.7424,DEV-0035,New York,1,success,202,False,
ac00f929-bbfb-476c-bde6-67f9bfc46c0e,USR-0077,2024-01-05 17:13:00,voice,0.7774,DEV-0037,Manchester,1,success,205,False,
3503ae05-1efe-4e73-8bb8-815707f6008e,USR-0192,2024-01-05 17:19:00,voice,0.7848,DEV-0026,Manchester,1,success,205,False,
8fd48278-3332-43ab-92f7-70724c81cd72,USR-0168,2024-01-05 17:31:00,face,0.8271,DEV-0030,Manchester,1,success,135,False,
92b26acd-cd1f-45a3-b1b6-5ca175873920,USR-0051,2024-01-05 17:35:00,fingerprint,0.8394,DEV-0020,London,1,success,177,False,
aab133ba-e88f-4ab5-8e59-22e9f182cdf7,USR-0084,2024-01-05 17:36:00,face,0.8588,DEV-0013,New York,1,success,136,False,
2d79a2d1-506e-40c7-baa0-61e9336b00cb,USR-0033,2024-01-05 17:41:00,face,0.7795,DEV-0007,Manchester,1,success,181,False,
9f044aed-7552-4327-8262-7f7312922f83,USR-0005,2024-01-05 17:44:00,fingerprint,0.9473,DEV-0049,London,1,success,221,False,
4fb67094-123c-4911-abd8-ad4d3eacdb28,USR-0073,2024-01-05 17:47:00,fingerprint,0.8436,DEV-0003,Manchester,1,success,198,False,
da2a5b5f-6796-4bd9-a9c6-d4e3e07eaf26,USR-0174,2024-01-05 17:54:00,keystroke_dynamics,0.8193,DEV-0017,London,1,success,197,False,
5380b904-688c-4015-aab9-7e494f2d4796,USR-0006,2024-01-05 17:55:00,keystroke_dynamics,0.6926,DEV-0007,New York,1,success,158,False,
f0533851-dce0-42bb-87ed-ea0271e4dc42,USR-0061,2024-01-05 17:59:00,fingerprint,0.731,DEV-0039,London,1,success,171,False,
33611134-b012-40ab-9fa8-70407c260521,USR-0142,2024-01-05 18:07:00,face,0.8294,DEV-0004,Manchester,1,success,219,False,
489af195-62b6-4594-90f4-c9418fc7ad79,USR-0137,2024-01-05 18:09:00,fingerprint,0.924,DEV-0014,New York,1,success,195,False,
b7b8c1a5-9a45-493d-b227-890e4e76833a,USR-0022,2024-01-05 18:20:00,face,0.8335,DEV-0049,London,1,success,217,False,
9bd972ca-0086-4f9e-ac19-1606a57d4eb4,USR-0101,2024-01-05 18:21:00,voice,0.8208,DEV-0026,New York,1,success,202,False,
7c976337-ee66-4fd2-833b-14ed216c0ed0,USR-0181,2024-01-05 18:21:00,fingerprint,0.8205,DEV-0038,Manchester,1,success,179,False,
4e7ed827-455a-4762-b428-a656b3ee4d3b,USR-0009,2024-01-05 18:26:00,fingerprint,0.8489,DEV-0048,Manchester,1,success,188,False,
a56b61e0-4ba8-44ca-a449-cb6fbf72ae52,USR-0037,2024-01-05 18:28:00,fingerprint,0.7759,DEV-0015,Manchester,1,success,183,False,
ce339ee0-15b5-4510-abfb-9abfeb34e953,USR-0183,2024-01-05 18:33:00,fingerprint,0.8823,DEV-0042,London,1,success,188,False,
a65be22b-d5a3-46d9-8362-a810a2611b8d,USR-0038,2024-01-05 18:34:00,fingerprint,0.8303,DEV-0009,Manchester,1,success,202,False,
98159d6c-9d71-4084-971d-abf9daf481a7,USR-0019,2024-01-05 18:34:00,keystroke_dynamics,0.834,DEV-0012,Manchester,1,success,117,False,
54c3b22e-4c66-4a4d-9a70-ea8ad6881d3e,USR-0070,2024-01-05 18:39:00,keystroke_dynamics,0.8083,DEV-0005,London,1,success,222,False,
c86022c4-b4da-4f04-b951-0a4532cb28ba,USR-0123,2024-01-05 18:41:00,fingerprint,0.8468,DEV-0024,London,1,success,111,False,
f392b60b-64c5-4e2d-ba41-348a7f3dadbd,USR-0154,2024-01-05 18:42:00,fingerprint,0.7695,DEV-0010,New York,1,success,129,False,
788fd0cd-65c0-4b93-88ed-abdd4ef03f80,USR-0044,2024-01-05 18:51:00,voice,0.8455,DEV-0037,London,1,success,227,False,
e3de4ec0-4dfa-41be-a335-b2c89e7b1e95,USR-0052,2024-01-05 18:54:00,keystroke_dynamics,0.8502,DEV-0024,Manchester,1,success,80,False,
7df37378-9f6c-4ab4-b352-2c1845aa9503,USR-0062,2024-01-05 19:02:00,fingerprint,0.8288,DEV-0009,Manchester,1,success,203,False,
a52680b3-e8bc-4007-b47c-76903ec8f48e,USR-0128,2024-01-05 19:17:00,face,0.8298,DEV-0021,Manchester,1,success,238,False,
a38cc35f-12bc-4090-86d6-fba776509bcd,USR-0110,2024-01-05 19:17:00,voice,0.7743,DEV-0032,Manchester,1,success,168,False,
899ca782-e323-4d1a-bc1b-dacc18e19331,USR-0014,2024-01-05 19:23:00,fingerprint,0.8671,DEV-0021,London,1,success,197,False,
a282bbab-fdb0-4520-b2f8-81eb754ce511,USR-0174,2024-01-05 19:23:00,voice,0.8459,DEV-0023,London,1,success,133,False,
934fa5c8-8ac0-48d3-a0d0-2f5a24d6281f,USR-0183,2024-01-05 19:26:00,keystroke_dynamics,0.7326,DEV-0002,London,1,success,261,False,
165607c0-b3fd-4c76-b826-45adbf8f81ea,USR-0130,2024-01-05 19:26:00,face,0.8478,DEV-0011,New York,1,success,166,False,
67b4a019-a452-4530-a717-5804502d3281,USR-0131,2024-01-05 19:27:00,keystroke_dynamics,0.8031,DEV-0037,New York,1,success,222,False,
3e896c64-e117-4ac3-919c-4ea3e1805081,USR-0005,2024-01-05 19:29:00,voice,0.7644,DEV-0049,London,1,success,177,False,
5415668e-4f75-43d1-9610-7189016ff44c,USR-0156,2024-01-05 19:30:00,voice,0.8942,DEV-0049,Manchester,1,success,243,False,
d56f0350-8c45-4ce2-a7f4-8ad54d0b0d1a,USR-0006,2024-01-05 19:36:00,voice,0.7408,DEV-0006,New York,1,success,253,False,
f3a2e957-5bd7-4a7c-b3d7-9809cf6de802,USR-0006,2024-01-05 19:36:00,voice,0.5981,DEV-0006,New York,14,success,253,True,rapid_retry
1bff3142-a5e1-4b55-97d3-f4ddd963dc72,USR-0035,2024-01-05 19:37:00,face,0.7582,DEV-0040,New York,1,success,125,False,
b504cdaf-1708-4003-ba84-3b35c2bde805,USR-0197,2024-01-05 19:48:00,fingerprint,0.8465,DEV-0042,New York,1,success,108,False,
170d7507-05ee-41d4-bf53-a88e4efc8248,USR-0024,2024-01-05 19:49:00,fingerprint,0.8301,DEV-0010,London,1,success,232,False,
ae2e69e2-6c3f-4800-ac13-d7c3e1c72223,USR-0178,2024-01-05 19:55:00,fingerprint,0.865,DEV-0030,New York,1,success,112,False,
399557cb-827e-40b2-a892-0b25ab35f75a,USR-0119,2024-01-05 19:58:00,face,0.8006,DEV-0006,London,1,success,190,False,
2dd2d8c0-76da-4875-84d6-21487fa372cd,USR-0106,2024-01-05 19:59:00,keystroke_dynamics,0.789,DEV-0021,Manchester,1,success,264,False,
63582706-d545-4254-89bc-6a803a887bed,USR-0179,2024-01-05 20:01:00,face,0.8345,DEV-0040,New York,1,success,204,False,
52961fb3-4d40-4b28-9628-ddcd19dd3e8c,USR-0043,2024-01-05 20:02:00,voice,0.8584,DEV-0022,London,1,success,172,False,
1febc9af-b2a8-4456-884b-fa8ce3593ee9,USR-0122,2024-01-05 20:07:00,fingerprint,0.8058,DEV-0016,New York,1,success,127,False,
b55a478e-0541-43ca-ae12-bda9b2ec7ff4,USR-0193,2024-01-05 20:08:00,voice,0.8233,DEV-0003,Manchester,1,success,197,False,
1af026df-3f64-45ee-bccd-9b8c8508df91,USR-0098,2024-01-05 20:15:00,face,0.8197,DEV-0037,London,1,success,195,False,
6d744a0b-3f2d-49c8-a338-e5797521aa18,USR-0069,2024-01-05 20:18:00,face,0.6625,DEV-0032,Manchester,1,success,281,False,
0aecc94d-aebb-469f-bdc2-705ce023282a,USR-0132,2024-01-05 20:25:00,voice,0.8754,DEV-0033,New York,1,success,159,False,
b5950807-ac30-411d-9482-e11e5c56e3aa,USR-0174,2024-01-05 20:27:00,keystroke_dynamics,0.814,DEV-0029,London,1,success,142,False,
a189682b-75f4-4056-b817-93a1df10c0ab,USR-0183,2024-01-05 20:29:00,voice,0.809,DEV-0032,London,1,success,200,False,
4da838b7-6947-4bac-b610-f40d69fe890f,USR-0069,2024-01-05 20:33:00,fingerprint,0.9056,DEV-0009,Manchester,1,success,163,False,
6b7f0864-aff5-4774-b5d5-f4e513893a70,USR-0135,2024-01-05 20:36:00,fingerprint,0.7722,DEV-0021,Manchester,1,success,222,False,
0997623a-e072-4d96-8a1a-81f5ed10f004,USR-0027,2024-01-05 20:38:00,voice,0.7833,DEV-0021,London,1,success,194,False,
dd750e98-90e0-495f-8212-b554464458b4,USR-0012,2024-01-05 20:38:00,keystroke_dynamics,0.8315,DEV-0003,New York,1,success,181,False,
01a0960b-ba89-434b-b224-7627c1e0248e,USR-0180,2024-01-05 20:39:00,fingerprint,0.5424,DEV-0020,London,13,success,140,True,rapid_retry
a0624c48-d713-4c2e-a001-965b66f89b87,USR-0180,2024-01-05 20:39:00,fingerprint,0.7745,DEV-0020,London,1,success,140,False,
1e559419-10bc-44d3-b600-4df4e0de0676,USR-0105,2024-01-05 20:40:00,voice,0.9467,DEV-0014,New York,1,success,145,False,
35afbb2d-336d-4786-b7a3-c30aa1f0fa7a,USR-0052,2024-01-05 20:44:00,face,0.7706,DEV-0045,Manchester,1,success,151,False,
e958c430-d21c-4643-88c0-8457464aea48,USR-0156,2024-01-05 20:49:00,face,0.7894,DEV-0003,Manchester,1,success,214,False,
60b217f9-65f3-4984-9c0d-8fccf8f960bd,USR-0113,2024-01-05 20:50:00,face,0.8971,DEV-0045,New York,1,success,177,False,
70c23600-2554-4c1a-9f88-dda37134ae6e,USR-0068,2024-01-05 20:50:00,keystroke_dynamics,0.8771,DEV-0002,London,1,success,201,False,
ea072198-19ee-4d26-8e4b-36aad4249390,USR-0174,2024-01-05 20:50:00,voice,0.8811,DEV-0049,London,1,success,161,False,
10168d65-4f90-491a-9448-10de2a1b76e3,USR-0103,2024-01-05 20:52:00,keystroke_dynamics,0.8334,DEV-0002,London,1,success,102,False,
243012da-b185-4eb8-9f90-fc872edc017e,USR-0035,2024-01-05 20:55:00,fingerprint,0.8687,DEV-0048,New York,1,success,134,False,
b7014925-22fb-4906-954e-d52c126aa315,USR-0113,2024-01-05 21:04:00,voice,0.8868,DEV-0016,New York,1,success,177,False,
79477aa8-0f1c-4455-871b-3b67d907a314,USR-0186,2024-01-05 21:12:00,voice,0.8789,DEV-0032,New York,1,success,162,False,
3c1d10be-3025-47f7-9f3a-d6e8f6939800,USR-0190,2024-01-05 21:14:00,voice,0.7401,DEV-0004,London,1,success,217,False,
5e09a9ee-af88-4dec-bb1e-143b196f4dfa,USR-0015,2024-01-05 21:16:00,voice,0.904,DEV-0049,London,1,success,216,False,
5e717fca-020a-4497-b4ed-51458d9765c7,USR-0040,2024-01-05 21:19:00,fingerprint,0.9392,DEV-0020,New York,1,success,158,False,
8a624cbd-e582-4678-ad52-29dd639fc471,USR-0032,2024-01-05 21:20:00,fingerprint,0.6873,DEV-0050,New York,1,success,241,False,
c27f9590-333c-4c30-b4a1-1999dfcdd21a,USR-0188,2024-01-05 21:24:00,voice,0.9318,DEV-0022,New York,1,success,154,False,
0273be68-e6c5-4969-8118-71cf79fdcd33,USR-0101,2024-01-05 21:24:00,fingerprint,0.7845,DEV-0048,New York,1,success,242,False,
28815cd9-8821-4541-9cc1-fb5ec7d4a10f,USR-0168,2024-01-05 21:25:00,face,0.7717,DEV-0003,Manchester,1,success,189,False,
2f4cfefb-f798-48a2-8d9e-84ec90e9e294,USR-0077,2024-01-05 21:29:00,face,0.8653,DEV-0032,Manchester,1,success,171,False,
354f184e-5739-4b03-90e9-4dce6241cba3,USR-0074,2024-01-05 21:30:00,fingerprint,0.8818,DEV-0032,London,1,success,166,False,
8c52d271-0a16-4e18-a90e-3e894b9c22f4,USR-0049,2024-01-05 21:36:00,fingerprint,0.8495,DEV-0027,New York,1,success,202,False,
55fccc14-31c0-44f0-a091-129b2f1835b1,USR-0179,2024-01-05 21:48:00,voice,0.8377,DEV-0016,New York,1,success,154,False,
cbb18c79-1036-408d-99a0-90075bb47c18,USR-0036,2024-01-05 21:54:00,voice,0.842,DEV-0032,New York,1,success,167,False,
93b1ee1d-a1a6-4f32-9e4d-acd68116fd6c,USR-0134,2024-01-05 21:54:00,fingerprint,0.7809,DEV-0003,New York,1,success,105,False,
3e141965-14c4-422c-8c90-cdc454ca6257,USR-0169,2024-01-06 02:38:00,keystroke_dynamics,0.8325,DEV-0027,New York,1,success,219,True,off_hours
686cd27d-fd59-4efd-bd14-01de827aae2c,USR-0146,2024-01-06 03:59:00,fingerprint,0.8274,DEV-0043,London,1,success,171,True,off_hours
e004c471-85e1-428d-ae70-f6f5015a749b,USR-0048,2024-01-06 04:32:00,fingerprint,0.7271,DEV-0009,Manchester,1,success,190,True,off_hours
76aac248-edd6-4dd7-aad0-9369e0d3f7c1,USR-0098,2024-01-06 04:55:00,face,0.9008,DEV-0048,London,1,success,237,True,off_hours
e7b986cb-76df-4b9a-bfad-4b74f4c800a4,USR-0076,2024-01-06 04:59:00,keystroke_dynamics,0.7221,DEV-0006,London,1,success,143,True,off_hours
141283fb-e3be-43d6-b26a-030dbc8cfa8f,USR-0061,2024-01-06 07:03:00,keystroke_dynamics,0.7385,DEV-0018,London,1,success,136,False,
bf519362-41a6-4fed-a7ed-c8d8713f8f8c,USR-0027,2024-01-06 07:06:00,voice,0.8392,DEV-0014,London,1,success,233,False,
1e69d7ef-08b3-4111-beb8-62c6676c269f,USR-0119,2024-01-06 07:06:00,face,0.917,DEV-0048,Manchester,1,success,141,False,
71980a55-f224-464c-bd11-b3ff991b749e,USR-0112,2024-01-06 07:07:00,fingerprint,0.8585,DEV-0047,London,1,success,169,False,
0b73ca1c-d1dc-41e5-a9a1-44751958a981,USR-0120,2024-01-06 07:08:00,voice,0.9285,DEV-0024,New York,1,success,245,False,
0b704f97-ded4-4617-914b-e8ca59410ea3,USR-0098,2024-01-06 07:09:00,fingerprint,0.9372,DEV-0016,London,1,success,207,False,
4f75d45a-74a1-4a0d-98e6-3a5577e0ee02,USR-0073,2024-01-06 07:10:00,face,0.8364,DEV-0038,Manchester,1,success,97,False,
467248f6-aaee-4d68-9e09-f48e7e32e5d0,USR-0143,2024-01-06 07:12:00,keystroke_dynamics,0.7536,DEV-0044,New York,1,success,233,False,
011c4544-7fb3-4be5-b6bf-2f7222778161,USR-0052,2024-01-06 07:17:00,voice,0.8337,DEV-0027,Manchester,1,success,222,False,
0c880714-8372-47e0-a570-46ea5b11f51f,USR-0041,2024-01-06 07:18:00,face,0.9243,DEV-0045,Manchester,1,success,167,False,
b7a745e2-e327-419f-9895-cceaafe2ff5c,USR-0135,2024-01-06 07:21:00,face,0.7297,DEV-0043,Manchester,1,success,178,False,
c02627d1-fbd1-40c0-9bfe-679afbcbd6ec,USR-0076,2024-01-06 07:25:00,keystroke_dynamics,0.8037,DEV-0044,London,1,success,229,False,
8dc4c81f-a8fa-4904-bd94-ed9facce693e,USR-0089,2024-01-06 07:26:00,voice,0.8207,DEV-0040,New York,1,success,132,False,
4c91ef0e-644d-452c-ba36-96cc7ccd1ac6,USR-0118,2024-01-06 07:30:00,face,0.8534,DEV-0009,Manchester,1,success,205,False,
290a8303-e1c6-47c2-81d8-93a5ffc7aba2,USR-0179,2024-01-06 07:33:00,voice,0.7546,DEV-0039,New York,1,success,122,False,
cbd431cc-ea7a-4c21-a1a1-a29c5228ed8d,USR-0053,2024-01-06 07:34:00,voice,0.8797,DEV-0003,Manchester,1,success,248,False,
89b5aab0-c121-49db-af12-b150605fb1eb,USR-0030,2024-01-06 07:35:00,keystroke_dynamics,0.8581,DEV-0014,Manchester,1,success,130,False,
57bd0ca8-54ce-40ea-bb9d-92c0d8d0b8db,USR-0112,2024-01-06 07:36:00,fingerprint,0.9156,DEV-0043,London,1,success,238,False,
00684d9c-d2bf-4c31-805f-6a69570078c1,USR-0160,2024-01-06 07:40:00,fingerprint,0.8866,DEV-0042,London,1,success,210,False,
6b1d20b9-8954-4c3d-a10f-2a8a1c59b736,USR-0108,2024-01-06 07:44:00,voice,0.9061,DEV-0027,New York,1,success,106,False,
ce4ba2bb-63d3-4e8e-bcbb-859a95966725,USR-0091,2024-01-06 07:50:00,face,0.9435,DEV-0014,New York,1,success,122,False,
743b9f71-7807-4947-82c2-b367c74d8df0,USR-0076,2024-01-06 07:51:00,voice,0.7889,DEV-0042,London,1,success,188,False,
29d36291-85d4-42c1-9a2d-445326cd4979,USR-0187,2024-01-06 07:51:00,voice,0.8854,DEV-0047,New York,1,success,221,False,
bb0c7919-330c-4ff5-88a5-fa0d09a85dc5,USR-0048,2024-01-06 07:56:00,keystroke_dynamics,0.8199,DEV-0006,Manchester,1,success,156,False,
1456a858-df63-4cb2-89a8-9d04bdc313b8,USR-0167,2024-01-06 07:59:00,voice,0.8271,DEV-0005,London,1,success,147,False,
ca90001c-8943-414f-b668-705d1a10748c,USR-0111,2024-01-06 08:02:00,keystroke_dynamics,0.7645,DEV-0007,Manchester,1,success,161,False,
e3f342a8-f030-4fd4-be54-898e8eda6433,USR-0066,2024-01-06 08:08:00,keystroke_dynamics,0.7576,DEV-0031,London,1,success,257,False,
8677b81d-1902-493b-a947-9974030fe73e,USR-0077,2024-01-06 08:09:00,fingerprint,0.8093,DEV-0018,Manchester,1,success,206,False,
7845a524-b1f0-4f04-a3e5-7b5027dfc6e0,USR-0170,2024-01-06 08:10:00,voice,0.7985,DEV-0020,London,1,success,127,False,
35a7ac9b-48f9-4d0d-9d3b-c1d3a5159982,USR-0080,2024-01-06 08:12:00,voice,0.8656,DEV-0035,London,1,success,110,False,
b7c12a4c-6f4a-454f-afca-07aef17e4a71,USR-0075,2024-01-06 08:14:00,fingerprint,0.8139,DEV-0019,London,1,success,146,False,
d7825ea3-bbff-46e9-93e7-e89335fab528,USR-0076,2024-01-06 08:17:00,voice,0.8565,DEV-0023,London,1,success,157,False,
41f74651-a033-4dad-8fdf-de19cfd835fc,USR-0069,2024-01-06 08:18:00,fingerprint,0.8603,DEV-0025,Manchester,1,success,195,False,
52b0147b-f052-4803-9a96-8e7d0d46e159,USR-0102,2024-01-06 08:19:00,voice,0.8718,DEV-0012,New York,1,success,179,False,
abf2b369-5d0a-46d3-a592-ee7c683199c6,USR-0091,2024-01-06 08:22:00,face,0.8739,DEV-0023,New York,1,success,224,False,
164b85f0-cbfc-421c-bf78-042820bb859a,USR-0117,2024-01-06 08:23:00,fingerprint,0.7325,DEV-0003,New York,1,success,189,False,
362465c1-0dd8-463b-b6a2-bf6979315fc6,USR-0132,2024-01-06 08:25:00,voice,0.8209,DEV-0001,New York,1,success,216,False,
e7775ef5-9ab9-4e1b-9d93-c7bd4c66b4ed,USR-0198,2024-01-06 08:31:00,voice,0.8768,DEV-0011,London,1,success,212,False,
9ba4d5a6-0178-4e26-8eb5-57ac8b22e445,USR-0070,2024-01-06 08:35:00,voice,0.8202,DEV-0049,Manchester,1,success,229,False,
e2c328aa-3310-4475-8a86-22250b36e356,USR-0021,2024-01-06 08:36:00,fingerprint,0.8385,DEV-0049,Manchester,1,success,248,False,
39669fa7-5997-4043-b3b1-025bfff9f585,USR-0008,2024-01-06 08:39:00,keystroke_dynamics,0.7198,DEV-0040,New York,1,success,201,False,
8591a818-91fb-4925-b511-24380d892ced,USR-0099,2024-01-06 08:43:00,face,0.9826,DEV-0041,Manchester,1,success,177,False,
8390bd94-8713-481f-82f8-6229972c8583,USR-0138,2024-01-06 08:45:00,face,0.8686,DEV-0002,London,1,success,229,False,
f00f63ef-e59f-41c2-804e-a81ad3d877a8,USR-0057,2024-01-06 08:47:00,voice,0.738,DEV-0044,Manchester,1,success,203,False,
03ba33a0-fd42-469c-8727-59406bf36656,USR-0111,2024-01-06 08:48:00,voice,0.7626,DEV-0015,Manchester,1,success,272,False,
014b069c-45ce-4149-88f0-06a3ad9f0e53,USR-0162,2024-01-06 08:54:00,face,0.7624,DEV-0035,New York,1,success,132,False,
cdbb6c1f-5a8d-485e-b7eb-a7e91dd07ec8,USR-0152,2024-01-06 08:54:00,face,0.8893,DEV-0001,Manchester,1,success,187,False,
a2e768d7-59b7-463f-9117-f840280d4e22,USR-0155,2024-01-06 08:55:00,keystroke_dynamics,0.7254,DEV-0049,New York,1,success,145,False,
37abaed7-86fa-4a83-b651-1c939a0fb0b8,USR-0137,2024-01-06 08:55:00,keystroke_dynamics,0.8265,DEV-0027,New York,1,success,170,False,
b58194e0-04a0-4d55-b98e-1dc038a8ab55,USR-0162,2024-01-06 08:59:00,fingerprint,0.7784,DEV-0046,New York,1,success,193,False,
5ed560c3-7afe-417e-8f9b-6d33be00565d,USR-0184,2024-01-06 09:01:00,voice,0.7549,DEV-0028,New York,1,success,230,False,
96053035-6545-4030-a981-fa54f121e129,USR-0043,2024-01-06 09:03:00,voice,0.8798,DEV-0003,London,1,success,161,False,
ad4b24ec-5b67-4a25-82c4-5041e1831003,USR-0096,2024-01-06 09:04:00,keystroke_dynamics,0.9323,DEV-0044,New York,1,success,145,False,
bbe30fd2-4ed7-43f3-9609-52eb61fe6f28,USR-0115,2024-01-06 09:08:00,fingerprint,0.8818,DEV-0029,London,1,success,164,False,
85915036-288c-4222-8148-a2458be64b98,USR-0135,2024-01-06 09:09:00,face,0.9038,DEV-0048,Manchester,1,success,197,False,
1b493710-38de-44f1-973d-18559a039d06,USR-0118,2024-01-06 09:14:00,face,0.848,DEV-0003,Manchester,1,success,158,False,
5a6f9b6b-5070-4efc-b7ca-273b3506880f,USR-0196,2024-01-06 09:14:00,face,0.8223,DEV-0036,Manchester,1,success,160,False,
b52f5f46-c0b0-4dd0-bac9-b5b642e88605,USR-0101,2024-01-06 09:20:00,fingerprint,0.7154,DEV-0008,New York,1,success,186,False,
2b24ef63-f6f3-4192-b2da-dc219b7cd539,USR-0122,2024-01-06 09:21:00,face,0.7681,DEV-0034,Manchester,1,success,243,False,
e1b33498-8974-4baf-9928-3cfc76da7bc3,USR-0167,2024-01-06 09:23:00,fingerprint,0.8061,DEV-0032,London,1,success,166,False,
7b67caba-8675-4c71-9eeb-96012b4b8171,USR-0165,2024-01-06 09:32:00,voice,0.7928,DEV-0040,Manchester,1,success,248,False,
d91b1cb6-35ea-4d3e-b77d-ff3ad3f04058,USR-0118,2024-01-06 09:34:00,face,0.8654,DEV-0016,Manchester,1,success,169,False,
5b9e75f4-12e0-4b9c-8288-49d95ce195be,USR-0104,2024-01-06 09:35:00,voice,0.8224,DEV-0004,Manchester,1,success,123,False,
ec6a37ad-81b1-4db9-88cc-4d49669b29b8,USR-0034,2024-01-06 09:36:00,face,0.8521,DEV-0048,New York,1,success,215,False,
4a90cd0c-24c1-43b9-b7f2-85723defa849,USR-0021,2024-01-06 09:40:00,keystroke_dynamics,0.8997,DEV-0026,Manchester,1,success,202,False,
e8fe6095-2cb3-4e23-9a94-0c6c1c8e806b,USR-0076,2024-01-06 09:43:00,keystroke_dynamics,0.7221,DEV-0006,London,1,success,143,False,
a3a6ef83-cab6-4107-afd6-9b3af2dd9456,USR-0043,2024-01-06 09:43:00,voice,0.8251,DEV-0040,London,1,success,60,False,
764f6842-f955-4aad-b5e0-bcbf5420d149,USR-0171,2024-01-06 09:52:00,fingerprint,0.8994,DEV-0026,New York,1,success,157,False,
b1f20ebf-7d76-4495-b10f-c4158f7c0071,USR-0156,2024-01-06 09:52:00,voice,0.7063,DEV-0028,Manchester,1,success,173,False,
cb317618-daaf-463a-8a06-3bf5839818fc,USR-0162,2024-01-06 09:54:00,face,0.8594,DEV-0008,New York,1,success,192,False,
e8956041-1e71-4fa9-b815-c7df0f2c01b7,USR-0086,2024-01-06 09:55:00,fingerprint,0.8546,DEV-0015,London,1,success,119,False,
214bd473-e375-4867-acc5-60710febecad,USR-0098,2024-01-06 09:59:00,face,0.9008,DEV-0048,London,1,success,237,False,
b44aad77-b20c-4a3f-bee8-acf10b3e2b6e,USR-0156,2024-01-06 10:01:00,face,0.7452,DEV-0018,Manchester,1,success,114,False,
cb9aefff-6ef7-45aa-9f7a-63af9cc41ca3,USR-0141,2024-01-06 10:02:00,voice,0.707,DEV-0021,Manchester,1,success,119,False,
66c67afa-057f-41df-a3af-85416eb194b8,USR-0169,2024-01-06 10:03:00,voice,0.9705,DEV-0028,New York,1,success,252,False,
af3f9d9a-b272-4aa7-9d30-c42e8cf29000,USR-0057,2024-01-06 10:10:00,keystroke_dynamics,0.8314,DEV-0007,Manchester,1,success,191,False,
73dd8d31-40e1-4b51-9128-58041243161c,USR-0192,2024-01-06 10:15:00,voice,0.8428,DEV-0005,London,1,success,241,False,
fd55c844-c242-47c5-8613-71c199fd92a4,USR-0175,2024-01-06 10:17:00,keystroke_dynamics,0.8625,DEV-0006,London,1,success,200,False,
53133ea1-0c3c-400f-88a1-34aa722d8397,USR-0174,2024-01-06 10:22:00,fingerprint,0.7358,DEV-0003,Manchester,1,success,217,False,
df42eabd-604f-4c8d-961a-9968230a37e5,USR-0153,2024-01-06 10:23:00,voice,0.8389,DEV-0048,New York,1,success,178,False,
dcb9075e-cdd7-4460-a140-77d39ec4ea48,USR-0033,2024-01-06 10:39:00,voice,0.8941,DEV-0013,Manchester,1,success,137,False,
2ba4d656-610c-4ade-bed9-9a6b6c3786c2,USR-0122,2024-01-06 10:39:00,keystroke_dynamics,0.7475,DEV-0050,Manchester,1,success,157,False,
cec3a6f4-9262-4536-a14e-21f714f16d92,USR-0103,2024-01-06 10:40:00,keystroke_dynamics,0.8474,DEV-0012,London,1,success,58,False,
21f3eb6f-3298-4758-b585-ac00d3c874bd,USR-0056,2024-01-06 10:49:00,keystroke_dynamics,0.4706,DEV-0006,New York,1,success,187,True,low_score_bypass
2598f383-9280-4da2-a40b-50e40a086989,USR-0056,2024-01-06 10:49:00,keystroke_dynamics,0.887,DEV-0006,New York,1,success,187,False,
8e990457-e0b1-4762-8524-f0470bf2fb51,USR-0096,2024-01-06 10:49:00,keystroke_dynamics,0.8291,DEV-0011,New York,1,success,168,False,
05c8234b-1d76-4a66-b5f5-9cb0cf685878,USR-0035,2024-01-06 10:53:00,keystroke_dynamics,0.7134,DEV-0039,New York,1,success,196,False,
4497734d-77a0-4a7f-b027-8488be015802,USR-0090,2024-01-06 10:55:00,keystroke_dynamics,0.8089,DEV-0038,London,1,success,228,False,
1fe771d6-d917-4793-a9d3-c2e6505cc686,USR-0006,2024-01-06 11:00:00,face,0.9514,DEV-0018,New York,1,success,147,False,
144be8bc-e207-4595-be20-9925a72427a6,USR-0162,2024-01-06 11:02:00,keystroke_dynamics,0.813,DEV-0010,New York,1,success,199,False,
a5b8f158-f64c-41bf-b774-6c098669ba60,USR-0198,2024-01-06 11:10:00,voice,0.7789,DEV-0029,London,1,success,120,False,
564cfbd2-bc92-4d81-839b-058c2faabe0b,USR-0027,2024-01-06 11:25:00,face,0.7484,DEV-0040,London,1,success,216,False,
1a354475-8399-4ac5-8f43-a2509f795228,USR-0072,2024-01-06 11:31:00,voice,0.8613,DEV-0022,Manchester,1,success,152,False,
3c07c574-4925-4af1-b6aa-e05b13d5f2f7,USR-0007,2024-01-06 11:35:00,fingerprint,0.9379,DEV-0036,Manchester,1,success,181,False,
867772d3-ee7a-4de6-866d-fe25f31dde25,USR-0091,2024-01-06 11:36:00,fingerprint,0.8871,DEV-0009,New York,1,success,230,False,
9191b363-4e2d-4645-adc7-cac7fd72b050,USR-0009,2024-01-06 11:44:00,voice,0.7994,DEV-0022,Manchester,1,success,165,False,
90c0e607-4a63-4fc3-926a-ab2718ef2501,USR-0142,2024-01-06 11:45:00,fingerprint,0.8316,DEV-0006,Manchester,1,success,247,False,
a1726883-d971-4e00-a4ad-5e9bfedd22d9,USR-0060,2024-01-06 11:49:00,fingerprint,0.7095,DEV-0010,New York,1,success,215,False,
5d2e7b90-acb6-4e81-a8f6-0796f200a32c,USR-0082,2024-01-06 11:58:00,voice,0.8264,DEV-0022,London,1,success,167,False,
8567c805-34f5-41c0-88c5-eb2a7490adeb,USR-0035,2024-01-06 11:59:00,face,0.8836,DEV-0034,New York,1,success,204,False,
7f702973-7aca-4b76-a2ec-f870bb15894a,USR-0122,2024-01-06 12:06:00,voice,0.8186,DEV-0020,Manchester,1,success,200,False,
ec1a86d3-5683-4783-9575-9337549c9eb9,USR-0072,2024-01-06 12:07:00,voice,0.8629,DEV-0044,Manchester,1,success,275,False,
04b40ac9-2831-4f0d-be90-63fb64b5d9a5,USR-0068,2024-01-06 12:11:00,face,0.7879,DEV-0013,London,1,success,191,False,
817c6779-d52d-4f91-864f-e16479472ea4,USR-0143,2024-01-06 12:16:00,face,0.812,DEV-0020,New York,1,success,188,False,
bad78868-cb6e-4774-93a2-014b45f7eef8,USR-0068,2024-01-06 12:21:00,face,0.7879,DEV-0013,Lagos,1,success,191,True,geo_jump
9de2fd3f-f952-41e8-9029-733c9e55f98d,USR-0095,2024-01-06 12:26:00,voice,0.7599,DEV-0010,London,1,success,143,False,
81e58eee-f9c0-4d4d-8bd0-3267bd0e01ce,USR-0083,2024-01-06 12:32:00,face,0.6758,DEV-0023,New York,1,success,235,False,
4830effe-dd8a-4f0a-9278-f380b3510ddc,USR-0122,2024-01-06 13:02:00,fingerprint,0.8256,DEV-0041,Manchester,1,success,229,False,
5fed5cb7-a6e8-4b4f-a5bb-7f3b687bb3ce,USR-0150,2024-01-06 13:02:00,face,0.6963,DEV-0016,New York,1,success,197,False,
05e05148-26d6-404f-bc82-3de9d73c9259,USR-0196,2024-01-06 13:04:00,keystroke_dynamics,0.635,DEV-0036,Manchester,1,success,196,False,
c156e501-b30e-46e8-b9da-5f8c4e35da80,USR-0037,2024-01-06 13:06:00,fingerprint,0.8397,DEV-0005,Manchester,1,success,216,False,
7416386b-46af-440d-95d8-a81a81ceb20e,USR-0152,2024-01-06 13:07:00,voice,0.8202,DEV-0004,Manchester,1,success,172,False,
bd76bb2f-f189-4bad-aad8-8bca53cf14e1,USR-0178,2024-01-06 13:09:00,face,0.9001,DEV-0039,New York,1,success,148,False,
e8c44e4c-5ce1-4cc2-96c7-02a1a3e2ac17,USR-0121,2024-01-06 13:12:00,voice,0.8727,DEV-0005,New York,1,success,194,False,
4f489f45-92b4-402c-bb2e-60e16ae63480,USR-0098,2024-01-06 13:20:00,fingerprint,0.9122,DEV-0037,London,1,success,203,False,
7e808d05-ac71-4531-93c7-24e8742632d7,USR-0092,2024-01-06 13:30:00,voice,0.8839,DEV-0022,London,1,success,169,False,
46cbeb60-37d7-4d4a-b718-a6ad2209cd5f,USR-0092,2024-01-06 13:30:00,voice,0.4144,DEV-0022,London,1,success,169,True,low_score_bypass
8b0901ab-c66d-4eb3-8494-5e091d3ca5a4,USR-0036,2024-01-06 13:32:00,fingerprint,0.773,DEV-0036,New York,1,success,152,False,
c425d020-4389-4f66-9780-29e939d00762,USR-0138,2024-01-06 13:33:00,fingerprint,0.8788,DEV-0035,London,1,success,170,False,
2ad55c0b-69fb-4fe6-b346-1e07f72cb6c8,USR-0061,2024-01-06 13:35:00,keystroke_dynamics,0.7567,DEV-0049,London,1,success,185,False,
de823285-01e7-40a0-af18-2049b329b6a4,USR-0061,2024-01-06 13:35:00,keystroke_dynamics,0.3221,DEV-0049,London,1,success,185,True,low_score_bypass
924d4a86-efed-4e52-b9f7-3374e92af09b,USR-0179,2024-01-06 13:36:00,face,0.839,DEV-0001,New York,1,success,186,False,
a8dbe9a1-d857-4c60-88f7-972661ae2255,USR-0133,2024-01-06 13:37:00,face,0.7906,DEV-0045,New York,1,success,168,False,
331bd602-9dd0-4e04-8485-742a6d22313c,USR-0124,2024-01-06 13:49:00,fingerprint,0.7228,DEV-0031,London,1,success,205,False,
2a2e1e6a-1bff-46f4-93b2-d1abf4e580aa,USR-0083,2024-01-06 13:50:00,keystroke_dynamics,0.8862,DEV-0007,New York,1,success,237,False,
7c4cec7d-ce55-454e-b68d-6f3819e3b84f,USR-0173,2024-01-06 13:53:00,keystroke_dynamics,0.8322,DEV-0012,Manchester,1,success,123,False,
ce177b4e-0837-48a3-9261-a7ab3aa2e4f9,USR-0001,2024-01-06 14:00:00,voice,0.8157,DEV-0033,New York,1,success,220,False,
baaeebf8-9a24-4525-abbe-2bd65a1341e7,USR-0092,2024-01-06 14:02:00,voice,0.6848,DEV-0039,London,1,success,193,False,
6e5fbf71-9749-42b0-b1ad-e82ad05cc78d,USR-0074,2024-01-06 14:11:00,face,0.7692,DEV-0013,London,1,success,217,False,
6dd49c96-6744-4b9e-aded-cba5a22c3d4f,USR-0048,2024-01-06 14:15:00,fingerprint,0.7271,DEV-0009,Manchester,1,success,190,False,
af475b49-c775-4395-9494-05f02cd2a404,USR-0021,2024-01-06 14:18:00,face,0.8598,DEV-0012,Manchester,1,success,226,False,
cf3ee4aa-594f-4d27-9dcd-0d40d6415102,USR-0089,2024-01-06 14:20:00,fingerprint,0.809,DEV-0023,New York,1,success,80,False,
38aa76df-db6b-439b-b6dd-9529f704d72f,USR-0046,2024-01-06 14:25:00,keystroke_dynamics,0.7977,DEV-0020,Manchester,1,success,197,False,
f4fd25b7-384f-4e3b-8680-4a8a515f352c,USR-0053,2024-01-06 14:27:00,face,0.8723,DEV-0020,Manchester,1,success,167,False,
67213a70-17d5-4f59-84d5-98f7e14fe093,USR-0036,2024-01-06 14:27:00,face,0.7389,DEV-0027,New York,1,success,127,False,
7972c629-b248-41dd-a19c-44966856c822,USR-0176,2024-01-06 14:30:00,keystroke_dynamics,0.87,DEV-0034,London,1,success,203,False,
27165ab6-73c1-4557-b6e2-6e93e62abbfe,USR-0184,2024-01-06 14:30:00,face,0.921,DEV-0040,New York,1,success,166,False,
3c862582-6202-435d-9756-fd3353ae1065,USR-0137,2024-01-06 14:41:00,voice,0.8696,DEV-0050,New York,1,success,175,False,
efb2d33c-171a-4532-8d07-018b416aa7f6,USR-0092,2024-01-06 14:47:00,fingerprint,0.787,DEV-0003,London,1,success,200,False,
1b5829c9-24ef-45a7-b7cf-65ca6c412493,USR-0091,2024-01-06 14:55:00,fingerprint,0.8464,DEV-0021,New York,1,success,230,False,
3730dfba-6494-4d5c-9a29-6905ee22a70b,USR-0052,2024-01-06 14:58:00,face,0.8408,DEV-0002,Manchester,1,success,280,False,
083ed925-c90d-45aa-914c-c11c05f30bc5,USR-0108,2024-01-06 15:00:00,fingerprint,0.8123,DEV-0012,New York,1,success,159,False,
e6876705-0431-49ef-a46e-c70f3e97037d,USR-0198,2024-01-06 15:02:00,voice,0.9107,DEV-0035,London,1,success,127,False,
278976c9-4b7d-4b08-ac5b-fe79709ad1ab,USR-0164,2024-01-06 15:05:00,keystroke_dynamics,0.8153,DEV-0017,Manchester,1,success,159,False,
025ec446-663f-430d-ab0b-b4578c0dc409,USR-0155,2024-01-06 15:10:00,keystroke_dynamics,0.9378,DEV-0027,New York,1,success,193,False,
893ad232-98c3-43ca-bff4-cec6e7b7b4c6,USR-0021,2024-01-06 15:10:00,voice,0.7347,DEV-0036,Manchester,1,success,240,False,
d1b60755-81d1-4226-bcc5-6af30eac5e90,USR-0104,2024-01-06 15:20:00,face,0.8226,DEV-0048,Manchester,1,success,106,False,
75e913d8-2a53-4bd6-a55f-daa5756e3fd6,USR-0159,2024-01-06 15:21:00,face,0.6416,DEV-0035,London,1,success,129,False,
50bf2995-9ee4-405d-9f06-bc767b777e71,USR-0059,2024-01-06 15:23:00,fingerprint,0.7913,DEV-0039,Manchester,1,success,194,False,
a2379e6f-d473-4534-9aea-635257632e1e,USR-0052,2024-01-06 15:29:00,face,0.8171,DEV-0013,Manchester,1,success,173,False,
447809c0-b129-4cb7-8b24-8c7e0e4ddb72,USR-0128,2024-01-06 15:36:00,voice,0.6931,DEV-0027,Manchester,1,success,163,False,
c3cb0c28-474c-4a29-bfc5-ae23b9a6bd75,USR-0088,2024-01-06 15:46:00,voice,0.8255,DEV-0050,London,1,success,117,False,
928b1e4b-4c47-4ded-b2e0-6bb41fef9a77,USR-0097,2024-01-06 15:58:00,fingerprint,0.7411,DEV-0011,New York,1,success,232,False,
0e721365-a4e6-4afd-a6cc-d201335dc080,USR-0179,2024-01-06 15:58:00,voice,0.7734,DEV-0037,New York,1,success,170,False,
75175f39-7354-44fb-a44a-0371c5ab4e57,USR-0052,2024-01-06 16:03:00,face,0.6886,DEV-0021,Manchester,1,success,227,False,
5982aa44-5573-48cf-8ba5-605069fe99a9,USR-0071,2024-01-06 16:03:00,fingerprint,0.6937,DEV-0048,London,1,success,261,False,
97187943-6168-44a8-855f-30a134a450e3,USR-0170,2024-01-06 16:03:00,face,0.7538,DEV-0024,London,1,success,141,False,
d577c131-08b9-4ed4-9e94-da10205b9db8,USR-0151,2024-01-06 16:05:00,keystroke_dynamics,0.8209,DEV-0044,New York,1,success,195,False,
0c858238-4746-4fb7-b3c3-2015dbb93bf6,USR-0172,2024-01-06 16:11:00,voice,0.8128,DEV-0017,Manchester,1,success,166,False,
32a807cc-2c47-4336-8006-1add316c00bc,USR-0135,2024-01-06 16:11:00,keystroke_dynamics,0.8785,DEV-0005,Manchester,1,success,194,False,
527c9dea-6324-4e63-b535-ddc2c555b4b5,USR-0135,2024-01-06 16:17:00,keystroke_dynamics,0.8785,DEV-0005,Berlin,1,success,194,True,geo_jump
7d8da92b-93ba-44a3-a3cd-8a4471e64bce,USR-0120,2024-01-06 16:20:00,keystroke_dynamics,0.8718,DEV-0006,New York,1,success,210,False,
76f2dbfe-cd29-436f-a222-82e174daaebf,USR-0006,2024-01-06 16:27:00,keystroke_dynamics,0.7178,DEV-0006,New York,1,success,177,False,
b0736dd1-f443-464c-a269-9a4400d8c046,USR-0078,2024-01-06 16:27:00,face,0.8622,DEV-0036,Manchester,1,success,201,False,
d2f18f28-a61b-4c7d-8511-2d7f12ecaf24,USR-0179,2024-01-06 16:33:00,keystroke_dynamics,0.9087,DEV-0012,New York,1,success,138,False,
ef60250e-a055-41d3-8c16-ab4e97b018b0,USR-0103,2024-01-06 16:33:00,face,0.8413,DEV-0007,London,1,success,107,False,
5d2d113b-fb5e-4c15-8bfa-e8d6b4ed4d1d,USR-0175,2024-01-06 16:37:00,keystroke_dynamics,0.7744,DEV-0023,London,1,success,147,False,
2b729d66-504f-4e7c-b46e-49a81817dac5,USR-0131,2024-01-06 16:44:00,fingerprint,0.833,DEV-0050,New York,1,success,191,False,
b5cbe3f5-6a66-4184-bde1-bf5daf4847f0,USR-0036,2024-01-06 17:02:00,voice,0.8186,DEV-0016,New York,1,success,173,False,
c6141017-11e1-41c7-98cc-84170067743e,USR-0115,2024-01-06 17:12:00,keystroke_dynamics,0.8156,DEV-0043,London,1,success,255,False,
cea95510-54de-4c80-908d-13dff3dcd264,USR-0104,2024-01-06 17:12:00,voice,0.7124,DEV-0043,Manchester,1,success,201,False,
402bf495-39e9-46ef-bff1-80d21af03c73,USR-0171,2024-01-06 17:16:00,voice,0.7269,DEV-0013,New York,1,success,240,False,
c2a59d7b-2bd3-4971-ab10-b78675656daf,USR-0080,2024-01-06 17:19:00,fingerprint,0.7439,DEV-0010,London,1,success,173,False,
6eb6d54b-f697-4fbb-b39b-feb6d632919d,USR-0173,2024-01-06 17:25:00,voice,0.7478,DEV-0032,Manchester,1,success,140,False,
5e331ed8-48f0-4cb2-9398-6e7f9f2c7e7f,USR-0200,2024-01-06 17:30:00,keystroke_dynamics,0.8102,DEV-0005,London,1,success,154,False,
27aa7cbc-2337-4bbc-bffe-77c839feb99c,USR-0019,2024-01-06 17:37:00,keystroke_dynamics,0.8206,DEV-0006,Manchester,1,success,127,False,
7202fae5-767d-4b27-bade-4367e0bd202c,USR-0055,2024-01-06 17:37:00,voice,0.8978,DEV-0019,London,1,success,135,False,
c2d031ad-1bc6-429e-82f1-9c7b91f29ea4,USR-0179,2024-01-06 17:41:00,keystroke_dynamics,0.8654,DEV-0041,New York,1,success,207,False,
863dfcd6-4e06-48d0-8ddb-545b61eaaa65,USR-0067,2024-01-06 17:48:00,voice,0.8582,DEV-0043,London,1,success,244,False,
01440fa3-5fcf-4c27-868e-47b0d87db947,USR-0159,2024-01-06 17:49:00,fingerprint,0.9298,DEV-0004,London,1,success,199,False,
15fa9483-f633-4c2d-aba9-00e16a7d5d96,USR-0035,2024-01-06 17:53:00,keystroke_dynamics,0.6908,DEV-0002,New York,1,success,223,False,
cfdfc6f9-eb0f-427c-a82a-3879f2b5a7ea,USR-0048,2024-01-06 17:59:00,fingerprint,0.7844,DEV-0004,Manchester,1,success,173,False,
887b03e5-e980-4808-b5ac-824c2c55aef7,USR-0026,2024-01-06 18:00:00,keystroke_dynamics,0.8507,DEV-0050,New York,1,success,234,False,
93683dd6-5050-427e-8e38-5d03a0d80651,USR-0092,2024-01-06 18:05:00,face,0.7972,DEV-0021,London,1,success,129,False,
d37d8533-714a-4ae0-b98e-1f36ffdb3a38,USR-0174,2024-01-06 18:06:00,fingerprint,0.8553,DEV-0023,Manchester,1,success,127,False,
13c37b5d-bbf8-4a91-b7a9-f824eafa4d5b,USR-0067,2024-01-06 18:10:00,fingerprint,0.819,DEV-0027,London,1,success,175,False,
5832c8de-521b-48c2-b0c3-ef8a592ab43d,USR-0067,2024-01-06 18:12:00,face,0.7578,DEV-0028,London,1,success,206,False,
076451d3-275d-4459-92d3-6897d6442365,USR-0094,2024-01-06 18:16:00,fingerprint,0.8424,DEV-0028,Manchester,1,success,238,False,
473bd358-610e-4a64-a130-1617c2dff335,USR-0008,2024-01-06 18:19:00,fingerprint,0.8057,DEV-0003,New York,1,success,143,False,
b4adaf89-0ff1-4a9f-ba37-0623bc5fd4dd,USR-0026,2024-01-06 18:27:00,keystroke_dynamics,0.8785,DEV-0042,New York,1,success,200,False,
edb68b81-cec6-4cfe-a3fd-17f02ae63af6,USR-0061,2024-01-06 18:34:00,fingerprint,0.8159,DEV-0020,London,1,success,194,False,
436e3c49-770e-49db-b092-d40143675d58,USR-0044,2024-01-06 18:38:00,keystroke_dynamics,0.7479,DEV-0040,London,1,success,164,False,
334477eb-56b0-4052-b2f7-5350f9a732dc,USR-0088,2024-01-06 18:49:00,fingerprint,0.7736,DEV-0010,London,1,success,145,False,
bab3d9a3-dfa4-46da-b2b0-74a331d16ea8,USR-0180,2024-01-06 18:50:00,face,0.8733,DEV-0019,London,1,success,176,False,
fa34d2e8-dd3f-4d7e-a508-dc9513a4a492,USR-0019,2024-01-06 18:50:00,voice,0.822,DEV-0011,Manchester,1,success,149,False,
6c362d23-1916-4984-8510-c97a89fd09b5,USR-0192,2024-01-06 18:51:00,voice,0.8069,DEV-0022,London,1,success,170,False,
2fa17fe6-698e-4981-b136-9512916e1089,USR-0175,2024-01-06 18:59:00,fingerprint,0.8495,DEV-0020,London,1,success,210,False,
a6f2f7b8-0cf3-4b58-9910-8be58ce21ea3,USR-0003,2024-01-06 18:59:00,voice,0.767,DEV-0027,New York,1,success,186,False,
69824369-ebb1-4253-8ad2-a7ba194b3b6e,USR-0174,2024-01-06 19:04:00,voice,0.8583,DEV-0050,Manchester,1,success,188,False,
3d846fc9-c3f6-4136-846d-5a3b2661c426,USR-0047,2024-01-06 19:04:00,voice,0.7199,DEV-0050,New York,1,success,222,False,
86e52753-7c93-46cc-97d7-a560adb14670,USR-0017,2024-01-06 19:08:00,keystroke_dynamics,0.7366,DEV-0024,London,1,success,114,False,
66fba71d-b3a9-4caa-ac6f-6d2e6a59c043,USR-0038,2024-01-06 19:17:00,fingerprint,0.7978,DEV-0026,Manchester,1,success,123,False,
a8c1fb64-39bd-43ed-a481-2414f139dc4b,USR-0171,2024-01-06 19:18:00,fingerprint,0.7518,DEV-0044,New York,1,success,189,False,
18d939eb-ad1a-4fd5-8909-8704e03c119a,USR-0181,2024-01-06 19:18:00,voice,0.795,DEV-0018,Manchester,1,success,176,False,
813be64b-9c46-44d3-b5fa-46fe6e951719,USR-0101,2024-01-06 19:24:00,face,0.9265,DEV-0017,New York,1,success,120,False,
060072c3-ea7a-409e-a77e-e2a9853b0173,USR-0182,2024-01-06 19:25:00,face,0.733,DEV-0012,New York,1,success,171,False,
092351d9-fedc-4b65-84aa-6e12208a9c4f,USR-0179,2024-01-06 19:30:00,keystroke_dynamics,0.7698,DEV-0026,New York,1,success,105,False,
9268b5df-95bb-4e09-b0e1-3734ee523a03,USR-0181,2024-01-06 19:47:00,fingerprint,0.6969,DEV-0016,Manchester,1,success,192,False,
82f73861-1adb-48cf-a60c-1638d4a5a81e,USR-0049,2024-01-06 19:50:00,face,0.8717,DEV-0037,New York,1,success,185,False,
a61f0b96-e75f-445a-aa1d-3fc65f31273d,USR-0037,2024-01-06 20:01:00,face,0.7679,DEV-0047,Manchester,1,success,201,False,
01ae7eb1-4d45-4ea5-a3ec-4f6afe503fdc,USR-0066,2024-01-06 20:01:00,fingerprint,0.8033,DEV-0012,London,1,success,231,False,
861b4f5b-45a0-4539-ade8-370ace9e9ebd,USR-0039,2024-01-06 20:02:00,face,0.8654,DEV-0007,Manchester,1,success,204,False,
ccc34f70-b299-4e18-a2c5-26ab6424fa05,USR-0143,2024-01-06 20:04:00,keystroke_dynamics,0.7872,DEV-0023,New York,1,success,129,False,
777028e6-a53d-4350-9bd1-b61cecba63b3,USR-0190,2024-01-06 20:14:00,face,0.859,DEV-0012,London,1,success,111,False,
e9eba9fe-9a5e-43f5-8c94-d15ca13d2600,USR-0108,2024-01-06 20:20:00,face,0.7661,DEV-0011,New York,1,success,154,False,
8c357321-4abf-4f5c-8cc7-147ff6e5203c,USR-0052,2024-01-06 20:24:00,voice,0.8399,DEV-0036,Manchester,1,success,238,False,
295d6fbf-430f-401d-bad4-09e2a319dcb4,USR-0005,2024-01-06 20:29:00,face,0.7846,DEV-0040,London,1,success,213,False,
eb068b1e-6fc0-474f-97d7-14f13192c29c,USR-0146,2024-01-06 20:29:00,fingerprint,0.8274,DEV-0043,London,1,success,171,False,
460db751-39cb-441a-8c50-1beade6d4e25,USR-0121,2024-01-06 20:31:00,keystroke_dynamics,0.9176,DEV-0043,New York,1,success,189,False,
e387eb15-6765-43bf-b9ea-88738a9db593,USR-0198,2024-01-06 20:31:00,keystroke_dynamics,0.7623,DEV-0001,London,1,success,197,False,
d6d24227-2d5c-4a61-a302-1daa5ba3a49c,USR-0101,2024-01-06 20:33:00,keystroke_dynamics,0.7823,DEV-0041,New York,1,success,231,False,
7ee667de-d93e-4a4d-aa6a-642bfabfa7ef,USR-0095,2024-01-06 20:33:00,keystroke_dynamics,0.8235,DEV-0012,London,1,success,169,False,
5309c42a-762e-4da3-a146-04df77069f94,USR-0184,2024-01-06 20:35:00,face,0.8319,DEV-0021,New York,1,success,98,False,
abfe1fb5-a6c2-4716-b7bd-77509a7650dd,USR-0188,2024-01-06 20:37:00,face,0.7848,DEV-0043,New York,1,success,193,False,
4bde7d88-3867-462d-9a3b-ce8e4dac49f6,USR-0126,2024-01-06 20:38:00,face,0.7527,DEV-0029,New York,1,success,235,False,
f46976af-10be-43e8-9aba-c34bae9802fa,USR-0175,2024-01-06 20:44:00,keystroke_dynamics,0.7951,DEV-0003,London,1,success,208,False,
ba05dd0f-a966-4a5a-aecf-1ed21861c9f3,USR-0051,2024-01-06 20:45:00,face,0.7983,DEV-0011,London,1,success,177,False,
7ef74fdb-17fc-4335-baa0-3208e6f47dcf,USR-0128,2024-01-06 20:48:00,voice,0.8279,DEV-0033,Manchester,1,success,215,False,
6a7330b3-ecfa-4700-a790-eee07dcfe924,USR-0113,2024-01-06 20:49:00,fingerprint,0.8073,DEV-0005,Manchester,1,success,201,False,
0e5dd462-cbd0-4ef2-930a-37df0bc61066,USR-0012,2024-01-06 20:49:00,keystroke_dynamics,0.7832,DEV-0045,New York,1,success,164,False,
d8718196-093c-4582-837d-f82ef0a4be8a,USR-0154,2024-01-06 20:56:00,voice,0.7226,DEV-0014,New York,1,success,131,False,
2d1b143e-1da6-436d-acc3-f8aaa9943d14,USR-0153,2024-01-06 21:02:00,face,0.8418,DEV-0008,New York,1,success,133,False,
2ba009ec-55c8-4441-9145-c6f899960a38,USR-0134,2024-01-06 21:08:00,voice,0.8331,DEV-0036,New York,1,success,160,False,
4ef8a787-34c5-4d5b-a5f5-ed6fc5e2cdcc,USR-0169,2024-01-06 21:09:00,keystroke_dynamics,0.8325,DEV-0027,New York,1,success,219,False,
6b4203f7-d2cd-4f44-94ed-228b65773498,USR-0191,2024-01-06 21:10:00,fingerprint,0.7941,DEV-0033,London,1,success,277,False,
3c48c936-4305-4a31-b9e3-89054a4a15ea,USR-0093,2024-01-06 21:19:00,face,0.7979,DEV-0037,New York,1,success,212,False,
6e43b319-f929-4271-b220-58f9bdb2fd9e,USR-0141,2024-01-06 21:22:00,face,0.7993,DEV-0041,Manchester,1,success,189,False,
2a6445d3-48e8-4f79-98eb-a4621976a39a,USR-0152,2024-01-06 21:23:00,fingerprint,0.7378,DEV-0024,Manchester,1,success,250,False,
eeb47b07-8239-41c4-ad52-09e76c8a30c1,USR-0122,2024-01-06 21:27:00,face,0.8295,DEV-0047,Manchester,1,success,187,False,
326684ff-3ffe-4652-aac0-32fa130e8618,USR-0103,2024-01-06 21:28:00,face,0.793,DEV-0033,London,1,success,149,False,
ee3f0127-d7de-4f4d-b9ec-02ca9e4152f9,USR-0172,2024-01-06 21:28:00,voice,0.825,DEV-0005,Manchester,1,success,166,False,
ec4e8cbb-a2aa-478c-a59e-0258814ff657,USR-0046,2024-01-06 21:37:00,face,0.8787,DEV-0043,Manchester,1,success,200,False,
552d4865-d756-4d35-ad2e-ebea69b7d533,USR-0092,2024-01-06 21:37:00,voice,0.706,DEV-0034,London,1,success,174,False,
30d73df7-1c22-4cea-b355-56a5f2bd92f2,USR-0026,2024-01-06 21:51:00,voice,0.7568,DEV-0004,New York,1,success,137,False,
fbf3a106-260b-43e0-8ce6-929f7a44bd05,USR-0094,2024-01-06 21:55:00,face,0.8512,DEV-0026,Manchester,1,success,136,False,
d789c624-5e14-401b-bea5-9d94998c603a,USR-0198,2024-01-06 21:56:00,fingerprint,0.801,DEV-0029,London,1,success,91,False,
476a3991-aebe-47a2-8521-e25e96fbcb7e,USR-0085,2024-01-07 03:59:00,fingerprint,0.7722,DEV-0016,London,1,success,181,True,off_hours
2663afff-87b0-4378-866b-9910841169cd,USR-0028,2024-01-07 04:08:00,face,0.719,DEV-0004,Manchester,1,success,147,True,off_hours
ce2fbaf4-17f0-4802-9e68-4eac9c9d3925,USR-0037,2024-01-07 04:35:00,face,0.7837,DEV-0009,Manchester,1,success,91,True,off_hours
f76b9723-a990-4071-bfda-9a9382f29004,USR-0047,2024-01-07 07:01:00,fingerprint,0.7692,DEV-0004,New York,1,success,229,False,
960b9746-9b51-4232-bca7-644d47b76d17,USR-0168,2024-01-07 07:03:00,fingerprint,0.8365,DEV-0002,Manchester,1,success,216,False,
84fcfcb0-f5e9-4352-b745-39f2f1d188b9,USR-0066,2024-01-07 07:09:00,keystroke_dynamics,0.9036,DEV-0005,London,1,success,213,False,
02b53d3d-8c30-463f-9032-739c2e0f0484,USR-0077,2024-01-07 07:13:00,fingerprint,0.822,DEV-0049,Manchester,1,success,132,False,
4719c1a8-d567-4214-a23e-be36f20ba0c9,USR-0156,2024-01-07 07:19:00,face,0.9207,DEV-0021,Manchester,1,success,177,False,
95be6c8a-9ff7-407b-a7e9-184f07918b35,USR-0163,2024-01-07 07:21:00,face,0.6175,DEV-0032,New York,1,success,162,False,
d317d8c9-1060-473a-b21b-770724877651,USR-0108,2024-01-07 07:31:00,keystroke_dynamics,0.9112,DEV-0011,London,1,success,94,False,
ca8b6e4c-e6f7-43d4-a8af-3b731d82e2a8,USR-0178,2024-01-07 07:32:00,fingerprint,0.7872,DEV-0034,New York,1,success,176,False,
0a76bd91-9e7f-47a7-b721-5daa5d975cdc,USR-0082,2024-01-07 07:37:00,voice,0.8323,DEV-0040,Manchester,1,success,115,False,
40c37cbc-3d5b-4535-abed-e2b6c9eef97c,USR-0092,2024-01-07 07:37:00,voice,0.8464,DEV-0022,New York,1,success,176,False,
7d4ed26e-dcd5-4fae-abb3-16a743299780,USR-0035,2024-01-07 07:45:00,fingerprint,0.7092,DEV-0037,New York,1,success,142,False,
dcffd7b6-361c-4373-a11b-20eb91b45e06,USR-0094,2024-01-07 07:50:00,keystroke_dynamics,0.7688,DEV-0043,Manchester,1,success,153,False,
2e183554-cae2-4e66-ae8a-781390e0a95b,USR-0012,2024-01-07 07:50:00,face,0.8094,DEV-0003,New York,1,success,148,False,
a7a13e62-a9db-4628-9748-ba0185147bc9,USR-0177,2024-01-07 07:52:00,keystroke_dynamics,0.7923,DEV-0031,Manchester,1,success,127,False,
81496136-6bc8-42f4-a893-a38a14dd9314,USR-0151,2024-01-07 07:57:00,face,0.7672,DEV-0033,New York,1,success,173,False,
e489149f-6e5c-4ae7-be52-c22ca2070bf3,USR-0162,2024-01-07 07:58:00,voice,0.6432,DEV-0025,New York,1,success,244,False,
7bab1baa-2172-40aa-a44a-913af933a9fa,USR-0051,2024-01-07 08:01:00,face,0.8305,DEV-0034,London,1,success,126,False,
8ae0b8a0-80ff-4909-ad85-2212f554e1f8,USR-0052,2024-01-07 08:02:00,fingerprint,0.739,DEV-0031,Manchester,1,success,163,False,
33ffb402-a5d5-4bf9-8a3a-bb3ac439dfcf,USR-0078,2024-01-07 08:05:00,fingerprint,0.8503,DEV-0028,Manchester,1,success,205,False,
ae742530-ceb6-4fdc-b734-a78de2682c9f,USR-0131,2024-01-07 08:05:00,face,0.8383,DEV-0040,New York,1,success,225,False,
bdf66ba5-dc9c-46de-a5a6-74c212738a23,USR-0017,2024-01-07 08:06:00,fingerprint,0.8751,DEV-0029,London,1,success,117,False,
9af4ab8a-8908-43f9-9619-5c4f4db1f8cb,USR-0194,2024-01-07 08:08:00,fingerprint,0.7805,DEV-0019,New York,1,success,221,False,
98dc9e0b-51a1-45df-86ac-10102e0869c1,USR-0042,2024-01-07 08:11:00,keystroke_dynamics,0.6857,DEV-0040,London,1,success,95,False,
7caa281b-4e33-4644-8657-20ae5bd67d4d,USR-0055,2024-01-07 08:26:00,voice,0.7981,DEV-0012,London,1,success,173,False,
27cb6f2a-8da0-4097-be0f-051b1b66b5a9,USR-0005,2024-01-07 08:26:00,keystroke_dynamics,0.8319,DEV-0022,London,1,success,155,False,
9b99f012-7a09-471c-b4bd-feed52c2a44b,USR-0185,2024-01-07 08:26:00,fingerprint,0.8475,DEV-0026,London,1,success,135,False,
7011a2be-ce4f-4c66-9645-b6bb59c085a8,USR-0174,2024-01-07 08:30:00,keystroke_dynamics,0.8193,DEV-0020,London,1,success,191,False,
b189727f-6a8d-4a70-88a2-a172e30cdee2,USR-0079,2024-01-07 08:35:00,voice,0.7437,DEV-0046,London,1,success,164,False,
c95bc917-1c01-460c-acc9-d15ae10b3781,USR-0170,2024-01-07 08:38:00,keystroke_dynamics,0.7465,DEV-0036,London,1,success,185,False,
0ddb0654-ce19-4f51-9da8-b3919494065d,USR-0119,2024-01-07 08:38:00,voice,0.8567,DEV-0020,London,1,success,117,False,
92811c92-984f-4323-b329-2925b107094e,USR-0070,2024-01-07 08:40:00,voice,0.7807,DEV-0041,Manchester,1,success,170,False,
7d7c59a5-e6c1-4650-bf02-f5b057bd56c9,USR-0048,2024-01-07 08:50:00,face,0.7888,DEV-0044,Manchester,1,success,166,False,
b63b4dc3-a559-4463-b9e1-3ceab0cbc61f,USR-0009,2024-01-07 08:53:00,face,0.8448,DEV-0038,Manchester,1,success,255,False,
98a91187-6c7a-4c9d-b237-64bae202f022,USR-0136,2024-01-07 09:02:00,fingerprint,0.8199,DEV-0017,London,1,success,137,False,
606cc2f5-2c81-4bf0-91f6-04068b5a8683,USR-0055,2024-01-07 09:03:00,face,0.9313,DEV-0012,London,1,success,188,False,
9c2b4ca9-be2f-4685-8a8f-fb2c1ff71e8c,USR-0173,2024-01-07 09:03:00,face,0.8675,DEV-0012,Manchester,1,success,157,False,
877bfb50-14d0-445b-9257-fa5d9fa4b54f,USR-0185,2024-01-07 09:08:00,face,0.8697,DEV-0038,London,1,success,213,False,
7c89617d-32b1-492b-a263-960ab43c6fef,USR-0115,2024-01-07 09:19:00,face,0.8926,DEV-0048,New York,1,success,179,False,
6986305a-5da3-49cf-8ed0-730d711dc1dd,USR-0062,2024-01-07 09:21:00,voice,0.8172,DEV-0005,Manchester,1,success,116,False,
132ab649-0017-4ca3-8ccc-5afef02a2956,USR-0172,2024-01-07 09:30:00,fingerprint,0.8001,DEV-0046,Manchester,1,success,191,False,
65daced0-460a-4125-bf8c-93d4c32afc4a,USR-0052,2024-01-07 09:32:00,face,0.7783,DEV-0013,Manchester,1,success,143,False,
f92b7b46-c17d-449c-a253-4b28e47919dd,USR-0143,2024-01-07 09:33:00,fingerprint,0.8837,DEV-0046,New York,1,success,236,False,
ddbb3fa4-0679-44f2-ad92-38a459225b53,USR-0156,2024-01-07 09:33:00,face,0.7852,DEV-0040,Manchester,1,success,179,False,
e64b9b37-ae01-4122-b269-921c2edd9141,USR-0048,2024-01-07 09:35:00,fingerprint,0.8902,DEV-0025,Manchester,1,success,185,False,
06b4ed27-2f4b-4be8-a1ac-fdb51b555f6d,USR-0069,2024-01-07 09:48:00,fingerprint,0.8992,DEV-0007,Manchester,1,success,145,False,
64f22a7c-87f7-47fa-acfa-855f089b5b49,USR-0081,2024-01-07 09:50:00,face,0.794,DEV-0023,Manchester,1,success,248,False,
f8ded777-bb1e-4ae8-97d8-21b8bb93cd40,USR-0036,2024-01-07 09:51:00,face,0.8062,DEV-0031,New York,1,success,145,False,
0c46d8be-bd3f-4354-904b-9abba41425de,USR-0178,2024-01-07 09:53:00,fingerprint,0.7012,DEV-0049,New York,1,success,163,False,
058b5ee1-a2dd-415a-a570-66e86eaebb60,USR-0143,2024-01-07 09:59:00,keystroke_dynamics,0.8514,DEV-0019,New York,1,success,153,False,
57dda51e-a4dc-4d4e-908e-04ac99c6207f,USR-0117,2024-01-07 10:06:00,fingerprint,0.8061,DEV-0027,New York,1,success,180,False,
17cb67b8-6d0f-44e6-a174-a7856f2190cb,USR-0094,2024-01-07 10:07:00,voice,0.8011,DEV-0012,Manchester,1,success,190,False,
88438de2-59cf-4b0d-91f0-647d0f321333,USR-0036,2024-01-07 10:12:00,face,0.7397,DEV-0040,New York,1,success,207,False,
46d162d6-3faa-4fd6-b730-d07ef93c8285,USR-0174,2024-01-07 10:13:00,face,0.7523,DEV-0001,London,1,success,277,False,
8603156a-15ea-4bcf-ab10-21ceaa143cd8,USR-0021,2024-01-07 10:17:00,fingerprint,0.8234,DEV-0037,New York,1,success,190,False,
3f46057b-7165-436b-b997-c779c56f05e6,USR-0063,2024-01-07 10:18:00,face,0.8953,DEV-0015,London,1,success,217,False,
d2eaef18-4b67-47a1-966e-cfe36d779595,USR-0044,2024-01-07 10:18:00,voice,0.7622,DEV-0035,London,1,success,171,False,
8a39068b-cbed-4473-a3eb-f7c10723e11e,USR-0097,2024-01-07 10:19:00,face,0.7853,DEV-0028,New York,1,success,176,False,
205f9619-df73-421d-87b2-e24dcbad3916,USR-0106,2024-01-07 10:21:00,face,0.7865,DEV-0043,Manchester,1,success,167,False,
504b10c8-f3b9-47f2-9fe7-e068d847260b,USR-0132,2024-01-07 10:28:00,fingerprint,0.8474,DEV-0043,New York,1,success,165,False,
b5ed7ce8-2ddf-4675-9235-d52e16d7ba54,USR-0131,2024-01-07 10:29:00,face,0.8967,DEV-0006,New York,1,success,177,False,
e54c8739-3133-439e-ae7d-952b785b8a07,USR-0062,2024-01-07 10:30:00,voice,0.832,DEV-0048,Manchester,1,success,204,False,
a013ac6e-deda-4e16-9b3d-bd5ce9a1fa6f,USR-0002,2024-01-07 10:34:00,keystroke_dynamics,0.8085,DEV-0009,New York,1,success,192,False,
fa61726a-eedf-4f78-9c99-4976008ec990,USR-0129,2024-01-07 10:37:00,fingerprint,0.9052,DEV-0041,London,1,success,203,False,
4a1954ec-4a3f-4fda-baff-d9bd79e58450,USR-0143,2024-01-07 10:42:00,voice,0.8815,DEV-0042,New York,1,success,226,False,
a190aa44-a888-4521-845c-10ea1d842e8f,USR-0157,2024-01-07 10:46:00,fingerprint,0.7291,DEV-0015,London,1,success,201,False,
42f1287b-bf2d-4fcb-a319-3bf6faa855a6,USR-0175,2024-01-07 10:56:00,face,0.8302,DEV-0049,London,1,success,199,False,
4580dac2-0818-4965-b5b8-135150830841,USR-0072,2024-01-07 11:02:00,face,0.7493,DEV-0026,Manchester,1,success,171,False,
1d71f339-c448-42af-87f8-b6f13fdd0e2b,USR-0123,2024-01-07 11:07:00,fingerprint,0.8757,DEV-0042,London,1,success,188,False,
fa2c9e79-2758-4f1a-a39e-5593ec11a44d,USR-0108,2024-01-07 11:09:00,face,0.8491,DEV-0045,London,1,success,146,False,
14296c07-f26b-4776-913e-4de2e0c53cb8,USR-0002,2024-01-07 11:13:00,fingerprint,0.7563,DEV-0038,New York,1,success,198,False,
c5f833cf-f4ce-4477-b8bc-a9ac2ada62ce,USR-0054,2024-01-07 11:16:00,fingerprint,0.7925,DEV-0020,New York,1,success,173,False,
96e15645-8ad8-4f05-9991-77b932888f78,USR-0167,2024-01-07 11:24:00,keystroke_dynamics,0.8039,DEV-0007,London,1,success,193,False,
6ed47a6d-87c9-4aac-b5d3-4f2f513bb65c,USR-0093,2024-01-07 11:27:00,fingerprint,0.8084,DEV-0022,Manchester,1,success,238,False,
a8cf2936-8e81-42f0-ad47-4c4f08697ffa,USR-0089,2024-01-07 11:30:00,face,0.796,DEV-0032,New York,1,success,185,False,
5d00df1b-a83c-4c2b-b776-e729791f49f6,USR-0052,2024-01-07 11:30:00,voice,0.8138,DEV-0005,Manchester,1,success,130,False,
b6a35409-1c20-486b-b5d0-44fb2cd64d84,USR-0198,2024-01-07 11:32:00,fingerprint,0.8745,DEV-0050,Manchester,1,success,223,False,
9f8c2c51-9f39-46a5-8d81-31f52719bfdb,USR-0088,2024-01-07 11:36:00,keystroke_dynamics,0.8163,DEV-0047,London,1,success,150,False,
0a398bf7-27a1-48a0-afff-a2f4b5ae329d,USR-0053,2024-01-07 11:42:00,keystroke_dynamics,0.8307,DEV-0032,Manchester,1,success,229,False,
9f35ba40-43e2-4caf-9767-a0d7e8b2f81a,USR-0170,2024-01-07 11:58:00,keystroke_dynamics,0.8724,DEV-0008,London,1,success,204,False,
0261c87a-a15c-459a-af8c-a888b1f81ad9,USR-0049,2024-01-07 12:08:00,fingerprint,0.9499,DEV-0045,New York,1,success,227,False,
11092f7a-00d6-4c63-a4a0-f44bfbdebeb5,USR-0195,2024-01-07 12:12:00,fingerprint,0.8273,DEV-0028,Manchester,1,success,171,False,
716ca1f2-dec0-4f3a-9c46-1b34c7eab19b,USR-0053,2024-01-07 12:12:00,keystroke_dynamics,0.8296,DEV-0008,Manchester,1,success,268,False,
ab09ec62-8e46-4d8b-b555-d6ee40571cf3,USR-0172,2024-01-07 12:13:00,keystroke_dynamics,0.7174,DEV-0031,Manchester,1,success,221,False,
785e02ee-4cac-495c-b2e2-503ab2d515d1,USR-0130,2024-01-07 12:19:00,face,0.7171,DEV-0031,New York,1,success,213,False,
c5285425-c7a9-433c-a2d8-39d333e4f986,USR-0041,2024-01-07 12:22:00,fingerprint,0.8557,DEV-0050,Manchester,1,success,157,False,
a32c5e99-fd26-441b-a21a-7c4e60ac4a64,USR-0144,2024-01-07 12:24:00,fingerprint,0.7169,DEV-0019,London,1,success,221,False,
f9690579-79dd-4dd4-af97-fbd2a0c45942,USR-0085,2024-01-07 12:27:00,fingerprint,0.7722,DEV-0016,London,1,success,181,False,
ef6e9295-9c8a-4485-b980-50a6974e598d,USR-0095,2024-01-07 12:31:00,keystroke_dynamics,0.8147,DEV-0037,London,1,success,161,False,
528a34f3-63ea-40a1-9202-b09c60b36938,USR-0090,2024-01-07 12:34:00,face,0.905,DEV-0011,London,1,success,210,False,
61233eea-3b1b-4755-a600-fd684a69ed38,USR-0197,2024-01-07 12:38:00,voice,0.902,DEV-0003,London,1,success,192,False,
938f2b90-6c08-4d6c-84de-78f8873f3f03,USR-0095,2024-01-07 12:42:00,fingerprint,0.9123,DEV-0026,London,1,success,242,False,
4cc57e0d-2633-4018-a883-ac6e6a944054,USR-0030,2024-01-07 12:45:00,keystroke_dynamics,0.8041,DEV-0019,Manchester,1,success,99,False,
34a0dcd4-1a9a-429e-95ee-25876c98fd9b,USR-0054,2024-01-07 12:50:00,fingerprint,0.7603,DEV-0042,New York,1,success,172,False,
adf4e62d-6651-429e-8268-690ba43825b5,USR-0006,2024-01-07 12:51:00,voice,0.7769,DEV-0022,New York,1,success,171,False,
7d9704fe-8dca-4908-8a1a-421961bba5fb,USR-0085,2024-01-07 12:56:00,fingerprint,0.7933,DEV-0009,London,1,success,262,False,
e2ad828b-113c-4f25-8b3f-953a5e75788f,USR-0111,2024-01-07 12:57:00,voice,0.8264,DEV-0026,Manchester,1,success,154,False,
637b3648-d617-49c0-a449-d64f922ddab6,USR-0065,2024-01-07 13:04:00,keystroke_dynamics,0.8908,DEV-0013,Manchester,1,success,225,False,
6fdc0bad-5e36-4127-8ca1-b45c1fdd980a,USR-0021,2024-01-07 13:06:00,face,0.7852,DEV-0020,New York,1,success,203,False,
af178dbb-c461-4ac1-92b5-9aa4c07d0001,USR-0168,2024-01-07 13:19:00,face,0.798,DEV-0015,Manchester,1,success,181,False,
81b85934-af37-4cf9-af2b-5e3109db40a9,USR-0149,2024-01-07 13:20:00,voice,0.8846,DEV-0009,Manchester,1,success,179,False,
722899a2-b752-4753-a60d-400fc3b1ef08,USR-0184,2024-01-07 13:21:00,keystroke_dynamics,0.7848,DEV-0008,London,1,success,183,False,
72c22a16-79eb-4168-9045-56e5bee3eb79,USR-0016,2024-01-07 13:32:00,keystroke_dynamics,0.8847,DEV-0048,New York,1,success,178,False,
007fb3cb-cf73-4afa-b2af-6a55b08e8dd4,USR-0190,2024-01-07 13:34:00,keystroke_dynamics,0.8186,DEV-0008,London,1,success,228,False,
97154633-9d4e-4b71-ab2e-c80e4c255823,USR-0035,2024-01-07 13:35:00,keystroke_dynamics,0.7872,DEV-0012,New York,1,success,169,False,
97c6eb3c-cb5a-4c0e-9834-a40dbecfdded,USR-0119,2024-01-07 13:36:00,face,0.6871,DEV-0027,London,1,success,172,False,
a91decb2-51a3-421b-b4d1-183f76f8ef17,USR-0153,2024-01-07 13:39:00,voice,0.7604,DEV-0023,New York,1,success,226,False,
d3f4a49b-33ba-4a88-b6c7-d6fa7aa4f052,USR-0027,2024-01-07 13:44:00,voice,0.7075,DEV-0043,London,1,success,184,False,
60fba34c-3701-42fd-b09f-e5ab5813d72f,USR-0150,2024-01-07 13:44:00,face,0.7297,DEV-0007,New York,1,success,213,False,
23a49571-33cb-49ef-95c0-4765b51bd20f,USR-0128,2024-01-07 13:45:00,face,0.891,DEV-0034,Manchester,1,success,133,False,
94340a03-3f07-4814-91d6-3f78e3e9de99,USR-0004,2024-01-07 13:50:00,voice,0.6985,DEV-0030,London,1,success,187,False,
0760d408-0678-4e13-8bcd-6e4d24e11716,USR-0186,2024-01-07 13:51:00,fingerprint,0.7701,DEV-0004,New York,1,success,136,False,
b1012b0f-174a-4825-964a-90627825e2f0,USR-0194,2024-01-07 13:52:00,voice,1.0,DEV-0033,New York,1,success,233,False,
341d85cd-c925-4285-abc8-906f34a91b86,USR-0139,2024-01-07 14:03:00,keystroke_dynamics,0.7616,DEV-0035,Manchester,1,success,178,False,
848af440-7fc1-4858-afa0-d842bc55300b,USR-0023,2024-01-07 14:04:00,face,0.8064,DEV-0038,Manchester,1,success,141,False,
3aad5840-34ef-41df-83f1-9b58df6c0d60,USR-0059,2024-01-07 14:04:00,voice,0.7274,DEV-0044,Manchester,1,success,173,False,
5f9cb7e0-6328-443e-ad95-63ed747a4829,USR-0080,2024-01-07 14:06:00,voice,0.8308,DEV-0014,London,1,success,233,False,
c7b611cd-1417-482a-a1ad-018a93875413,USR-0067,2024-01-07 14:14:00,fingerprint,0.7273,DEV-0043,London,1,success,158,False,
3d1fd7c0-4424-41ec-9342-4e7c0922d88d,USR-0138,2024-01-07 14:18:00,fingerprint,0.889,DEV-0032,London,1,success,117,False,
4806f804-0cf0-474c-8c74-dc0f5a575539,USR-0024,2024-01-07 14:19:00,keystroke_dynamics,0.6927,DEV-0017,London,1,success,155,False,
2036971a-323f-4f19-923c-c117da1a9b09,USR-0171,2024-01-07 14:21:00,face,0.8152,DEV-0003,New York,1,success,155,False,
76e51a12-79c6-4757-b7fe-b7351cc6f0a0,USR-0170,2024-01-07 14:21:00,face,0.7157,DEV-0022,London,1,success,183,False,
e2696a73-8b2d-4d83-9b5d-e3c9dbb9c173,USR-0024,2024-01-07 14:21:00,keystroke_dynamics,0.6927,DEV-0017,Singapore,1,success,155,True,geo_jump
23d2789d-ce2c-4739-a552-abc65a86503a,USR-0167,2024-01-07 14:24:00,fingerprint,0.7799,DEV-0001,London,1,success,124,False,
9b4547e0-72fe-4dc2-b772-aa9715f39d39,USR-0056,2024-01-07 14:28:00,keystroke_dynamics,0.7962,DEV-0031,New York,1,success,135,False,
d91738f8-0ad1-418c-b53f-091e8a9e0964,USR-0059,2024-01-07 14:30:00,fingerprint,0.7692,DEV-0048,Manchester,1,success,156,False,
7c152622-51ed-4b85-b4e8-2b6c45d3708a,USR-0186,2024-01-07 14:33:00,keystroke_dynamics,0.7451,DEV-0004,New York,1,success,211,False,
5a744822-fd07-4913-a657-abb6b81f2807,USR-0059,2024-01-07 14:37:00,fingerprint,0.7692,DEV-0048,Singapore,1,success,156,True,geo_jump
0b705933-4cde-4b6b-9132-567c51a40d2a,USR-0035,2024-01-07 14:38:00,keystroke_dynamics,0.7978,DEV-0031,New York,1,success,185,False,
91b8ff07-e909-4654-9432-3b1c869e8836,USR-0108,2024-01-07 14:38:00,keystroke_dynamics,0.9023,DEV-0028,London,1,success,185,False,
21ffcf72-9b0f-4aa7-956c-478fb8541d6a,USR-0098,2024-01-07 14:39:00,voice,0.7969,DEV-0035,London,1,success,171,False,
e8fb5a96-3b85-46e1-840f-54057a25ed81,USR-0057,2024-01-07 14:41:00,face,0.7089,DEV-0042,Manchester,1,success,211,False,
e916da57-f248-43ab-977a-8a5f6ffe33b3,USR-0020,2024-01-07 14:51:00,voice,0.7934,DEV-0045,London,1,success,144,False,
26a9e100-b509-409b-9166-58ce3b3f3800,USR-0031,2024-01-07 14:52:00,face,0.7874,DEV-0046,London,1,success,173,False,
afd5b90b-41a6-4c90-a91c-0da1a5630d3a,USR-0090,2024-01-07 14:55:00,fingerprint,0.7934,DEV-0003,London,1,success,168,False,
cdeb2696-015a-4a1d-a2c8-cf62f6ee137d,USR-0057,2024-01-07 15:03:00,fingerprint,0.8543,DEV-0023,Manchester,1,success,151,False,
eb93f78c-620a-4158-9d2d-904f78c59073,USR-0039,2024-01-07 15:06:00,fingerprint,0.7989,DEV-0047,Manchester,1,success,242,False,
913767ab-4dd8-4715-b53f-f3e271fc5136,USR-0083,2024-01-07 15:09:00,keystroke_dynamics,0.7463,DEV-0009,New York,1,success,156,False,
272c7482-0002-472a-9130-38f51d5d8f65,USR-0142,2024-01-07 15:16:00,face,0.6957,DEV-0048,Manchester,1,success,171,False,
acd3d56f-3257-49cd-9571-276b33474b1b,USR-0107,2024-01-07 15:17:00,fingerprint,0.8835,DEV-0032,New York,1,success,198,False,
5683ede0-17d5-4563-ba60-ede1e5eb772d,USR-0044,2024-01-07 15:19:00,face,0.785,DEV-0008,London,1,success,221,False,
38b77c07-80fb-4296-b3b6-a09b1beaf6ac,USR-0016,2024-01-07 15:20:00,keystroke_dynamics,0.8591,DEV-0034,New York,1,success,116,False,
dc8aee30-be60-43f7-a8be-9288e5af6e39,USR-0007,2024-01-07 15:23:00,keystroke_dynamics,0.8162,DEV-0041,Manchester,1,success,218,False,
f9287d26-37c0-487a-aaac-826edd18ab28,USR-0063,2024-01-07 15:24:00,voice,0.8531,DEV-0021,London,1,success,207,False,
6c4c450b-623a-40fc-9326-7d25234b4562,USR-0035,2024-01-07 15:25:00,voice,0.7526,DEV-0036,New York,1,success,143,False,
38e7e019-fb89-46c8-87ec-fe71d49347fc,USR-0041,2024-01-07 15:29:00,fingerprint,0.8948,DEV-0003,Manchester,1,success,177,False,
c36db2ec-eeda-49bc-9c40-6cbe50f370af,USR-0181,2024-01-07 15:30:00,face,0.7527,DEV-0014,Manchester,1,success,121,False,
10b7de33-d627-424e-8f5a-f64ef21b7a7f,USR-0170,2024-01-07 15:35:00,fingerprint,0.8508,DEV-0034,London,1,success,209,False,
c544a049-6811-4a5c-8e3f-d50bf28c635f,USR-0122,2024-01-07 15:42:00,voice,0.7841,DEV-0050,Manchester,1,success,145,False,
e45e2ad0-8eef-45dd-9391-6dcfd6cade2c,USR-0051,2024-01-07 15:45:00,fingerprint,0.7645,DEV-0043,London,1,success,116,False,
13f39289-4dcc-405d-959e-f0fd1204f4d6,USR-0066,2024-01-07 15:45:00,keystroke_dynamics,0.8446,DEV-0018,London,1,success,170,False,
bada0c94-1679-4be0-a323-8416a82cae18,USR-0069,2024-01-07 15:50:00,fingerprint,0.8587,DEV-0025,Manchester,1,success,180,False,
4d4f6814-d385-4240-92a2-f8390acfc6ac,USR-0085,2024-01-07 15:52:00,voice,0.7712,DEV-0049,London,1,success,264,False,
c1b156bd-fa2b-4df7-9c89-4d3970a6b5fc,USR-0167,2024-01-07 15:52:00,keystroke_dynamics,0.7755,DEV-0037,London,1,success,164,False,
6a9f687a-d04f-4197-94c0-df2891b5fcb4,USR-0130,2024-01-07 15:53:00,voice,0.8066,DEV-0019,New York,1,success,191,False,
092385fe-23d3-4d22-b080-bed6bc3e34af,USR-0078,2024-01-07 15:53:00,face,0.8092,DEV-0047,Manchester,1,success,175,False,
88f47eed-6990-4abf-b792-be4734783752,USR-0122,2024-01-07 15:55:00,voice,0.7841,DEV-0050,Berlin,1,success,145,True,geo_jump
b1eedf64-090b-43ed-aae1-d0bc4a099088,USR-0076,2024-01-07 16:00:00,voice,0.7737,DEV-0013,London,1,success,160,False,
be36c36d-ecfd-4eed-988c-49b2c8abbf0d,USR-0196,2024-01-07 16:04:00,face,0.7765,DEV-0036,Manchester,1,success,208,False,
372f871a-45ee-432d-aa07-f2137129cec7,USR-0017,2024-01-07 16:04:00,fingerprint,0.7787,DEV-0028,London,1,success,270,False,
fc1bb61a-a36d-4d54-85ec-8e9fa09fc700,USR-0134,2024-01-07 16:09:00,fingerprint,0.8332,DEV-0041,New York,1,success,221,False,
a98afcb0-3ef5-47fe-85e4-307a73e5550d,USR-0101,2024-01-07 16:19:00,voice,0.8369,DEV-0049,New York,1,success,239,False,
102f4f5c-55e3-4295-ac67-10bd97d46f61,USR-0078,2024-01-07 16:22:00,voice,0.7813,DEV-0041,Manchester,1,success,70,False,
92f71993-4884-4b5b-8dd3-214cb4508610,USR-0073,2024-01-07 16:24:00,fingerprint,0.8462,DEV-0007,Manchester,1,success,213,False,
5cc53673-d165-4869-bcde-b1c8b028bafc,USR-0181,2024-01-07 16:24:00,keystroke_dynamics,0.8375,DEV-0050,Manchester,1,success,211,False,
23f3e5c5-46b6-46ea-b2f4-f240f69e963d,USR-0172,2024-01-07 16:26:00,fingerprint,0.8545,DEV-0021,Manchester,1,success,160,False,
1eca80e9-68bd-47aa-9666-600eeb0f61a4,USR-0073,2024-01-07 16:26:00,fingerprint,0.8462,DEV-0007,Lagos,1,success,213,True,geo_jump
70b3e6df-c9c3-4dd8-a5a7-970558e8f1db,USR-0174,2024-01-07 16:31:00,voice,0.821,DEV-0040,London,1,success,187,False,
fb0d3cda-1e63-4261-90e9-688872730e7b,USR-0052,2024-01-07 16:33:00,face,0.8932,DEV-0050,Manchester,1,success,144,False,
9c1c3517-85d2-40a6-8629-5b5d707df251,USR-0019,2024-01-07 16:33:00,voice,0.8855,DEV-0023,Manchester,1,success,204,False,
7c781b98-9f32-4d3e-b358-206db49bc1ef,USR-0148,2024-01-07 16:35:00,face,0.8559,DEV-0046,New York,1,success,187,False,
b69aca1e-985d-454b-8325-58201a49de98,USR-0104,2024-01-07 16:40:00,fingerprint,0.9237,DEV-0003,Manchester,1,success,161,False,
1c654aa2-c63c-421d-a443-5958eacf33a9,USR-0043,2024-01-07 16:42:00,keystroke_dynamics,0.8726,DEV-0030,London,1,success,238,False,
c4f5b03e-5af1-428c-88ee-46bf571f7cdb,USR-0096,2024-01-07 16:43:00,face,0.8213,DEV-0021,New York,1,success,247,False,
3db02235-261e-4555-863e-1f2a18a806ef,USR-0032,2024-01-07 16:45:00,voice,0.8604,DEV-0044,New York,1,success,203,False,
2a257ecc-75fd-4d83-9264-43bac298823a,USR-0148,2024-01-07 16:47:00,face,0.8559,DEV-0046,Lagos,1,success,187,True,geo_jump
c19bf990-5247-4092-993e-eb082fe26180,USR-0183,2024-01-07 17:00:00,fingerprint,0.9564,DEV-0029,London,1,success,217,False,
7cc27448-28ea-4192-9a02-4444f28446fa,USR-0185,2024-01-07 17:09:00,face,0.8316,DEV-0050,London,1,success,205,False,
cd03a402-c827-47c0-9337-bb3466e1608e,USR-0181,2024-01-07 17:10:00,fingerprint,0.8505,DEV-0032,Manchester,1,success,116,False,
a8aa7158-2b70-4525-bc67-f831cbc84759,USR-0006,2024-01-07 17:13:00,voice,0.793,DEV-0043,New York,1,success,204,False,
23e8bb05-05ec-447e-aec4-32d0bf660225,USR-0168,2024-01-07 17:16:00,fingerprint,0.8533,DEV-0005,Manchester,1,success,223,False,
290c4414-8df5-4b01-9c4d-b762ea1af7d2,USR-0065,2024-01-07 17:21:00,voice,0.8437,DEV-0020,Manchester,1,success,141,False,
c481ea69-f83b-4029-b6ac-204884308e0c,USR-0092,2024-01-07 17:23:00,keystroke_dynamics,0.7475,DEV-0006,New York,1,success,212,False,
bd22f7fc-a8eb-4ba6-b19a-ed6a8d41cb4c,USR-0102,2024-01-07 17:28:00,voice,0.8112,DEV-0035,New York,1,success,153,False,
c2b8efc0-d76a-44da-8fbd-b62246c9ae33,USR-0102,2024-01-07 17:28:00,voice,0.4058,DEV-0035,New York,1,success,153,True,low_score_bypass
6502d6a2-ca6a-4224-971e-16cc5da36f1b,USR-0014,2024-01-07 17:35:00,voice,0.8151,DEV-0009,London,1,success,224,False,
9e3bc735-071f-4a27-a72e-31b197e1bc36,USR-0134,2024-01-07 17:40:00,keystroke_dynamics,0.8457,DEV-0036,New York,1,success,195,False,
66245bfa-4fcc-439a-b683-d2e6337ea2df,USR-0002,2024-01-07 17:45:00,voice,0.8513,DEV-0016,New York,1,success,191,False,
98a0db61-0fa9-4695-89fb-4d4bc3254bc3,USR-0170,2024-01-07 17:47:00,voice,0.906,DEV-0006,London,1,success,152,False,
aaf78c67-51d0-4109-bc90-2838d8741408,USR-0023,2024-01-07 17:47:00,face,0.8183,DEV-0027,Manchester,1,success,250,False,
73d2939e-f99d-46d5-a2b5-17815d17c25d,USR-0138,2024-01-07 17:51:00,face,0.8397,DEV-0039,London,1,success,157,False,
bce8e033-fb70-4bf3-95fd-46d7cfbfd796,USR-0078,2024-01-07 17:54:00,voice,0.7799,DEV-0026,Manchester,1,success,187,False,
966b62ea-9f80-496b-b34e-356ac95b61f8,USR-0045,2024-01-07 17:56:00,voice,0.7503,DEV-0020,Manchester,1,success,168,False,
6f9a544a-3de3-42e9-9141-26afce70d3f7,USR-0179,2024-01-07 17:57:00,voice,0.7876,DEV-0018,New York,1,success,186,False,
720f2288-0760-4502-b39f-51c3490ec6f3,USR-0188,2024-01-07 18:00:00,keystroke_dynamics,0.8683,DEV-0026,New York,1,success,178,False,
82e2b02d-8dbc-4e5a-ab4a-ede646a52064,USR-0066,2024-01-07 18:02:00,face,0.7545,DEV-0029,London,1,success,169,False,
1a2a73ed-562b-4f79-8374-59eef50bea63,USR-0001,2024-01-07 18:04:00,fingerprint,0.7873,DEV-0043,New York,1,success,184,False,
55f01600-e17f-448d-9ed6-270514b9bb4d,USR-0082,2024-01-07 18:05:00,face,0.8218,DEV-0025,Manchester,1,success,200,False,
b371d64d-fe87-417b-8376-bff9dd3a0936,USR-0123,2024-01-07 18:07:00,fingerprint,0.6787,DEV-0027,London,1,success,180,False,
7bf18cf4-a740-4142-9cbf-7ee6ea258d83,USR-0151,2024-01-07 18:08:00,fingerprint,0.8271,DEV-0005,New York,1,success,195,False,
d690efa9-2830-4ffa-bc37-337a32ccf39d,USR-0153,2024-01-07 18:09:00,face,0.8337,DEV-0011,New York,1,success,176,False,
62d846d0-5ea0-41cd-ad79-d8bfda92e740,USR-0084,2024-01-07 18:10:00,keystroke_dynamics,0.8586,DEV-0034,New York,1,success,183,False,
cb33478a-f7b5-405b-99c1-d16c1fdb563a,USR-0134,2024-01-07 18:11:00,voice,0.8168,DEV-0040,New York,1,success,206,False,
1b41a61e-85d1-41ef-8344-edb3ceed0ffc,USR-0053,2024-01-07 18:12:00,voice,0.7013,DEV-0011,Manchester,1,success,181,False,
c4f4b844-46c1-42a5-bec8-8839ec35c3de,USR-0077,2024-01-07 18:12:00,keystroke_dynamics,0.9223,DEV-0045,Manchester,1,success,135,False,
33a37a74-8046-4354-b822-58a7d306e664,USR-0077,2024-01-07 18:17:00,keystroke_dynamics,0.9223,DEV-0045,Singapore,1,success,135,True,geo_jump
eb821435-382a-4bde-bef5-50110acd1ac7,USR-0104,2024-01-07 18:20:00,fingerprint,0.8669,DEV-0037,Manchester,1,success,143,False,
b92da22b-21df-406f-8a0b-3c3336d8393a,USR-0003,2024-01-07 18:21:00,face,0.8053,DEV-0044,New York,1,success,149,False,
d8d99ad8-255f-40b9-9a87-09bd1fc23099,USR-0164,2024-01-07 18:29:00,face,0.7604,DEV-0026,Manchester,1,success,158,False,
3270e4fa-abae-4f43-bcae-8081bdf070aa,USR-0006,2024-01-07 18:30:00,voice,0.9071,DEV-0047,New York,1,success,218,False,
53a71719-bcdf-4302-8c37-e264d03cd20a,USR-0092,2024-01-07 18:32:00,keystroke_dynamics,0.8036,DEV-0012,New York,1,success,218,False,
4312153d-484f-4f7c-a44f-52f41b696031,USR-0135,2024-01-07 18:35:00,keystroke_dynamics,0.8122,DEV-0023,Manchester,1,success,118,False,
17fc695a-07a0-4a6e-8822-e8f36c031199,USR-0001,2024-01-07 18:41:00,keystroke_dynamics,0.7918,DEV-0015,New York,1,success,201,False,
a566e884-d473-4687-b6ad-1c332469d0c2,USR-0070,2024-01-07 18:41:00,fingerprint,0.8579,DEV-0024,Manchester,1,success,161,False,
6d204496-66d0-4371-98e8-8ebb7a9e8eef,USR-0016,2024-01-07 18:45:00,keystroke_dynamics,0.8185,DEV-0021,New York,1,success,226,False,
958c9cfd-a783-4a8f-815e-38051928aae5,USR-0077,2024-01-07 18:47:00,keystroke_dynamics,0.7884,DEV-0008,Manchester,1,success,159,False,
38c6430f-3b3e-47bd-bae9-6dd3a2209a31,USR-0124,2024-01-07 18:55:00,voice,0.778,DEV-0031,New York,1,success,171,False,
9293f705-0815-4147-be00-980eae441e21,USR-0026,2024-01-07 19:08:00,voice,0.868,DEV-0046,New York,1,success,115,False,
34b34dcb-8b2c-45b5-b039-0686400d083a,USR-0147,2024-01-07 19:19:00,fingerprint,0.8034,DEV-0014,London,1,success,197,False,
9997496b-c697-4476-92aa-48cff18c5581,USR-0103,2024-01-07 19:25:00,fingerprint,0.7375,DEV-0023,London,1,success,161,False,
b91d8c4c-0278-4c40-934e-2bd9dd1ad072,USR-0183,2024-01-07 19:29:00,voice,0.7988,DEV-0037,London,1,success,181,False,
66db005e-9488-4285-ac88-d2576831429e,USR-0190,2024-01-07 19:31:00,face,0.7656,DEV-0008,London,1,success,232,False,
c44b04e8-f51e-4df3-86c3-998e8f14aac7,USR-0142,2024-01-07 19:32:00,fingerprint,0.8319,DEV-0028,Manchester,1,success,193,False,
acb83fce-b3e1-411b-a128-04c5f94e485d,USR-0131,2024-01-07 19:33:00,voice,0.9161,DEV-0037,New York,1,success,215,False,
f1738856-e25d-46eb-9e9a-9f83066803ee,USR-0014,2024-01-07 19:36:00,keystroke_dynamics,0.7794,DEV-0040,London,1,success,252,False,
d2e106a4-0d6c-4599-89aa-e145f6d4f767,USR-0178,2024-01-07 19:37:00,face,0.7981,DEV-0050,New York,1,success,177,False,
16b5b5fc-199f-4b17-94ab-a577e3311ee6,USR-0142,2024-01-07 19:38:00,fingerprint,0.8319,DEV-0028,Berlin,1,success,193,True,geo_jump
c7f4f4f9-8222-4ad3-aca3-91d47ba16dd7,USR-0052,2024-01-07 19:40:00,face,0.8392,DEV-0049,Manchester,1,success,187,False,
1a5165ca-3c7c-4d85-a5cf-0041d0a643fe,USR-0018,2024-01-07 19:48:00,face,0.7796,DEV-0031,New York,1,success,191,False,
ad8716e1-4679-4c1e-9755-19cd3fbfe7eb,USR-0167,2024-01-07 19:49:00,fingerprint,0.9665,DEV-0042,London,1,success,204,False,
6c93a791-8b60-4511-b816-8aebac6a7c85,USR-0030,2024-01-07 19:49:00,face,0.8533,DEV-0037,Manchester,1,success,183,False,
afe9c3dc-aad2-4db6-a4a3-5a102674d1ff,USR-0129,2024-01-07 19:52:00,voice,0.7551,DEV-0013,London,1,success,193,False,
a3593aec-d5d1-4ae2-8940-e0fa08509d96,USR-0129,2024-01-07 19:52:00,voice,0.5188,DEV-0013,London,12,success,193,True,rapid_retry
19b7775f-e7bb-4e42-b312-6a11db6ae7db,USR-0117,2024-01-07 19:59:00,voice,0.6957,DEV-0032,New York,1,success,186,False,
2b589b3f-e2a6-4e3c-b940-093a705cd91e,USR-0152,2024-01-07 20:02:00,face,0.8398,DEV-0005,London,1,success,157,False,
b21eafab-f649-49e8-9e03-2a652346f26d,USR-0130,2024-01-07 20:03:00,face,0.8518,DEV-0024,New York,1,success,192,False,
b89f3a92-999a-4d86-99db-13028dab66d3,USR-0037,2024-01-07 20:04:00,face,0.7837,DEV-0009,Manchester,1,success,91,False,
96d26487-641a-4b74-94c9-3d44e353a243,USR-0141,2024-01-07 20:07:00,face,0.837,DEV-0023,Manchester,1,success,179,False,
8d536c75-65b9-4e94-8e6d-e263635a775d,USR-0045,2024-01-07 20:08:00,fingerprint,0.7762,DEV-0049,Manchester,1,success,194,False,
6c936f69-8269-441a-b453-30442e07336d,USR-0075,2024-01-07 20:14:00,fingerprint,0.7837,DEV-0048,London,1,success,216,False,
b6f957dc-ab6d-49ab-8604-f4e77e029b3f,USR-0188,2024-01-07 20:19:00,face,0.9126,DEV-0003,New York,1,success,130,False,
8cc36f3b-c3af-4cfe-b34a-6ca38116e3fc,USR-0025,2024-01-07 20:25:00,voice,0.8442,DEV-0044,London,1,success,179,False,
b864a47b-a434-47fb-8182-978288eae7d4,USR-0054,2024-01-07 20:26:00,voice,0.8599,DEV-0019,New York,1,success,157,False,
63f6bf77-aa23-4ba2-89af-9883eed21f94,USR-0077,2024-01-07 20:30:00,fingerprint,0.828,DEV-0023,Manchester,1,success,197,False,
bcd2e8eb-3f55-40cd-bab7-127e4f32ea54,USR-0061,2024-01-07 20:40:00,keystroke_dynamics,0.8293,DEV-0008,London,1,success,166,False,
1bfc270c-8549-4255-89db-ebb5c9739495,USR-0070,2024-01-07 20:46:00,face,0.7788,DEV-0045,Manchester,1,success,125,False,
046a0df5-cafd-4613-b2bb-912d7da67785,USR-0009,2024-01-07 20:55:00,face,0.7736,DEV-0022,Manchester,1,success,130,False,
94a1eab0-b9c0-47aa-b289-f58b1923cafc,USR-0054,2024-01-07 20:56:00,face,0.7494,DEV-0029,New York,1,success,199,False,
2c6a6e9a-3280-47a1-8187-222b257d5e52,USR-0018,2024-01-07 20:58:00,voice,0.7699,DEV-0020,New York,1,success,265,False,
c0e9ab30-ed26-42e9-97e0-11b7f8102383,USR-0004,2024-01-07 20:58:00,keystroke_dynamics,0.8415,DEV-0023,London,1,success,202,False,
e054dba1-8f4e-4920-9df2-055436ba4892,USR-0156,2024-01-07 21:00:00,face,0.876,DEV-0002,Manchester,1,success,197,False,
7d53c706-fb50-48f7-a0cb-feca6d7e39bc,USR-0195,2024-01-07 21:08:00,fingerprint,0.8057,DEV-0038,Manchester,1,success,161,False,
89a92af3-a0ca-4f8e-a1ef-2dd3461633bc,USR-0109,2024-01-07 21:08:00,voice,0.79,DEV-0041,New York,1,success,201,False,
e3a1af97-7785-4ddb-9552-7a3c164a9b18,USR-0072,2024-01-07 21:09:00,keystroke_dynamics,0.7582,DEV-0002,Manchester,1,success,181,False,
01f39146-60ca-40ea-b946-5f6628b8bcc2,USR-0072,2024-01-07 21:14:00,keystroke_dynamics,0.7582,DEV-0002,Singapore,1,success,181,True,geo_jump
3ff69f41-9508-4801-a3be-7ca05df924fb,USR-0066,2024-01-07 21:15:00,voice,0.9065,DEV-0016,London,1,success,159,False,
7d957e47-aed1-4cec-bcd7-e0eabf817a17,USR-0179,2024-01-07 21:22:00,keystroke_dynamics,0.852,DEV-0040,New York,1,success,108,False,
a46e47a2-b342-4968-8191-086be8a91aba,USR-0174,2024-01-07 21:28:00,voice,0.8408,DEV-0040,London,1,success,166,False,
5450c61f-10e2-4676-a822-d1288c61e59f,USR-0121,2024-01-07 21:30:00,fingerprint,0.7406,DEV-0024,New York,1,success,162,False,
663b4427-bef7-410a-97f9-f3a761936947,USR-0110,2024-01-07 21:38:00,fingerprint,0.7764,DEV-0019,Manchester,1,success,144,False,
0bfa8cd5-7fa7-4708-be72-79cecd7f65f6,USR-0137,2024-01-07 21:39:00,face,0.8031,DEV-0003,New York,1,success,154,False,
28e333b6-4e8a-4c4b-b724-20411e43fbd2,USR-0028,2024-01-07 21:53:00,face,0.719,DEV-0004,Manchester,1,success,147,False,
a9e27ba9-952e-4abb-94dd-5061555736f8,USR-0019,2024-01-07 21:55:00,keystroke_dynamics,0.7538,DEV-0018,Manchester,1,success,93,False,
275b7c2c-12be-46cb-b637-8db328542b64,USR-0019,2024-01-07 21:55:00,keystroke_dynamics,0.4764,DEV-0018,Manchester,1,success,93,True,low_score_bypass
8f0881ee-8011-416b-bae8-8926b423ccde,USR-0017,2024-01-07 21:56:00,fingerprint,0.7607,DEV-0003,London,1,success,135,False,
bab4eb77-959f-4841-ad19-312dde3b5a64,USR-0156,2024-01-08 07:02:00,voice,0.8841,DEV-0018,Manchester,1,success,176,False,
8d244e3e-c4da-4ddb-a0b1-5abaa6a27967,USR-0016,2024-01-08 07:06:00,keystroke_dynamics,0.7266,DEV-0022,New York,1,success,162,False,
b01ba134-544e-4743-8383-9f121335f6c3,USR-0137,2024-01-08 07:07:00,fingerprint,0.8326,DEV-0040,New York,1,success,178,False,
baeb286b-f0d0-470f-94d1-3d551db6b844,USR-0035,2024-01-08 07:08:00,face,0.7913,DEV-0009,New York,1,success,145,False,
95e2f91b-da88-4b20-b819-58f22b258bdf,USR-0197,2024-01-08 07:08:00,fingerprint,0.9063,DEV-0005,London,1,success,193,False,
1a8a76f3-6949-4fce-aeb8-1b7d9dc33d41,USR-0134,2024-01-08 07:12:00,voice,0.783,DEV-0041,New York,1,success,228,False,
6f5aad52-9061-498f-a096-521ea2c723d4,USR-0062,2024-01-08 07:17:00,keystroke_dynamics,0.6962,DEV-0035,Manchester,1,success,167,False,
2b843ef3-d86d-455d-8cd9-916481df62f4,USR-0048,2024-01-08 07:24:00,keystroke_dynamics,0.7673,DEV-0008,Manchester,1,success,164,False,
4819a23a-7d23-4d9a-b162-1e958d68f317,USR-0183,2024-01-08 07:25:00,keystroke_dynamics,0.7249,DEV-0016,London,1,success,194,False,
ec50ace4-80a5-4e65-afa2-855967c96204,USR-0028,2024-01-08 07:29:00,fingerprint,0.8779,DEV-0024,Manchester,1,success,244,False,
ec86a890-d7b0-4bdc-966e-3cbe9aea622f,USR-0024,2024-01-08 07:30:00,voice,0.791,DEV-0025,London,1,success,141,False,
e4951ebb-d7c8-4cb8-af37-6fbe2cd31317,USR-0062,2024-01-08 07:31:00,keystroke_dynamics,0.6962,DEV-0035,Lagos,1,success,167,True,geo_jump
accc8e70-5663-4490-acfa-d76f40987d5c,USR-0161,2024-01-08 07:35:00,face,0.7781,DEV-0043,Manchester,1,success,115,False,
fe4995a4-112a-4ef5-b872-420e267d46e7,USR-0155,2024-01-08 07:37:00,voice,0.7314,DEV-0033,New York,1,success,159,False,
ae11d3c2-3130-4c8f-920e-0734564d46aa,USR-0111,2024-01-08 07:41:00,fingerprint,0.7356,DEV-0004,Manchester,1,success,128,False,
9a2fc701-f3af-4b09-8c12-6e0e121af952,USR-0094,2024-01-08 07:45:00,voice,0.8864,DEV-0015,Manchester,1,success,188,False,
67ce378f-e5a4-483b-a383-889adb2c6ac8,USR-0027,2024-01-08 07:47:00,keystroke_dynamics,0.8373,DEV-0018,London,1,success,190,False,
6766d37b-6fa1-49a5-ba67-58707d9d2b3b,USR-0078,2024-01-08 07:57:00,keystroke_dynamics,0.8459,DEV-0003,Manchester,1,success,128,False,
901bcdef-b56f-48ce-bd66-971e88476c56,USR-0026,2024-01-08 07:57:00,voice,0.8864,DEV-0004,New York,1,success,175,False,
a9e8f0d8-5883-49de-bb5f-be413fa2bde0,USR-0051,2024-01-08 08:02:00,voice,0.7594,DEV-0037,London,1,success,159,False,
d926fe41-b36d-4121-8ba6-fe0995ea6825,USR-0054,2024-01-08 08:09:00,face,0.7731,DEV-0002,New York,1,success,149,False,
cf1643a0-8860-4b56-a34f-2452efe9e8c9,USR-0090,2024-01-08 08:09:00,keystroke_dynamics,0.7456,DEV-0040,London,1,success,204,False,
696f9074-4084-4290-be50-a000c474e1c0,USR-0154,2024-01-08 08:09:00,fingerprint,0.8078,DEV-0011,New York,1,success,224,False,
ed6f4ee3-e44e-4cd1-b8ef-a3bc9457f388,USR-0081,2024-01-08 08:14:00,fingerprint,0.8252,DEV-0004,Manchester,1,success,138,False,
988c24c9-61b1-4d22-a280-1c4510435a10,USR-0001,2024-01-08 08:21:00,fingerprint,0.7965,DEV-0038,New York,1,success,121,False,
49694032-5808-4790-a2e4-9628d913057d,USR-0062,2024-01-08 08:30:00,face,0.8051,DEV-0022,Manchester,1,success,113,False,
35ce8841-4973-4d6c-8dca-bfb7001a9a8b,USR-0006,2024-01-08 08:35:00,keystroke_dynamics,0.8908,DEV-0039,New York,1,success,161,False,
1165ed7f-8cce-4653-aa39-6c71b276c469,USR-0188,2024-01-08 08:36:00,keystroke_dynamics,0.8207,DEV-0043,New York,1,success,201,False,
5f8a2e3c-1e9d-495b-917a-d9bdb1ba0bea,USR-0085,2024-01-08 08:37:00,fingerprint,0.8461,DEV-0015,London,1,success,164,False,
2c1e86bb-aac0-46bd-9140-a95d62cef959,USR-0181,2024-01-08 08:42:00,face,0.781,DEV-0031,Manchester,1,success,149,False,
5d87edd2-1735-436b-a5a6-ab3af5757b77,USR-0078,2024-01-08 08:45:00,face,0.8281,DEV-0033,Manchester,1,success,209,False,
069ccc0a-c884-4f88-874a-588f5231d2a5,USR-0170,2024-01-08 08:48:00,keystroke_dynamics,0.8451,DEV-0048,London,1,success,58,False,
a1420851-cf47-4d72-a4ce-3160551a7dcd,USR-0154,2024-01-08 08:51:00,face,0.85,DEV-0009,New York,1,success,215,False,
0fb97b5d-520b-48f6-88d0-e602fa4ffba8,USR-0089,2024-01-08 08:56:00,voice,0.8698,DEV-0027,New York,1,success,154,False,
43d75413-a939-4bd1-a516-b0d47d3572cc,USR-0044,2024-01-08 09:04:00,voice,0.7377,DEV-0040,London,1,success,151,False,
b24cc64f-be3e-4e57-b30a-9e32aba4fc03,USR-0014,2024-01-08 09:06:00,fingerprint,0.8198,DEV-0019,London,1,success,133,False,
183f36db-54be-47e0-b566-639489a8c57d,USR-0155,2024-01-08 09:06:00,fingerprint,0.7701,DEV-0049,New York,1,success,183,False,
0143d636-fd54-425b-899d-6cd2e7232e8a,USR-0137,2024-01-08 09:08:00,voice,0.7355,DEV-0034,New York,1,success,191,False,
42bd31c4-660f-4c40-acd9-dc3f7123bc96,USR-0153,2024-01-08 09:14:00,keystroke_dynamics,0.7308,DEV-0028,London,1,success,183,False,
836b47c3-7c71-4cc8-a651-73fa7ccc9258,USR-0095,2024-01-08 09:17:00,fingerprint,0.7541,DEV-0042,London,1,success,207,False,
a07f3385-3f3f-462f-aa2b-ec6b90efb126,USR-0194,2024-01-08 09:18:00,face,0.8424,DEV-0046,Manchester,1,success,186,False,
16f32b93-21c5-4a88-b7d4-68eae0bdd765,USR-0093,2024-01-08 09:31:00,face,0.8018,DEV-0003,Manchester,1,success,233,False,
aefcfad8-efc8-4849-b3aa-7efe4458a885,USR-0001,2024-01-08 09:32:00,keystroke_dynamics,0.7794,DEV-0006,New York,1,success,204,False,
52891c31-f2de-45fd-a8b7-b5418d8b3728,USR-0134,2024-01-08 09:41:00,fingerprint,0.8886,DEV-0021,New York,1,success,184,False,
bae1e137-96ee-40e5-9f87-3b46c0a0473a,USR-0037,2024-01-08 09:45:00,keystroke_dynamics,0.892,DEV-0025,Manchester,1,success,160,False,
b3da5808-756e-467d-acab-8b695ba37cb5,USR-0066,2024-01-08 09:57:00,keystroke_dynamics,0.8675,DEV-0030,London,1,success,157,False,
5a357945-5813-4496-aed9-dac5d18097f4,USR-0174,2024-01-08 09:57:00,face,0.878,DEV-0023,London,1,success,199,False,
19b627b5-4c2b-4a96-a86c-1d888d67e82c,USR-0066,2024-01-08 09:57:00,keystroke_dynamics,0.3082,DEV-0030,London,1,success,157,True,low_score_bypass
296fc0d7-6a63-4a6b-81d0-d034abfbcc17,USR-0066,2024-01-08 10:03:00,keystroke_dynamics,0.8675,DEV-0030,Lagos,1,success,157,True,geo_jump
b32d3c81-a8e5-4e05-b1b7-bd1ec0d52828,USR-0117,2024-01-08 10:14:00,voice,0.8892,DEV-0036,New York,1,success,226,False,
30e4541b-f07c-4ca7-abac-d8e1ff7661bb,USR-0156,2024-01-08 10:16:00,keystroke_dynamics,0.8008,DEV-0030,Manchester,1,success,244,False,
3b895644-549d-43b5-8dfe-448cacb70476,USR-0175,2024-01-08 10:23:00,face,0.7041,DEV-0035,London,1,success,166,False,
bdcaf089-3a76-4ae2-a5ec-276c862c9e66,USR-0166,2024-01-08 10:25:00,voice,0.8711,DEV-0049,Manchester,1,success,210,False,
5c798b20-da7a-4b4f-b50b-1168505fc360,USR-0168,2024-01-08 10:27:00,fingerprint,0.7948,DEV-0007,Manchester,1,success,180,False,
4165964c-0b21-4308-86dc-4e34a9dcfe52,USR-0068,2024-01-08 10:30:00,fingerprint,0.8216,DEV-0024,London,1,success,167,False,
15956c42-27c0-4f89-9e3b-f1b34330125c,USR-0061,2024-01-08 10:31:00,voice,0.7954,DEV-0003,London,1,success,220,False,
65339cf0-7ce4-470e-b2b7-3d808f2e08d3,USR-0067,2024-01-08 10:34:00,fingerprint,0.8591,DEV-0043,London,1,success,114,False,
473bccd4-84e6-478f-ae37-b72135ef2b60,USR-0152,2024-01-08 10:35:00,voice,0.7633,DEV-0016,Manchester,1,success,205,False,
9ec5405d-c6a9-4598-9d34-0833db592a19,USR-0065,2024-01-08 10:46:00,face,0.725,DEV-0031,Manchester,1,success,196,False,
676a504c-dbeb-41e2-b9a0-1a0b64657945,USR-0163,2024-01-08 10:52:00,keystroke_dynamics,0.8863,DEV-0009,Manchester,1,success,174,False,
c8d57717-9055-436f-8aa5-f9d3335f2f59,USR-0040,2024-01-08 10:54:00,voice,0.7999,DEV-0002,New York,1,success,193,False,
e47f9c7e-07ec-4d32-89e4-ec2813d88e04,USR-0101,2024-01-08 10:56:00,face,0.8166,DEV-0029,New York,1,success,177,False,
4f612217-eef1-4694-90ca-e32d0aba590e,USR-0021,2024-01-08 11:02:00,voice,0.8344,DEV-0015,Manchester,1,success,284,False,
ead1d758-b319-418d-aef0-3a1b645f273c,USR-0073,2024-01-08 11:02:00,face,0.8386,DEV-0018,New York,1,success,129,False,
6dec6bbd-f697-47a1-99fe-3d53624fea4b,USR-0037,2024-01-08 11:05:00,keystroke_dynamics,0.7074,DEV-0041,Manchester,1,success,204,False,
39ed0800-3179-49f9-a9ed-e760233408ba,USR-0069,2024-01-08 11:07:00,voice,0.7053,DEV-0006,Manchester,1,success,183,False,
fad34352-1d59-498c-974d-6b8741d6676a,USR-0099,2024-01-08 11:08:00,keystroke_dynamics,0.7939,DEV-0008,New York,1,success,146,False,
afc5c20e-4a63-4af5-b6e1-e7ac9fc97264,USR-0052,2024-01-08 11:08:00,face,0.943,DEV-0009,Manchester,1,success,180,False,
4b6c14e4-cc58-4b60-ba4e-8355f5e8a7e1,USR-0076,2024-01-08 11:10:00,fingerprint,0.8354,DEV-0005,London,1,success,227,False,
c8a6a005-2463-463c-a493-16b4ca8c5366,USR-0098,2024-01-08 11:11:00,voice,0.7437,DEV-0022,London,1,success,133,False,
42650798-4b80-4fa6-bab1-fa122d5737a0,USR-0157,2024-01-08 11:11:00,keystroke_dynamics,0.8613,DEV-0032,London,1,success,204,False,
0b49452d-46d4-43f3-9450-281c6c6f7633,USR-0005,2024-01-08 11:27:00,keystroke_dynamics,0.8369,DEV-0002,London,1,success,155,False,
0d67d38e-990f-4c5b-adcc-3daf569f3ab3,USR-0019,2024-01-08 11:43:00,fingerprint,0.9592,DEV-0042,Manchester,1,success,195,False,
5f0a74fb-b6e7-4214-b3b5-f7d79d2f1794,USR-0155,2024-01-08 11:45:00,voice,0.9043,DEV-0005,New York,1,success,189,False,
ce7ae7f6-3982-4cff-8f77-a665ac3c5640,USR-0006,2024-01-08 11:45:00,voice,0.728,DEV-0045,New York,1,success,231,False,
457e55cb-4d13-4338-8cc4-c0a9af5a01cc,USR-0085,2024-01-08 11:47:00,face,0.8487,DEV-0008,London,1,success,145,False,
da095b0c-4a37-4da3-aaef-0d3e085acd62,USR-0134,2024-01-08 11:50:00,fingerprint,0.8763,DEV-0006,New York,1,success,118,False,
56784633-1429-4f31-b9b3-c0eefaf2be80,USR-0162,2024-01-08 11:58:00,voice,0.8513,DEV-0020,New York,1,success,158,False,
c8347776-04ca-43d1-b506-e337683d21a9,USR-0162,2024-01-08 12:00:00,keystroke_dynamics,0.7877,DEV-0006,New York,1,success,172,False,
5b5073c7-e6dc-4c76-ae7a-e3bb50340715,USR-0181,2024-01-08 12:04:00,fingerprint,0.7558,DEV-0045,Manchester,1,success,190,False,
3c9b3b84-cb4a-4dc6-8509-6c7855660d8e,USR-0103,2024-01-08 12:09:00,face,0.8907,DEV-0032,London,1,success,196,False,
7a49c96a-1168-4e55-82b1-4f24dc76a6a8,USR-0194,2024-01-08 12:13:00,keystroke_dynamics,0.809,DEV-0009,Manchester,1,success,247,False,
dd34aa18-9001-4ed4-8bb4-01e769f753f1,USR-0031,2024-01-08 12:17:00,fingerprint,0.7829,DEV-0033,London,1,success,167,False,
972d5d57-669b-4896-b602-72ba8862036f,USR-0074,2024-01-08 12:17:00,face,0.7819,DEV-0038,London,1,success,178,False,
7e64c44f-fe67-4797-b16c-084e6a7df379,USR-0096,2024-01-08 12:17:00,voice,0.8757,DEV-0041,New York,1,success,109,False,
a254da12-6fff-45cc-ae26-f348b044db1b,USR-0133,2024-01-08 12:33:00,voice,0.7527,DEV-0007,New York,1,success,111,False,
60094db3-b265-493e-8531-4fd0ac01e53d,USR-0182,2024-01-08 12:44:00,keystroke_dynamics,0.798,DEV-0001,New York,1,success,154,False,
3b576da7-c34a-4fa6-9bd4-87bbc75ee63d,USR-0167,2024-01-08 13:03:00,face,0.7921,DEV-0015,London,1,success,236,False,
1f683d6f-988c-49db-ad5c-ea4e758964f5,USR-0135,2024-01-08 13:16:00,keystroke_dynamics,0.8847,DEV-0011,Manchester,1,success,176,False,
0b34fc84-1111-4e29-a8ad-153985f0786a,USR-0065,2024-01-08 13:27:00,keystroke_dynamics,0.795,DEV-0049,Manchester,1,success,193,False,
bd3c83c3-6671-49de-bc0a-8f909b54d227,USR-0117,2024-01-08 13:30:00,voice,0.8899,DEV-0037,New York,1,success,217,False,
1f5d988f-776a-4f09-bde2-885951b1943c,USR-0024,2024-01-08 13:31:00,fingerprint,0.9438,DEV-0010,London,1,success,137,False,
1b3ac54c-e31f-4212-9654-c83f62510f01,USR-0125,2024-01-08 13:35:00,fingerprint,0.8813,DEV-0045,London,1,success,188,False,
517fd316-20e5-4866-a338-0b421887fa69,USR-0160,2024-01-08 13:35:00,voice,0.8767,DEV-0050,Manchester,1,success,187,False,
b285d65b-bf6b-4493-961b-53afc601b22f,USR-0010,2024-01-08 13:37:00,keystroke_dynamics,0.4645,DEV-0034,New York,1,success,177,True,low_score_bypass
069f14f1-4018-4c6e-9a8c-fa3c5283aac7,USR-0010,2024-01-08 13:37:00,keystroke_dynamics,0.7982,DEV-0034,New York,1,success,177,False,
5ff540ca-9038-4b45-916d-9a42e7b795f9,USR-0177,2024-01-08 13:53:00,face,0.8106,DEV-0027,Manchester,1,success,157,False,
9929afeb-4884-4a14-9575-11addbeae9f8,USR-0057,2024-01-08 13:53:00,face,0.7793,DEV-0006,Manchester,1,success,167,False,
dbd34a94-8a99-4027-a085-0656a22646f5,USR-0194,2024-01-08 13:54:00,voice,0.8696,DEV-0011,Manchester,1,success,229,False,
963d4606-ae6b-49de-baec-fb4c8a240d57,USR-0175,2024-01-08 13:54:00,fingerprint,0.82,DEV-0045,London,1,success,192,False,
5a947a40-a32e-4ab5-8802-d74aeaef2ec2,USR-0076,2024-01-08 13:55:00,keystroke_dynamics,0.8521,DEV-0043,London,1,success,183,False,
492d85a7-be50-4500-95a7-5ed90eb2858f,USR-0122,2024-01-08 14:01:00,fingerprint,0.774,DEV-0009,Manchester,1,success,176,False,
5efa9c5b-7421-4f46-a37e-4b0122bae10e,USR-0014,2024-01-08 14:07:00,voice,0.762,DEV-0029,London,1,success,178,False,
a3a22f35-b9b5-43c7-ab1e-fddc0d888933,USR-0122,2024-01-08 14:16:00,voice,0.9011,DEV-0042,Manchester,1,success,85,False,
548c1d84-340d-4049-8147-65063e2bf9c9,USR-0030,2024-01-08 14:18:00,voice,0.8684,DEV-0030,Manchester,1,success,141,False,
88575117-6155-4667-a112-507c2cfa55b0,USR-0017,2024-01-08 14:22:00,face,0.7184,DEV-0018,Manchester,1,success,176,False,
7647f43f-59a1-4829-acef-781debfdb100,USR-0179,2024-01-08 14:23:00,face,0.7234,DEV-0001,New York,1,success,193,False,
84274378-b40d-4aef-a0ba-614204c32fed,USR-0090,2024-01-08 14:23:00,keystroke_dynamics,0.7032,DEV-0037,London,1,success,219,False,
68d2a842-3aa5-4e1d-af9f-02e5ea7c8b0c,USR-0197,2024-01-08 14:35:00,fingerprint,0.8024,DEV-0043,London,1,success,164,False,
a23036d2-88d7-447c-ac38-704b22c0eee9,USR-0117,2024-01-08 14:39:00,face,0.7622,DEV-0012,New York,1,success,102,False,
5761b099-43db-4a42-8ece-36ae9fb209b1,USR-0095,2024-01-08 14:46:00,fingerprint,0.7901,DEV-0001,London,1,success,227,False,
5074ac13-fc0f-44cd-82eb-baa21ce370ed,USR-0087,2024-01-08 14:46:00,keystroke_dynamics,0.8076,DEV-0024,Manchester,1,success,138,False,
98af5cca-6b11-47cb-a372-542482c56b21,USR-0035,2024-01-08 14:50:00,face,0.8691,DEV-0007,New York,1,success,241,False,
225f52ab-5425-44b8-a098-d2e3bd3fdb62,USR-0112,2024-01-08 14:55:00,voice,0.8331,DEV-0018,London,1,success,147,False,
542ef29e-1bcf-492f-b98b-07573036f6b9,USR-0108,2024-01-08 15:00:00,voice,0.9103,DEV-0019,New York,1,success,136,False,
f480b91e-700e-4efc-a4ff-c31a5b86ea69,USR-0051,2024-01-08 15:07:00,keystroke_dynamics,0.9563,DEV-0048,London,1,success,215,False,
1e245a97-273e-46f4-85d4-bf0f0a4fee3b,USR-0098,2024-01-08 15:08:00,face,0.8476,DEV-0015,London,1,success,119,False,
65ebd4dc-b49b-4b72-8631-9c165827bc1d,USR-0057,2024-01-08 15:14:00,voice,0.7588,DEV-0039,Manchester,1,success,188,False,
f5d8fb91-ee60-41ac-add0-622e266bf2ea,USR-0039,2024-01-08 15:24:00,face,0.7709,DEV-0013,Manchester,1,success,241,False,
d24289ea-3959-4465-85c5-581054b728fa,USR-0145,2024-01-08 15:27:00,fingerprint,0.7908,DEV-0031,London,1,success,179,False,
8eec22a4-f966-49c2-9796-b7b190b7f26f,USR-0168,2024-01-08 15:28:00,voice,0.7873,DEV-0001,Manchester,1,success,136,False,
d7b73862-b347-41d4-98c6-b1c674d082c5,USR-0108,2024-01-08 15:31:00,face,0.8198,DEV-0027,New York,1,success,178,False,
10372a5c-b893-408a-9219-02163d211daf,USR-0065,2024-01-08 15:37:00,keystroke_dynamics,0.8072,DEV-0047,Manchester,1,success,195,False,
972a8469-1641-4f82-8b9d-2434e465e150,USR-0001,2024-01-08 15:38:00,fingerprint,0.9148,DEV-0036,New York,1,success,210,False,
0426fcc9-255b-40e2-bdc2-b74b38a56b49,USR-0031,2024-01-08 15:41:00,keystroke_dynamics,0.8569,DEV-0026,London,1,success,228,False,
1e2595b8-8fc9-486b-a9dd-ebf563119aca,USR-0023,2024-01-08 15:43:00,keystroke_dynamics,0.7977,DEV-0001,Manchester,1,success,223,False,
3f6eed9d-23cb-4943-8a84-000350834fef,USR-0037,2024-01-08 15:48:00,voice,0.7819,DEV-0019,Manchester,1,success,132,False,
17172654-3b99-4815-8219-a9c7ba23b07a,USR-0062,2024-01-08 15:52:00,fingerprint,0.8848,DEV-0028,Manchester,1,success,217,False,
3fb00e1b-abc8-46cf-b798-bd221eb6d3f0,USR-0037,2024-01-08 15:56:00,voice,0.7819,DEV-0019,Singapore,1,success,132,True,geo_jump
9947c98a-2444-4277-a7ea-f6650b752e49,USR-0178,2024-01-08 15:58:00,voice,0.9124,DEV-0043,New York,1,success,218,False,
e182701b-2e3b-4b69-8c2d-0e27c370f2e2,USR-0090,2024-01-08 16:01:00,keystroke_dynamics,0.8775,DEV-0050,London,1,success,225,False,
a7fc1bad-76ca-4cbe-834f-b3a955849e58,USR-0163,2024-01-08 16:01:00,face,0.9829,DEV-0044,Manchester,1,success,240,False,
d385d453-c7ea-4fd1-bf4f-38081a9d7acc,USR-0174,2024-01-08 16:02:00,keystroke_dynamics,0.6686,DEV-0049,London,1,success,167,False,
0cf697a5-7603-436c-b139-4e3c0aee2557,USR-0041,2024-01-08 16:09:00,keystroke_dynamics,0.833,DEV-0020,Manchester,1,success,136,False,
a7d4cf50-f791-41e5-83f9-cd6b797ebe87,USR-0026,2024-01-08 16:20:00,voice,0.8643,DEV-0038,New York,1,success,204,False,
bc10fa52-bf5d-4fdf-89c8-d2ab6b44fa8d,USR-0007,2024-01-08 16:24:00,face,0.7812,DEV-0050,Manchester,1,success,136,False,
741a5b09-a63f-43ea-ac85-2cc75eb00e6f,USR-0151,2024-01-08 16:26:00,voice,0.7809,DEV-0001,New York,1,success,141,False,
3b7f1998-1eed-4236-ad89-9035f05d45c7,USR-0111,2024-01-08 16:31:00,fingerprint,0.8689,DEV-0023,Manchester,1,success,204,False,
734bda19-c991-46cc-94a6-368b71d60744,USR-0164,2024-01-08 16:31:00,face,0.8476,DEV-0023,Manchester,1,success,216,False,
af5a7636-e8b8-4252-9670-cd19383e69a4,USR-0096,2024-01-08 16:48:00,keystroke_dynamics,0.7698,DEV-0030,New York,1,success,95,False,
366f4268-7c7d-4490-9ab7-f449ff169376,USR-0132,2024-01-08 16:48:00,keystroke_dynamics,0.8264,DEV-0048,New York,1,success,160,False,
af374e8c-c473-4700-837e-7f6080000fac,USR-0123,2024-01-08 16:54:00,fingerprint,0.7939,DEV-0046,London,1,success,167,False,
df41e335-b9ae-48e4-a615-99c8cbf81f86,USR-0026,2024-01-08 16:54:00,keystroke_dynamics,0.8626,DEV-0023,New York,1,success,162,False,
6c27316b-dd05-4827-a863-782e75fe2857,USR-0089,2024-01-08 16:56:00,face,0.9783,DEV-0035,New York,1,success,192,False,
84c42de1-7e5d-421a-9b81-b89887916cbe,USR-0138,2024-01-08 17:04:00,face,0.7234,DEV-0030,Manchester,1,success,210,False,
7e1e7e84-3003-4603-9782-d6a7c6b92071,USR-0138,2024-01-08 17:04:00,face,0.4585,DEV-0030,Manchester,1,success,210,True,low_score_bypass
0a368ce7-dc57-4131-b8e1-daa7cbceabde,USR-0005,2024-01-08 17:04:00,fingerprint,0.8528,DEV-0049,London,1,success,171,False,
029e435d-b0b6-45da-a8c1-8df945ca17af,USR-0178,2024-01-08 17:07:00,voice,0.8523,DEV-0042,New York,1,success,141,False,
3e447305-eb55-420d-81d2-31cb66bd5d42,USR-0193,2024-01-08 17:11:00,voice,0.7864,DEV-0012,Manchester,1,success,172,False,
d45d91e1-7979-4bb2-9013-8f7ecab5e9f3,USR-0193,2024-01-08 17:11:00,voice,0.5453,DEV-0012,Manchester,14,success,172,True,rapid_retry
a0279a18-6576-4410-8d41-ee472a5fda18,USR-0037,2024-01-08 17:16:00,fingerprint,0.6619,DEV-0014,Manchester,1,success,180,False,
394b5d35-df37-4ff8-9532-7432b118cad6,USR-0117,2024-01-08 17:19:00,keystroke_dynamics,0.7667,DEV-0038,New York,1,success,173,False,
9afa8267-4479-4214-b5de-f8074a965478,USR-0061,2024-01-08 17:20:00,voice,0.9105,DEV-0014,London,1,success,204,False,
fa82f65d-6e1b-4be2-8a20-8c075c8aca1b,USR-0132,2024-01-08 17:22:00,voice,0.8837,DEV-0044,New York,1,success,167,False,
c4615234-8044-4eb2-b66e-dbf4a0ea0251,USR-0038,2024-01-08 17:27:00,voice,0.7546,DEV-0001,Manchester,1,success,148,False,
5b33cb3f-1551-4ef5-8916-54e6473eb4b1,USR-0038,2024-01-08 17:27:00,voice,0.5987,DEV-0001,Manchester,10,success,148,True,rapid_retry
5d13539c-44ed-4fd5-9c2c-8fb14de5f2f7,USR-0124,2024-01-08 17:31:00,keystroke_dynamics,0.8142,DEV-0015,London,1,success,172,False,
ae455cc6-b88e-430f-9e1e-994ac5a11f5c,USR-0026,2024-01-08 17:36:00,fingerprint,0.9167,DEV-0032,New York,1,success,232,False,
c30dcc74-0512-46b8-bb64-665ccb26a809,USR-0113,2024-01-08 17:45:00,voice,0.83,DEV-0032,New York,1,success,222,False,
6508f5c4-2994-4775-ba4b-90e3fdf26daf,USR-0183,2024-01-08 17:46:00,fingerprint,0.727,DEV-0028,London,1,success,240,False,
bdb025ff-2451-45a4-91d0-59b26699cd99,USR-0017,2024-01-08 17:48:00,fingerprint,0.8914,DEV-0034,Manchester,1,success,130,False,
b227462c-f53d-4330-8dda-24ba2d06e8cf,USR-0006,2024-01-08 17:53:00,fingerprint,0.8038,DEV-0049,New York,1,success,208,False,
701fb3ea-a1fe-4bc6-a29d-650a15b98c20,USR-0078,2024-01-08 17:57:00,face,0.8871,DEV-0020,Manchester,1,success,180,False,
f3b81fe4-194d-4447-a05b-e2306603854f,USR-0166,2024-01-08 18:00:00,fingerprint,0.7372,DEV-0040,Manchester,1,success,196,False,
15b5bc25-eb7c-4628-acb9-48f7ec5eac70,USR-0128,2024-01-08 18:06:00,voice,0.8491,DEV-0016,Manchester,1,success,190,False,
8b0ea0b9-1246-4474-a475-c0eec6913069,USR-0062,2024-01-08 18:14:00,keystroke_dynamics,0.7565,DEV-0040,Manchester,1,success,80,False,
d7f64255-cf97-4ff0-bafd-0718ebced334,USR-0177,2024-01-08 18:15:00,keystroke_dynamics,0.8116,DEV-0018,Manchester,1,success,204,False,
6ea28b15-d0a7-43b9-a7ea-ae636f850440,USR-0062,2024-01-08 18:18:00,keystroke_dynamics,0.7565,DEV-0040,Lagos,1,success,80,True,geo_jump
57f479b5-b212-46ee-8210-63710260a123,USR-0037,2024-01-08 18:18:00,keystroke_dynamics,0.8715,DEV-0041,Manchester,1,success,170,False,
f1eef895-d061-46b3-8abc-36fc24a887a1,USR-0152,2024-01-08 18:19:00,fingerprint,0.8252,DEV-0043,Manchester,1,success,150,False,
d86f4bb4-aefc-4ef1-84bb-4aced0c8da67,USR-0107,2024-01-08 18:19:00,voice,0.8644,DEV-0029,New York,1,success,247,False,
d12b32e6-7d53-4cdc-9790-6117ed1d4adb,USR-0189,2024-01-08 18:20:00,fingerprint,0.3047,DEV-0027,Manchester,1,success,122,True,low_score_bypass
deaaacaa-748a-489c-bc1c-09a3b98d15a7,USR-0189,2024-01-08 18:20:00,fingerprint,0.8267,DEV-0027,Manchester,1,success,122,False,
c6a22085-38cb-405e-ae3a-1f32d70b1463,USR-0171,2024-01-08 18:24:00,fingerprint,0.8574,DEV-0010,New York,1,success,245,False,
16ed0330-ce01-4413-ba25-16fe8a27b0b0,USR-0062,2024-01-08 18:27:00,fingerprint,0.7808,DEV-0016,Manchester,1,success,181,False,
9343e6ea-985a-4548-80ba-22a47213e7cc,USR-0067,2024-01-08 18:27:00,face,0.8622,DEV-0040,London,1,success,266,False,
9f64eeed-5c9d-427d-84b8-71bb300568d2,USR-0011,2024-01-08 18:28:00,keystroke_dynamics,0.7685,DEV-0034,London,1,success,208,False,
5a0461c9-947d-4fcf-88cf-c53d188889ce,USR-0085,2024-01-08 18:28:00,keystroke_dynamics,0.8112,DEV-0008,London,1,success,218,False,
4526ed62-13d8-46e6-bf5c-022a9a86013d,USR-0121,2024-01-08 18:30:00,keystroke_dynamics,0.7861,DEV-0027,New York,1,success,156,False,
161cd674-2978-468d-862c-06921efa91a0,USR-0193,2024-01-08 18:38:00,voice,0.8191,DEV-0022,Manchester,1,success,156,False,
34879e41-1a9c-472a-8eb9-047dba2ac3d9,USR-0041,2024-01-08 18:41:00,fingerprint,0.7522,DEV-0041,Manchester,1,success,204,False,
fae2d4a8-a475-4fa7-8d30-69bfca6628a8,USR-0126,2024-01-08 18:44:00,fingerprint,0.8138,DEV-0036,New York,1,success,132,False,
6c8de840-ed30-4556-a2a5-3193a6a1cc2b,USR-0114,2024-01-08 18:53:00,fingerprint,0.8086,DEV-0030,Manchester,1,success,213,False,
379d58f9-dc26-4108-b140-11a1afc2ccfc,USR-0037,2024-01-08 19:00:00,voice,0.8709,DEV-0013,Manchester,1,success,90,False,
67e2189b-f4b4-4704-8edb-6dc82d19bd52,USR-0075,2024-01-08 19:05:00,voice,0.8416,DEV-0010,Manchester,1,success,200,False,
f1f97ce9-d8b3-44a4-8bd7-25f2ec66f55e,USR-0184,2024-01-08 19:10:00,keystroke_dynamics,0.7614,DEV-0030,London,1,success,219,False,
5be6128e-18c2-4797-a142-ea7d17be3111,USR-0001,2024-01-08 19:18:00,fingerprint,0.7509,DEV-0015,New York,1,success,195,False,
bc69c155-1a37-46bd-acd6-f011fd61f13b,USR-0036,2024-01-08 19:21:00,keystroke_dynamics,0.7852,DEV-0044,New York,1,success,189,False,
7148c007-0faf-46b4-9c63-df5edd712dc5,USR-0183,2024-01-08 19:26:00,fingerprint,0.8689,DEV-0027,London,1,success,167,False,
c958e75e-21d5-4971-b367-49b52cf6bf75,USR-0013,2024-01-08 19:31:00,fingerprint,0.7331,DEV-0024,Manchester,1,success,92,False,
8baaf744-a08d-421b-a395-4cb17f7f6c0a,USR-0024,2024-01-08 19:33:00,fingerprint,0.8379,DEV-0026,London,1,success,149,False,
f859396d-c37a-4ab0-85eb-43c898ff805c,USR-0086,2024-01-08 19:34:00,voice,0.7393,DEV-0022,London,1,success,145,False,
078d27e5-378a-4ba6-a608-d6d31d62c6b5,USR-0135,2024-01-08 19:36:00,face,0.7596,DEV-0021,Manchester,1,success,186,False,
8fa8ae34-3233-4053-9242-ba54a6f9c0e1,USR-0067,2024-01-08 19:43:00,face,0.8488,DEV-0039,London,1,success,137,False,
80b9ec30-ed94-498b-9b92-3c67129538df,USR-0054,2024-01-08 19:52:00,voice,0.7137,DEV-0030,New York,1,success,198,False,
cd602879-f79b-4079-abb8-fe95f077671b,USR-0093,2024-01-08 19:58:00,fingerprint,0.8249,DEV-0025,Manchester,1,success,165,False,
7e63f654-53ff-4f1f-950e-33880a6552a5,USR-0087,2024-01-08 19:58:00,keystroke_dynamics,0.7743,DEV-0044,Manchester,1,success,188,False,
30de0010-fe31-4408-a671-cd819c2b05eb,USR-0168,2024-01-08 19:58:00,voice,0.8487,DEV-0041,Manchester,1,success,143,False,
822c4d32-6c64-4c15-aba3-01cba561e1e9,USR-0019,2024-01-08 20:04:00,voice,0.8217,DEV-0039,Manchester,1,success,179,False,
7ccd3dc0-740a-4bed-9323-8affe1e538a1,USR-0073,2024-01-08 20:13:00,fingerprint,0.853,DEV-0001,New York,1,success,252,False,
49861a4a-0025-43ed-a2ca-9f04609eee72,USR-0198,2024-01-08 20:25:00,fingerprint,0.928,DEV-0021,Manchester,1,success,158,False,
a23ff67d-e957-4bc2-b9bd-8bd6d479cc36,USR-0053,2024-01-08 20:27:00,keystroke_dynamics,0.7984,DEV-0018,Manchester,1,success,150,False,
bdc242a8-d1ed-4618-84da-c679d113b5ff,USR-0134,2024-01-08 20:32:00,voice,0.7939,DEV-0026,New York,1,success,127,False,
f01a5097-9ed0-4e5f-b3bc-57914882f6eb,USR-0133,2024-01-08 20:32:00,fingerprint,0.8832,DEV-0036,New York,1,success,106,False,
d3e7acd9-7b16-4453-b042-eb9e061285a7,USR-0164,2024-01-08 20:34:00,face,0.8906,DEV-0037,Manchester,1,success,253,False,
7978dc84-ea89-4979-baa6-d6eaac273009,USR-0072,2024-01-08 20:34:00,fingerprint,0.9511,DEV-0019,Manchester,1,success,152,False,
e9917f60-a8c4-40ca-90a4-a31afc00f3e7,USR-0118,2024-01-08 20:38:00,voice,0.8609,DEV-0037,New York,1,success,217,False,
f42050e8-3730-4f79-913a-27afa9179e02,USR-0053,2024-01-08 20:40:00,keystroke_dynamics,0.7984,DEV-0018,Berlin,1,success,150,True,geo_jump
888e58e7-06b6-45f4-99d4-5a552e7c77b0,USR-0169,2024-01-08 20:40:00,voice,0.9095,DEV-0025,New York,1,success,167,False,
d4ec0595-3ff0-4d13-add7-1599e9fedd48,USR-0122,2024-01-08 20:42:00,keystroke_dynamics,0.7805,DEV-0036,Manchester,1,success,156,False,
a60da1aa-005b-4f73-9dbe-4a3c88db3692,USR-0127,2024-01-08 21:03:00,fingerprint,0.7334,DEV-0016,New York,1,success,205,False,
66ca0baf-3310-480a-aee0-95d5c4a9d8ac,USR-0132,2024-01-08 21:07:00,face,0.893,DEV-0035,New York,1,success,186,False,
1b7e0502-ca9d-4831-894e-7397b38a3db1,USR-0064,2024-01-08 21:12:00,keystroke_dynamics,0.871,DEV-0016,New York,1,success,196,False,
9d264599-c4dd-4df5-9aec-56a857311609,USR-0032,2024-01-08 21:13:00,voice,0.8456,DEV-0022,New York,1,success,180,False,
a6789753-8f1a-4d4a-b2ce-d11f8f59748b,USR-0175,2024-01-08 21:17:00,fingerprint,0.862,DEV-0019,London,1,success,141,False,
5c91f845-534f-496d-99ca-9c1b94bcf47a,USR-0060,2024-01-08 21:25:00,voice,0.8046,DEV-0035,New York,1,success,158,False,
caf91924-4f2c-4cfd-9724-5dacf8673a5b,USR-0158,2024-01-08 21:27:00,keystroke_dynamics,0.6908,DEV-0027,New York,1,success,188,False,
668c879b-d2dc-42c8-b2b8-d8aa21768dd7,USR-0041,2024-01-08 21:33:00,voice,0.8771,DEV-0022,Manchester,1,success,165,False,
02cf63a8-98dc-4031-b63f-bae910b8c1c5,USR-0131,2024-01-08 21:33:00,face,0.852,DEV-0043,New York,1,success,239,False,
4e7674e9-ca12-4a49-a5f5-cdc821c7c0f6,USR-0083,2024-01-08 21:43:00,face,0.8415,DEV-0020,New York,1,success,132,False,
fb372648-697a-496d-9988-5d2a570662ce,USR-0176,2024-01-09 02:20:00,fingerprint,0.7385,DEV-0050,London,1,success,176,True,off_hours
ecc06aeb-3ab5-41e6-9537-927280f2835e,USR-0093,2024-01-09 02:46:00,face,0.8331,DEV-0026,Manchester,1,success,231,True,off_hours
22530aa4-15d1-42b0-b6a6-b583dcac7b04,USR-0056,2024-01-09 04:24:00,keystroke_dynamics,0.8409,DEV-0006,New York,1,success,183,True,off_hours
5d20d8de-24a1-4c7f-b63f-93f646b5b8f6,USR-0185,2024-01-09 07:00:00,fingerprint,0.8272,DEV-0012,London,1,success,154,False,
3c243b45-d1fd-4711-af1d-80eafb91fb90,USR-0143,2024-01-09 07:02:00,keystroke_dynamics,0.8377,DEV-0017,New York,1,success,195,False,
b253d218-6c4a-47ea-8906-17f2747b6dba,USR-0004,2024-01-09 07:06:00,keystroke_dynamics,0.8772,DEV-0023,London,1,success,206,False,
f65e52fd-2e03-49cc-8827-f0b5efa99c7e,USR-0099,2024-01-09 07:25:00,voice,0.8262,DEV-0025,New York,1,success,168,False,
861550f6-6b43-4b40-bb9a-21c41155581f,USR-0125,2024-01-09 07:27:00,voice,0.8668,DEV-0023,New York,1,success,133,False,
e05f039c-d98e-4024-8813-20254dacd33c,USR-0146,2024-01-09 07:29:00,face,0.7771,DEV-0014,London,1,success,251,False,
a6b96653-a62b-4d30-a070-bdb9c98cd5fb,USR-0101,2024-01-09 07:31:00,face,0.8193,DEV-0045,New York,1,success,135,False,
f296d9f0-cd23-42c2-abff-e17b532401fc,USR-0018,2024-01-09 07:35:00,face,0.7244,DEV-0041,New York,1,success,197,False,
7f151663-189b-4535-83cf-ed3bb32f7256,USR-0175,2024-01-09 07:56:00,voice,0.4139,DEV-0041,London,1,success,155,True,low_score_bypass
8a55a14b-51f5-48f9-bc15-ae1fefda21b2,USR-0175,2024-01-09 07:56:00,voice,0.8739,DEV-0041,London,1,success,155,False,
db869a02-a69b-4d21-afb3-8c42b0901da2,USR-0167,2024-01-09 08:01:00,fingerprint,0.8428,DEV-0046,Manchester,1,success,202,False,
f9d09e26-165e-45b5-b526-d3b0abeb35d1,USR-0084,2024-01-09 08:02:00,fingerprint,0.8955,DEV-0029,New York,1,success,196,False,
e2b6a842-d2a8-4922-a518-93471e910b71,USR-0179,2024-01-09 08:04:00,keystroke_dynamics,0.808,DEV-0035,New York,1,success,207,False,
87352231-a469-4757-ba70-c9f6e9368ad0,USR-0145,2024-01-09 08:04:00,fingerprint,0.6794,DEV-0042,London,1,success,155,False,
2e4bebc4-2989-4880-a77d-1be96070b6a1,USR-0019,2024-01-09 08:08:00,fingerprint,0.7636,DEV-0012,Manchester,1,success,174,False,
67f3e4bf-a3b3-4be6-9726-9541b8d11a8f,USR-0174,2024-01-09 08:10:00,fingerprint,0.8845,DEV-0029,Manchester,1,success,224,False,
ddd1dfb2-3b98-4ef8-9af6-1a26146d3f31,USR-0001,2024-01-09 08:13:00,voice,0.7313,DEV-0014,New York,1,success,151,False,
16e7bff3-d2a6-4853-8c50-1e6e27ad082f,USR-0187,2024-01-09 08:13:00,voice,0.8888,DEV-0025,Manchester,1,success,211,False,
8494205c-34ef-4552-ab28-6d090af57e60,USR-0055,2024-01-09 08:20:00,fingerprint,0.8995,DEV-0009,London,1,success,123,False,
cdfcef75-651e-49f1-acd3-80efb0b710ab,USR-0095,2024-01-09 08:21:00,fingerprint,0.7896,DEV-0030,London,1,success,172,False,
fa286316-5315-4a23-92f0-ed7dbff49c48,USR-0168,2024-01-09 08:25:00,fingerprint,0.8906,DEV-0002,Manchester,1,success,225,False,
0cc66163-002a-4e3d-9588-3c8fa9065c79,USR-0141,2024-01-09 08:28:00,voice,0.7572,DEV-0027,Manchester,1,success,207,False,
c7efd8e2-5f71-4ac6-8087-1ba97344e407,USR-0161,2024-01-09 08:32:00,face,0.8197,DEV-0039,Manchester,1,success,214,False,
42ac66dc-904f-4df7-88f7-2c2dba1ad160,USR-0076,2024-01-09 08:36:00,fingerprint,0.7992,DEV-0037,London,1,success,210,False,
f6eab3a0-0153-4221-a331-0a28c550eca8,USR-0027,2024-01-09 08:41:00,keystroke_dynamics,0.836,DEV-0012,London,1,success,200,False,
34da1f50-b1a7-4e09-861a-1396716728ee,USR-0181,2024-01-09 08:45:00,face,0.8006,DEV-0021,Manchester,1,success,169,False,
a6cc0a57-8e01-4eb3-8352-8ba43f0e924b,USR-0100,2024-01-09 08:49:00,keystroke_dynamics,0.7687,DEV-0036,New York,1,success,163,False,
839fbc50-1223-4513-9496-f63cdc1110c1,USR-0003,2024-01-09 08:56:00,fingerprint,0.8778,DEV-0048,New York,1,success,196,False,
3a42958b-65c2-480d-9d8f-3007263749ec,USR-0107,2024-01-09 08:58:00,keystroke_dynamics,0.8906,DEV-0043,New York,1,success,156,False,
8d8164b0-f85a-4287-93ff-c45f2b80e44a,USR-0080,2024-01-09 08:59:00,fingerprint,0.796,DEV-0023,London,1,success,150,False,
af66dc57-ef54-4897-80fa-07e35031d661,USR-0142,2024-01-09 09:00:00,voice,0.7925,DEV-0021,Manchester,1,success,221,False,
827c9f8c-d40a-45e9-81df-6517561c9210,USR-0026,2024-01-09 09:01:00,voice,0.812,DEV-0039,New York,1,success,141,False,
6b65a6a4-8b81-48f6-b38a-088ca65ed389,USR-0001,2024-01-09 09:13:00,voice,0.7165,DEV-0007,New York,1,success,157,False,
29a3b2e9-5d65-4441-9588-42dea2bc372f,USR-0001,2024-01-09 09:15:00,voice,0.8406,DEV-0048,New York,1,success,109,False,
aa4e8b03-18b6-4fc7-bb50-f94f28bfffdd,USR-0143,2024-01-09 09:17:00,face,0.7934,DEV-0014,New York,1,success,169,False,
0df1172a-46f2-4f38-ac45-1540ae2356f3,USR-0082,2024-01-09 09:22:00,voice,0.7152,DEV-0033,Manchester,1,success,183,False,
9ceeaf74-a3f2-43db-9236-948e34ecb64f,USR-0178,2024-01-09 09:25:00,voice,0.7648,DEV-0011,New York,1,success,214,False,
d284b528-b091-4fb7-b17f-3f92d26aa790,USR-0066,2024-01-09 09:28:00,voice,0.9181,DEV-0012,London,1,success,232,False,
4d4ef3fa-bfcf-4645-a301-767aed6cbe79,USR-0162,2024-01-09 09:38:00,fingerprint,0.8084,DEV-0026,New York,1,success,126,False,
32f8dbab-b462-43e8-9c41-8a83eb04159c,USR-0046,2024-01-09 09:39:00,voice,0.732,DEV-0018,Manchester,1,success,159,False,
a7641ff1-ce8a-4e7f-be99-919ec696e772,USR-0192,2024-01-09 09:45:00,face,0.9097,DEV-0001,London,1,success,125,False,
73d12f3e-5860-44f4-9f70-b9511038f676,USR-0083,2024-01-09 09:46:00,face,0.7225,DEV-0028,New York,1,success,79,False,
dd2467ac-778e-4db3-a93d-ffbc6c6fa611,USR-0003,2024-01-09 09:47:00,keystroke_dynamics,0.8041,DEV-0036,New York,1,success,288,False,
f481b9cb-93ab-4d5e-adfc-1dc4f8c43f7a,USR-0133,2024-01-09 09:59:00,keystroke_dynamics,0.8143,DEV-0030,New York,1,success,164,False,
343c1752-3caa-431e-93d3-c72682d33948,USR-0149,2024-01-09 10:00:00,face,0.8013,DEV-0008,Manchester,1,success,196,False,
048c8480-a743-4402-bec7-fb117f53dc0a,USR-0052,2024-01-09 10:01:00,fingerprint,0.9227,DEV-0035,Manchester,1,success,110,False,
761b7e11-7c19-4e61-b6d8-cbc7bfa93b6e,USR-0110,2024-01-09 10:09:00,voice,0.7772,DEV-0002,Manchester,1,success,227,False,
4a26eb59-2101-4598-b7ad-3965b25b56dc,USR-0125,2024-01-09 10:11:00,face,0.9584,DEV-0015,New York,1,success,124,False,
bdd640fb-0667-4ad1-9c80-317fa3b1799d,USR-0001,2024-01-09 10:14:00,face,0.8498,DEV-0048,New York,1,success,174,False,
bd0443f0-7027-41f1-9ef3-6d4d9d85aa72,USR-0179,2024-01-09 10:20:00,keystroke_dynamics,0.897,DEV-0041,New York,1,success,173,False,
31a3ac4d-828c-47e7-87d5-b7be1d30d990,USR-0018,2024-01-09 10:21:00,fingerprint,0.7454,DEV-0029,New York,1,success,152,False,
d8b6a802-27e9-4dd3-b814-c4920c604d99,USR-0197,2024-01-09 10:30:00,keystroke_dynamics,0.9046,DEV-0040,London,1,success,180,False,
96f01335-c5ab-48da-a435-4021392a9fc4,USR-0055,2024-01-09 10:39:00,keystroke_dynamics,0.8381,DEV-0016,London,1,success,187,False,
314e9b45-0715-41b6-a506-6540c7d77fbb,USR-0194,2024-01-09 10:42:00,voice,0.7569,DEV-0027,New York,1,success,140,False,
ada58417-5e2a-432d-b1ab-0b56d5c9fdc7,USR-0020,2024-01-09 10:46:00,keystroke_dynamics,0.877,DEV-0039,London,1,success,120,False,
def57689-68f4-4bce-a4e7-5e8eb8f21423,USR-0012,2024-01-09 10:53:00,face,0.8179,DEV-0036,New York,1,success,189,False,
d5b1a96a-2e4c-46e2-9b79-9e6bf52ef4a6,USR-0087,2024-01-09 10:53:00,voice,0.8521,DEV-0016,Manchester,1,success,150,False,
a689b424-7a3a-40e1-b9c7-73a0e0decc3d,USR-0027,2024-01-09 10:53:00,voice,0.9167,DEV-0037,London,1,success,215,False,
db964db1-3c76-46e5-af41-87bc1493794a,USR-0159,2024-01-09 10:56:00,face,0.8581,DEV-0036,London,1,success,138,False,
d50cf57e-3dc8-419c-8239-850b97ae50f0,USR-0097,2024-01-09 10:59:00,face,0.8165,DEV-0050,New York,1,success,213,False,
3334cd07-e6b3-4561-966d-273534952c00,USR-0086,2024-01-09 11:01:00,voice,0.7398,DEV-0035,London,1,success,233,False,
cd5fe3f4-23a7-439d-8971-d849e3fb1c48,USR-0194,2024-01-09 11:13:00,keystroke_dynamics,0.8584,DEV-0043,New York,1,success,198,False,
398d1ca6-8b68-40b5-9d61-fac36cd5e859,USR-0010,2024-01-09 11:20:00,fingerprint,0.8754,DEV-0001,New York,1,success,172,False,
c87d01c2-92e8-48b1-9e00-3828d5935e79,USR-0197,2024-01-09 11:29:00,keystroke_dynamics,0.7782,DEV-0012,London,1,success,214,False,
9d8e20d6-17a6-4138-a8a4-14a7ea7523fa,USR-0197,2024-01-09 11:30:00,keystroke_dynamics,0.7751,DEV-0030,London,1,success,108,False,
1391d18a-8171-4955-8f7a-1e435a1ba9db,USR-0151,2024-01-09 11:31:00,voice,0.7744,DEV-0042,New York,1,success,202,False,
a0f155fb-8d64-4c21-8fc9-3778288510d1,USR-0181,2024-01-09 11:45:00,keystroke_dynamics,0.7502,DEV-0043,Manchester,1,success,236,False,
2bf998ad-c92a-4b0c-a56f-fbd8c4329e78,USR-0167,2024-01-09 11:47:00,keystroke_dynamics,0.677,DEV-0031,Manchester,1,success,135,False,
b599277f-f78e-49e8-b676-291d4e329b4b,USR-0046,2024-01-09 11:51:00,fingerprint,0.8641,DEV-0017,Manchester,1,success,251,False,
34943114-def1-4d58-9e39-2331a142d68f,USR-0097,2024-01-09 11:53:00,voice,0.8531,DEV-0002,New York,1,success,150,False,
c55fa445-f09e-4302-b525-a4d983f023fd,USR-0078,2024-01-09 11:53:00,keystroke_dynamics,0.7973,DEV-0044,London,1,success,263,False,
dbd7b4b4-ea44-4cc9-a5cb-bf135b619ebe,USR-0147,2024-01-09 12:02:00,face,0.7935,DEV-0023,London,1,success,135,False,
5738811d-70c2-403f-ba8d-03aa782a65e0,USR-0009,2024-01-09 12:09:00,keystroke_dynamics,0.8061,DEV-0005,Manchester,1,success,207,False,
88433a38-46d2-4109-895c-7ac8314aabdd,USR-0072,2024-01-09 12:17:00,voice,0.9204,DEV-0046,Manchester,1,success,156,False,
d0e34b2b-1ca6-4c33-b0d8-67cd038d5f5a,USR-0095,2024-01-09 12:18:00,keystroke_dynamics,0.8041,DEV-0022,London,1,success,194,False,
e0ccedc5-f05d-476e-9a84-a51aa9d3d7c7,USR-0005,2024-01-09 12:20:00,fingerprint,0.8898,DEV-0009,London,1,success,180,False,
f8b03457-ad7b-43c5-b2f0-b15c554047fe,USR-0168,2024-01-09 12:32:00,face,0.8122,DEV-0049,Manchester,1,success,198,False,
3610901c-2196-43b5-bc21-109bba27bc64,USR-0048,2024-01-09 12:39:00,keystroke_dynamics,0.8475,DEV-0003,Manchester,1,success,140,False,
23226464-ad6d-44ef-94d9-a0ae055fd8d1,USR-0105,2024-01-09 12:40:00,keystroke_dynamics,0.7925,DEV-0031,New York,1,success,199,False,
63b1a52e-9070-41b6-9ec0-9c3575035829,USR-0143,2024-01-09 12:45:00,face,0.7703,DEV-0003,New York,1,success,207,False,
ad973b67-9b89-45cb-9942-644c248d31ec,USR-0022,2024-01-09 12:53:00,voice,0.7709,DEV-0022,London,1,success,179,False,
8beb4e78-e683-43a3-bb82-b7963207343e,USR-0040,2024-01-09 12:56:00,face,0.6682,DEV-0015,New York,1,success,168,False,
a9eb0bf9-850e-4d30-a055-adeccbebb43f,USR-0118,2024-01-09 12:58:00,voice,0.8358,DEV-0031,Manchester,1,success,157,False,
c64d8e70-1ea3-41e2-9662-f8835bbccb30,USR-0175,2024-01-09 13:07:00,keystroke_dynamics,0.8446,DEV-0004,London,1,success,162,False,
5f987c71-a65e-488e-abf3-ad39fec21bbe,USR-0002,2024-01-09 13:08:00,voice,0.835,DEV-0030,New York,1,success,193,False,
47efa886-d5b5-47b0-b92e-dfa1df266424,USR-0093,2024-01-09 13:11:00,face,0.8331,DEV-0026,Manchester,1,success,231,False,
32b6f533-c5cc-4fb0-a1a6-2208a1f40627,USR-0151,2024-01-09 13:12:00,fingerprint,0.6787,DEV-0044,New York,1,success,242,False,
dee7dad7-1168-4433-8518-8d4dc5a8646c,USR-0168,2024-01-09 13:15:00,fingerprint,0.8542,DEV-0004,Manchester,1,success,152,False,
29d4056e-10f4-45e5-bdb3-e9a900252855,USR-0200,2024-01-09 13:22:00,keystroke_dynamics,0.9366,DEV-0025,London,1,success,182,False,
1c36036f-beba-4619-9b6f-b706e04e6585,USR-0138,2024-01-09 13:26:00,keystroke_dynamics,0.8533,DEV-0007,London,1,success,170,False,
44de950f-2488-4ee3-9071-3f73582a2099,USR-0115,2024-01-09 13:35:00,keystroke_dynamics,0.8248,DEV-0005,New York,1,success,192,False,
2336d60b-0f57-4d6b-9452-e1309ea8ffe3,USR-0112,2024-01-09 13:41:00,fingerprint,0.8778,DEV-0020,London,1,success,226,False,
53f42383-21b7-4e70-a647-bcfcc2886352,USR-0171,2024-01-09 13:42:00,keystroke_dynamics,0.82,DEV-0002,New York,1,success,181,False,
a53bc024-d1a6-4d87-b54e-2019ba35844e,USR-0018,2024-01-09 13:43:00,fingerprint,0.8023,DEV-0005,New York,1,success,229,False,
874db4a6-d057-4b85-af1e-c0de297eb3f4,USR-0144,2024-01-09 13:50:00,face,0.7777,DEV-0013,London,1,success,146,False,
71b2b47a-b661-4c50-a895-b96f14fdc3a7,USR-0196,2024-01-09 13:55:00,fingerprint,0.8024,DEV-0031,Manchester,1,success,136,False,
7859d906-e78f-480a-b31b-c38a6173a99e,USR-0182,2024-01-09 13:56:00,keystroke_dynamics,0.796,DEV-0025,New York,1,success,177,False,
54e38579-c0af-4193-b780-ef2f664d5922,USR-0035,2024-01-09 13:58:00,face,0.7545,DEV-0034,New York,1,success,164,False,
f151ff15-a46e-499e-ae4e-d89fd659d69f,USR-0157,2024-01-09 14:01:00,face,0.8797,DEV-0001,London,1,success,158,False,
acdfe0ff-c5ed-4982-b60b-36736422a73e,USR-0077,2024-01-09 14:02:00,face,0.7741,DEV-0031,Manchester,1,success,215,False,
be006ccb-f872-4487-a507-c321f0b6844f,USR-0113,2024-01-09 14:07:00,keystroke_dynamics,0.7997,DEV-0023,New York,1,success,180,False,
7466ef02-5e7b-42c8-a097-dedbefb3b939,USR-0036,2024-01-09 14:11:00,face,0.8529,DEV-0037,New York,1,success,169,False,
58e9bbad-35b1-473c-ad56-cfd579ab3018,USR-0090,2024-01-09 14:12:00,fingerprint,0.8055,DEV-0017,London,1,success,238,False,
d145bd7f-d15b-4a37-905f-86aa974e8f83,USR-0078,2024-01-09 14:12:00,fingerprint,0.8364,DEV-0023,London,1,success,140,False,
5037e669-8a3a-4129-a9d8-4c4f6ed338be,USR-0090,2024-01-09 14:18:00,face,0.7643,DEV-0025,London,1,success,134,False,
d06200e3-356a-4651-9727-bd831ac2c99a,USR-0138,2024-01-09 14:19:00,face,0.8305,DEV-0026,London,1,success,173,False,
de952d1d-dcbc-4e3f-ab90-60cb02381c49,USR-0181,2024-01-09 14:27:00,fingerprint,0.852,DEV-0029,Manchester,1,success,166,False,
7d457a09-402d-45e8-9f47-d9021ba84a91,USR-0088,2024-01-09 14:28:00,face,0.7971,DEV-0011,London,1,success,127,False,
b74966cb-25df-48fa-a5c6-5c7b5c6ebf5a,USR-0084,2024-01-09 14:28:00,voice,0.8951,DEV-0015,New York,1,success,186,False,
a9d049dc-369e-4af8-a226-49ee38a06ffe,USR-0053,2024-01-09 14:37:00,keystroke_dynamics,0.765,DEV-0040,Manchester,1,success,146,False,
cb6ad0c7-a235-4dd4-9355-08d073b5bad5,USR-0036,2024-01-09 14:39:00,voice,0.9969,DEV-0024,New York,1,success,229,False,
57d3ec63-e3e1-43bb-ae8e-60755eebc618,USR-0116,2024-01-09 14:41:00,voice,0.7951,DEV-0020,London,1,success,240,False,
8d938a78-634a-41a4-ac23-9586195b2525,USR-0194,2024-01-09 14:50:00,voice,0.9028,DEV-0015,New York,1,success,202,False,
ae1455f4-d6e8-4ad3-803a-423a990ddc73,USR-0101,2024-01-09 14:50:00,fingerprint,0.8638,DEV-0021,New York,1,success,142,False,
a30c1e0e-69cd-4159-a53d-fc49f7410b94,USR-0137,2024-01-09 14:53:00,fingerprint,0.8305,DEV-0009,New York,1,success,139,False,
770c7798-37cc-463b-b2a0-345990604f62,USR-0008,2024-01-09 14:54:00,voice,0.816,DEV-0013,New York,1,success,131,False,
cdd0b4d4-5542-47de-b6ad-f48b2314d0c8,USR-0025,2024-01-09 14:56:00,face,0.76,DEV-0003,London,1,success,152,False,
63ccf604-e2ae-4f87-ae7c-a782a7a31d25,USR-0061,2024-01-09 14:57:00,face,0.7524,DEV-0001,London,1,success,225,False,
f394c60d-c2db-4aab-bd41-1a05833cd4f2,USR-0107,2024-01-09 15:12:00,keystroke_dynamics,0.7985,DEV-0019,New York,1,success,131,False,
0e737523-59ec-4846-a974-37ea5b7c57e8,USR-0089,2024-01-09 15:13:00,keystroke_dynamics,0.807,DEV-0004,New York,1,success,142,False,
edcabf94-65f6-4a53-9226-a8b3b674410d,USR-0032,2024-01-09 15:16:00,face,0.9414,DEV-0011,New York,1,success,180,False,
fb66bcaf-47be-40eb-836f-ad3831286dc8,USR-0182,2024-01-09 15:21:00,fingerprint,0.8528,DEV-0022,New York,1,success,165,False,
2f098f4d-a43f-483a-a431-01e40d565923,USR-0092,2024-01-09 15:22:00,fingerprint,0.7296,DEV-0022,New York,1,success,139,False,
462270cb-db3d-419b-b0aa-999280c0e667,USR-0168,2024-01-09 15:27:00,voice,0.8558,DEV-0029,Manchester,1,success,141,False,
4d81bc5e-85c6-4764-a1ee-ba3de733c344,USR-0167,2024-01-09 15:29:00,fingerprint,0.8179,DEV-0038,Manchester,1,success,159,False,
581993cc-41f9-494a-8f5d-337fee8d5daa,USR-0061,2024-01-09 15:37:00,fingerprint,0.8145,DEV-0016,London,1,success,144,False,
df629d0c-bc76-47a0-ad98-a416bae27198,USR-0081,2024-01-09 15:38:00,keystroke_dynamics,0.8784,DEV-0034,Manchester,1,success,191,False,
4702fe75-5e98-4fdf-8a3a-1171a432cc60,USR-0194,2024-01-09 15:39:00,keystroke_dynamics,0.8815,DEV-0031,New York,1,success,216,False,
df482e7c-a8cf-4f62-90d9-170cf2dec75c,USR-0055,2024-01-09 15:39:00,keystroke_dynamics,0.9036,DEV-0020,London,1,success,208,False,
6bb73dac-9681-4aed-b5ec-c661d3b4a1d1,USR-0162,2024-01-09 15:41:00,face,0.7466,DEV-0040,New York,1,success,80,False,
3e84455f-a755-4468-9e74-e1224aed4cc8,USR-0148,2024-01-09 15:48:00,face,0.7806,DEV-0022,New York,1,success,136,False,
ec5412b4-0d74-4c38-bc58-82ecb34de663,USR-0118,2024-01-09 15:52:00,fingerprint,0.8199,DEV-0033,Manchester,1,success,185,False,
b02b61c4-a3d7-4628-ace6-6fa2fd5166e6,USR-0001,2024-01-09 15:55:00,fingerprint,0.7912,DEV-0044,New York,1,success,172,False,
18e9ef77-64ce-4589-8c4a-62badb335860,USR-0119,2024-01-09 15:59:00,keystroke_dynamics,0.7876,DEV-0011,London,1,success,147,False,
a1a27485-7134-4c2a-b80b-3657117b355b,USR-0019,2024-01-09 15:59:00,keystroke_dynamics,0.9207,DEV-0019,Manchester,1,success,157,False,
7b2a7f10-3590-4039-86dd-5e19dbe83664,USR-0095,2024-01-09 16:02:00,face,0.8408,DEV-0010,London,1,success,199,False,
9b02c535-2649-4478-9396-6f0a6b77af9e,USR-0057,2024-01-09 16:05:00,fingerprint,0.7015,DEV-0008,Manchester,1,success,210,False,
16718639-fcb8-4f9e-8769-0baaa104bdce,USR-0071,2024-01-09 16:06:00,fingerprint,0.8316,DEV-0011,London,1,success,275,False,
97fb613a-21f8-4d06-93f3-cade7a10013f,USR-0037,2024-01-09 16:09:00,fingerprint,0.7663,DEV-0042,Manchester,1,success,163,False,
c693da11-39c6-41ca-9e50-aa42ca6dfda1,USR-0009,2024-01-09 16:14:00,keystroke_dynamics,0.8047,DEV-0036,Manchester,1,success,240,False,
6c092d0a-9f4f-4355-baa6-961c20e4dbfe,USR-0121,2024-01-09 16:18:00,fingerprint,0.829,DEV-0040,New York,1,success,208,False,
c75ff368-5f7d-4bb1-880a-fe9f84a6d693,USR-0085,2024-01-09 16:24:00,voice,0.9695,DEV-0006,London,1,success,168,False,
4ce33ed4-9779-4ead-b3bc-daee0d211dc4,USR-0085,2024-01-09 16:24:00,voice,0.4806,DEV-0006,London,1,success,168,True,low_score_bypass
d3520a91-4873-4252-b7a2-a1800a7be6e7,USR-0141,2024-01-09 16:34:00,fingerprint,0.8525,DEV-0035,Manchester,1,success,147,False,
902f3465-0b57-4720-9cd8-758ba5a1c825,USR-0035,2024-01-09 16:34:00,face,0.8475,DEV-0025,New York,1,success,246,False,
01afb939-c4df-4b8d-84eb-8e5d6a6e94cf,USR-0097,2024-01-09 16:37:00,keystroke_dynamics,0.8807,DEV-0004,New York,1,success,321,False,
7b4e9ecd-de07-47b1-b8ae-8d5dfe268e77,USR-0056,2024-01-09 16:38:00,keystroke_dynamics,0.8409,DEV-0006,New York,1,success,183,False,
f1e4c27a-1cab-47e2-823c-794a415a53c1,USR-0170,2024-01-09 16:50:00,face,0.7822,DEV-0002,London,1,success,130,False,
99155bef-28c0-4e9b-960b-63a92a36856d,USR-0029,2024-01-09 16:51:00,voice,0.4346,DEV-0046,London,19,success,197,True,rapid_retry
5c9deee0-b42a-4456-8736-5a84725e134d,USR-0029,2024-01-09 16:51:00,voice,0.8136,DEV-0046,London,1,success,197,False,
096b7724-5ced-43b3-b7a0-be7a7e6a3ea7,USR-0101,2024-01-09 16:53:00,fingerprint,0.8834,DEV-0030,New York,1,success,218,False,
b281738e-d7c7-48e6-a495-430e0d6f885a,USR-0188,2024-01-09 17:01:00,voice,0.8689,DEV-0038,New York,1,success,103,False,
638644e0-7d3e-4830-bd0d-5c8f97cb4585,USR-0078,2024-01-09 17:03:00,voice,0.8989,DEV-0006,London,1,success,188,False,
44f7f01a-3cb5-46d7-834a-130e8c6ea6ad,USR-0060,2024-01-09 17:05:00,face,0.8227,DEV-0046,New York,1,success,202,False,
5fbbf0b1-8083-49c8-a57e-01c90da23e5c,USR-0020,2024-01-09 17:09:00,keystroke_dynamics,0.9083,DEV-0025,London,1,success,171,False,
1e5c5da8-d087-4dcb-be94-f1cb075cc8eb,USR-0086,2024-01-09 17:16:00,fingerprint,0.7982,DEV-0008,London,1,success,214,False,
720b274b-82a7-4586-a61d-9cde1747f387,USR-0029,2024-01-09 17:20:00,voice,0.8099,DEV-0017,London,1,success,161,False,
03539b9a-ebeb-4d98-80b7-10a640f66fde,USR-0156,2024-01-09 17:23:00,face,0.9396,DEV-0004,Manchester,1,success,188,False,
a9325ae1-9c70-40da-88cd-29c5ac0e1f71,USR-0070,2024-01-09 17:27:00,face,0.8126,DEV-0035,Manchester,1,success,192,False,
89207bc4-8439-4ed9-9a64-845ef49816ad,USR-0059,2024-01-09 17:32:00,voice,0.8164,DEV-0008,Manchester,1,success,225,False,
b2b3bb39-4510-4aad-80bd-44c06d07ee0b,USR-0082,2024-01-09 17:33:00,fingerprint,0.8083,DEV-0010,Manchester,1,success,138,False,
c2d01c42-fd59-4978-b965-12e3b9b094ac,USR-0125,2024-01-09 17:37:00,keystroke_dynamics,0.8506,DEV-0014,New York,1,success,155,False,
abf89388-f254-450e-bde4-71bff8655d61,USR-0181,2024-01-09 17:44:00,fingerprint,0.7283,DEV-0043,Manchester,1,success,242,False,
0dfabe46-dbd3-4865-8f38-1c01d5ce0626,USR-0104,2024-01-09 17:45:00,keystroke_dynamics,0.9033,DEV-0019,Manchester,1,success,185,False,
02774ef3-1f4f-4a0f-907f-fc32c78e4415,USR-0136,2024-01-09 17:55:00,face,0.7966,DEV-0004,London,1,success,234,False,
7a199807-61d2-4319-8bcb-329396512240,USR-0131,2024-01-09 17:57:00,fingerprint,0.7789,DEV-0002,New York,1,success,212,False,
8623bc74-65a2-4cc8-855b-e95d06bfd9c4,USR-0061,2024-01-09 17:58:00,voice,0.8227,DEV-0013,London,1,success,110,False,
fa745761-6f18-4108-9723-199dbf2c14a0,USR-0012,2024-01-09 18:01:00,voice,0.7701,DEV-0005,New York,1,success,198,False,
7aededf4-6f30-4743-820e-2e6abcc8509b,USR-0123,2024-01-09 18:08:00,face,0.8766,DEV-0042,London,1,success,187,False,
c3f9c78c-af70-4164-bf16-44542685602c,USR-0090,2024-01-09 18:13:00,keystroke_dynamics,0.7967,DEV-0035,London,1,success,232,False,
f77fa3a7-802a-46eb-b2e9-7c2d2fb90ccf,USR-0068,2024-01-09 18:13:00,keystroke_dynamics,0.8283,DEV-0045,London,1,success,136,False,
77ec2100-ec28-417a-92ec-c3bd16757d7e,USR-0168,2024-01-09 18:20:00,face,0.8598,DEV-0030,Manchester,1,success,284,False,
e525aeaf-51e1-4799-bf39-562d6b06e92f,USR-0124,2024-01-09 18:23:00,voice,0.7559,DEV-0045,London,1,success,193,False,
a9a0758e-f3a7-4d25-940e-35219a26755a,USR-0114,2024-01-09 18:36:00,keystroke_dynamics,0.8785,DEV-0035,Manchester,1,success,180,False,
8d2bb00b-9c3e-4d79-a5a4-b1b446c524a5,USR-0149,2024-01-09 18:43:00,face,0.9105,DEV-0046,Manchester,1,success,224,False,
5ed7d1a6-7673-4495-9ff0-864c02288f07,USR-0101,2024-01-09 18:50:00,voice,0.764,DEV-0017,New York,1,success,140,False,
c5001e3e-f59d-4194-9021-7062a8179850,USR-0190,2024-01-09 18:52:00,voice,0.8389,DEV-0017,London,1,success,137,False,
7464d6f2-11ea-4c00-863e-cbe2a8d99292,USR-0108,2024-01-09 18:53:00,voice,0.8844,DEV-0029,New York,1,success,145,False,
3aeceaf8-5a00-40f2-84d1-6f5e71cb19b3,USR-0106,2024-01-09 18:54:00,face,0.8791,DEV-0008,Manchester,1,success,116,False,
ac00cd5e-922d-4ba6-b5d5-b1199c09f0fe,USR-0167,2024-01-09 19:05:00,face,0.7975,DEV-0047,Manchester,1,success,160,False,
2bd3cdcd-2779-4685-94a5-3fdef10d27c8,USR-0024,2024-01-09 19:06:00,fingerprint,0.809,DEV-0015,London,1,success,234,False,
af9e7a0e-936d-44a7-bab1-996a21925613,USR-0060,2024-01-09 19:13:00,face,0.9321,DEV-0046,New York,1,success,196,False,
d8dff535-c62d-4aea-9e70-bd3000a21367,USR-0036,2024-01-09 19:15:00,keystroke_dynamics,0.8252,DEV-0025,New York,1,success,91,False,
ce9e1a11-fcbb-4e59-bbdd-cf7c9c96e9ec,USR-0005,2024-01-09 19:15:00,voice,0.9179,DEV-0050,London,1,success,122,False,
18720dc7-5f86-4f8b-aec6-16940f243491,USR-0176,2024-01-09 19:17:00,fingerprint,0.7385,DEV-0050,London,1,success,176,False,
699fdb02-bcdd-4b48-bcb3-c9fa191abb3d,USR-0080,2024-01-09 19:18:00,fingerprint,0.8616,DEV-0023,London,1,success,208,False,
268b84b6-3ec0-4285-8bc4-ec0ec2aef674,USR-0040,2024-01-09 19:19:00,fingerprint,0.8345,DEV-0037,New York,1,success,133,False,
bfddc3d9-9ee3-4c2a-b94d-62046808593f,USR-0005,2024-01-09 19:23:00,face,0.8609,DEV-0039,London,1,success,167,False,
eafde7d9-5f73-4a3e-9d28-6aa428a39779,USR-0019,2024-01-09 19:25:00,fingerprint,0.7545,DEV-0024,Manchester,1,success,167,False,
e3837348-873d-48bd-922d-d7be980bc81e,USR-0038,2024-01-09 19:25:00,fingerprint,0.8446,DEV-0035,Manchester,1,success,145,False,
7b9ea9eb-aac4-463f-9610-ac0abfcf214e,USR-0096,2024-01-09 19:26:00,voice,0.8465,DEV-0032,New York,1,success,149,False,
187666ec-26df-4b57-ab41-eac79ad8e1cc,USR-0154,2024-01-09 19:30:00,fingerprint,0.7937,DEV-0024,New York,1,success,204,False,
db558642-3054-466b-ad8e-e559daf93e99,USR-0088,2024-01-09 19:35:00,keystroke_dynamics,0.9321,DEV-0048,London,1,success,181,False,
08651a6e-1b99-4b83-b244-0f070ae263e0,USR-0086,2024-01-09 19:50:00,voice,0.7699,DEV-0017,London,1,success,223,False,
67c0518b-17ef-4621-881c-79d4c27437eb,USR-0032,2024-01-09 19:50:00,face,0.8138,DEV-0019,New York,1,success,114,False,
c51155ff-e7a3-4e81-a3b4-c08b6b8e869f,USR-0007,2024-01-09 19:50:00,keystroke_dynamics,0.9187,DEV-0022,London,1,success,170,False,
32773b28-ab3d-48ac-b5dd-b7d2ca7cd927,USR-0182,2024-01-09 20:01:00,fingerprint,0.6798,DEV-0049,New York,1,success,197,False,
2a25a888-0f02-4ad0-a706-7ef466aa9385,USR-0004,2024-01-09 20:04:00,voice,0.8509,DEV-0023,London,1,success,200,False,
3c0a584e-a7cd-43cb-abda-06b220d2b528,USR-0054,2024-01-09 20:05:00,keystroke_dynamics,0.8078,DEV-0031,New York,1,success,158,False,
d6e9fa04-df04-4782-81e6-206862d70bec,USR-0194,2024-01-09 20:09:00,face,0.6508,DEV-0025,New York,1,success,213,False,
0b070a68-c8f2-47a3-a221-3776427ae472,USR-0137,2024-01-09 20:10:00,fingerprint,0.8103,DEV-0015,New York,1,success,227,False,
6772fe9f-999b-4859-8f5e-0f0bcd67b5df,USR-0047,2024-01-09 20:16:00,face,0.8465,DEV-0029,New York,1,success,150,False,
a845f723-8992-4e2d-8400-e249f8bb1616,USR-0127,2024-01-09 20:21:00,fingerprint,0.8014,DEV-0003,New York,1,success,187,False,
c329732b-5114-4ac7-9588-e38e8dbff478,USR-0196,2024-01-09 20:22:00,voice,0.7814,DEV-0011,Manchester,1,success,224,False,
afd50018-e27f-4dc7-aa0b-46ea1b0b249d,USR-0163,2024-01-09 20:24:00,keystroke_dynamics,0.8797,DEV-0006,New York,1,success,176,False,
bf85bf0e-ad64-456c-a10f-aa3ff0bbac67,USR-0006,2024-01-09 20:30:00,fingerprint,0.877,DEV-0005,New York,1,success,156,False,
2e326567-d284-454e-bebe-c0db9a3a6103,USR-0022,2024-01-09 20:32:00,fingerprint,0.7668,DEV-0009,London,1,success,162,False,
dd91cf6b-b102-4282-b5b2-e008e0516aaa,USR-0173,2024-01-09 20:35:00,keystroke_dynamics,0.8964,DEV-0037,Manchester,1,success,77,False,
cb618d75-aa96-4dfb-a79b-265ab15f3994,USR-0083,2024-01-09 20:39:00,keystroke_dynamics,0.6866,DEV-0043,New York,1,success,159,False,
7c08a960-26c4-41fd-b859-7bc643e9c94c,USR-0153,2024-01-09 20:43:00,keystroke_dynamics,0.729,DEV-0004,New York,1,success,166,False,
8d9957fa-76fe-4cd6-917e-7f4a0f8593c3,USR-0100,2024-01-09 20:46:00,voice,0.902,DEV-0017,New York,1,success,150,False,
8a8864c7-e29d-4722-956b-212f4faa0851,USR-0104,2024-01-09 20:57:00,face,0.8051,DEV-0050,Manchester,1,success,192,False,
c249f59a-9dc9-46df-856e-3d783b8c0f84,USR-0111,2024-01-09 21:00:00,voice,0.7931,DEV-0029,Manchester,1,success,189,False,
ffbb4bcc-a5cb-4f6f-bd33-31644bb8ebe2,USR-0082,2024-01-09 21:04:00,face,0.8814,DEV-0044,Manchester,1,success,172,False,
38ace486-7eb6-40a9-95f5-f2ac3e247c2b,USR-0173,2024-01-09 21:17:00,keystroke_dynamics,0.8414,DEV-0037,Manchester,1,success,269,False,
e97c0ea5-341c-4d10-9415-0ad9479fea14,USR-0148,2024-01-09 21:19:00,face,0.7619,DEV-0036,New York,1,success,124,False,
3ed1d8f8-153d-4c6b-9790-834b8b3236d6,USR-0192,2024-01-09 21:23:00,voice,0.8056,DEV-0025,London,1,success,210,False,
3a3e46b0-96f8-4ff7-81a7-2883f8802878,USR-0045,2024-01-09 21:23:00,keystroke_dynamics,0.8335,DEV-0012,Manchester,1,success,207,False,
1c5bb4ce-b79c-4fc9-b5cf-fe16a6dfd693,USR-0045,2024-01-09 21:23:00,keystroke_dynamics,0.3435,DEV-0012,Manchester,1,success,207,True,low_score_bypass
e6829d8f-9a43-4a95-b672-cdbe7dae4677,USR-0185,2024-01-09 21:24:00,fingerprint,0.8384,DEV-0009,London,1,success,94,False,
3172e9f8-7f66-4f24-9987-5a42e675835a,USR-0177,2024-01-09 21:26:00,keystroke_dynamics,0.7296,DEV-0009,Manchester,1,success,185,False,
17e52113-4626-43be-a068-8849eec71a30,USR-0037,2024-01-09 21:28:00,voice,0.7248,DEV-0048,Manchester,1,success,104,False,
068187e9-a46d-4b51-ad30-0e335d8c4fea,USR-0171,2024-01-09 21:31:00,keystroke_dynamics,0.8661,DEV-0017,New York,1,success,158,False,
ac0798c7-d657-4ecb-9529-885a0444c6f1,USR-0157,2024-01-09 21:32:00,face,0.814,DEV-0016,London,1,success,188,False,
3754c5ec-60a7-4c20-99d7-6c9c2a8598d1,USR-0133,2024-01-09 21:34:00,face,0.8955,DEV-0050,New York,1,success,158,False,
dd3ee854-5340-44b0-aa4f-4a80dc412176,USR-0061,2024-01-09 21:36:00,face,0.7843,DEV-0034,London,1,success,216,False,
54c63cd8-8945-4f27-97fa-2d8dfb2ca025,USR-0006,2024-01-09 21:38:00,voice,0.8387,DEV-0036,New York,1,success,239,False,
65126fe3-410f-41df-945e-49c7e78579d2,USR-0133,2024-01-09 21:41:00,face,0.8955,DEV-0050,Singapore,1,success,158,True,geo_jump
8257909d-5e3c-4f18-a1b3-9d6494e2a33d,USR-0188,2024-01-09 21:43:00,face,0.859,DEV-0013,New York,1,success,166,False,
0e8fed60-d007-4d07-bffa-ea11b8469295,USR-0147,2024-01-09 21:44:00,fingerprint,0.7797,DEV-0033,London,1,success,136,False,
4262a48c-9aa3-4580-bb70-8dd7bf3d5023,USR-0095,2024-01-09 21:45:00,fingerprint,0.9209,DEV-0046,London,1,success,144,False,
79fc3831-ee9a-41b5-ae58-d695e15ab8f3,USR-0189,2024-01-09 21:45:00,keystroke_dynamics,0.8259,DEV-0043,Manchester,1,success,181,False,
47003fcf-deb2-4490-9c66-fdd96565e779,USR-0102,2024-01-09 21:46:00,fingerprint,0.939,DEV-0046,New York,1,success,180,False,
230b5490-0d53-4045-bdb8-5b9744e05787,USR-0096,2024-01-10 02:15:00,voice,0.8432,DEV-0035,New York,1,success,132,True,off_hours
9ff5846e-25d7-4d5e-8498-b40a16e1cf6b,USR-0100,2024-01-10 02:19:00,fingerprint,0.6267,DEV-0006,New York,1,success,195,True,off_hours
de590698-8072-4ee2-842f-14df6ab075bd,USR-0190,2024-01-10 02:58:00,voice,0.7849,DEV-0005,London,1,success,301,True,off_hours
c229a415-cb5f-4951-8534-f723c75694ac,USR-0093,2024-01-10 03:26:00,face,0.9124,DEV-0014,Manchester,1,success,230,True,off_hours
de3e0557-910a-460d-8063-3a98ea5dc3de,USR-0027,2024-01-10 03:35:00,fingerprint,0.7775,DEV-0020,London,1,success,119,True,off_hours
ab1e5fcf-3abe-4cc1-9115-a0ca09e8ede2,USR-0178,2024-01-10 03:37:00,keystroke_dynamics,0.6779,DEV-0029,New York,1,success,172,True,off_hours
6370e0f7-aab8-4c30-9cfe-793d360496b6,USR-0158,2024-01-10 04:14:00,fingerprint,0.75,DEV-0039,New York,1,success,184,True,off_hours
2312271f-e55b-4c65-90ae-41e41a6ad169,USR-0066,2024-01-10 04:27:00,keystroke_dynamics,0.8453,DEV-0011,London,1,success,232,True,off_hours
9c3de1b0-022b-4683-9033-da6587cf63fd,USR-0037,2024-01-10 07:00:00,face,0.7408,DEV-0023,Manchester,1,success,171,False,
b6646199-ed25-459e-8f89-37fa753e9662,USR-0068,2024-01-10 07:10:00,keystroke_dynamics,0.7679,DEV-0001,Manchester,1,success,183,False,
b32281f3-3eac-4015-8a64-25fcbdb4f711,USR-0132,2024-01-10 07:15:00,keystroke_dynamics,0.9433,DEV-0014,New York,1,success,241,False,
7a71ce7b-3248-4699-92b3-b3eba247a4f5,USR-0167,2024-01-10 07:16:00,face,0.6207,DEV-0012,London,1,success,156,False,
b1b2b5f8-8b66-4d1f-979a-7954c98e3f5b,USR-0074,2024-01-10 07:19:00,face,0.829,DEV-0012,London,1,success,210,False,
c7332304-4822-4120-84f9-eccd7630a8a7,USR-0020,2024-01-10 07:25:00,voice,0.738,DEV-0040,London,1,success,171,False,
0a0537f0-2c2c-422b-a568-95c6812a1f9b,USR-0019,2024-01-10 07:32:00,keystroke_dynamics,0.8133,DEV-0012,Manchester,1,success,143,False,
99e95433-1453-417e-b11e-be6f68ffae17,USR-0070,2024-01-10 07:33:00,voice,0.825,DEV-0043,Manchester,1,success,150,False,
4ce794d7-e724-4119-af2f-32a720b6d43c,USR-0094,2024-01-10 07:34:00,voice,0.8798,DEV-0049,Manchester,1,success,225,False,
8db78572-ef7d-4821-bca0-258eb63d65d5,USR-0052,2024-01-10 07:47:00,fingerprint,0.8402,DEV-0015,Manchester,1,success,170,False,
c71d5e60-1d52-46ab-b7e6-427cbf780e3f,USR-0008,2024-01-10 07:53:00,keystroke_dynamics,0.8804,DEV-0018,New York,1,success,156,False,
1270c935-ecc0-4aa6-bba4-f2ba94500024,USR-0078,2024-01-10 07:57:00,face,0.8096,DEV-0043,Manchester,1,success,205,False,
f3cecaaf-71a2-46c1-b3ca-b4e3bbc3553b,USR-0180,2024-01-10 08:01:00,face,0.7285,DEV-0034,London,1,success,202,False,
8ca33a54-59ae-4302-8ae3-297e34e24142,USR-0072,2024-01-10 08:06:00,fingerprint,0.8036,DEV-0044,Manchester,1,success,179,False,
3653e588-afd5-4fe7-a5c6-2548b169fded,USR-0093,2024-01-10 08:11:00,face,0.9124,DEV-0014,Manchester,1,success,230,False,
b6eea1cf-8bec-4264-8340-55005f6bbc54,USR-0154,2024-01-10 08:12:00,face,0.8696,DEV-0049,New York,1,success,192,False,
403e3ee2-6d30-41b9-b7df-c57149102c10,USR-0184,2024-01-10 08:13:00,face,0.9384,DEV-0038,London,1,success,148,False,
63719357-f7a5-4f8d-b689-c4c22ca26887,USR-0179,2024-01-10 08:15:00,voice,0.862,DEV-0034,New York,1,success,184,False,
0d6dcb42-bd8b-4603-9abb-574e0b16dac4,USR-0080,2024-01-10 08:16:00,voice,0.8094,DEV-0045,London,1,success,183,False,
ad3053ce-a896-4e70-85cd-338470249792,USR-0088,2024-01-10 08:21:00,voice,0.819,DEV-0038,London,1,success,207,False,
f2f25eef-1f45-4bfd-b7dc-67e030974b2b,USR-0015,2024-01-10 08:24:00,keystroke_dynamics,0.8737,DEV-0049,London,1,success,205,False,
dc9eec0b-8a09-48b4-80f2-b34e7365949b,USR-0190,2024-01-10 08:24:00,voice,0.7849,DEV-0005,London,1,success,301,False,
7cba8dea-5086-4861-861c-ba485fa5c8d5,USR-0198,2024-01-10 08:26:00,keystroke_dynamics,0.8926,DEV-0035,Manchester,1,success,153,False,
fdc56285-8f50-411f-bc42-049476d32b96,USR-0090,2024-01-10 08:27:00,voice,0.7644,DEV-0047,London,1,success,175,False,
548e1f6b-69ce-4e4e-99a6-92c90d700ea4,USR-0027,2024-01-10 08:30:00,fingerprint,0.7775,DEV-0020,London,1,success,119,False,
14a3ffe6-b3aa-4060-9971-116a01d4bcf6,USR-0188,2024-01-10 08:32:00,keystroke_dynamics,0.7711,DEV-0048,New York,1,success,166,False,
36fea0b4-38cd-4122-bc01-45e14ce2afa2,USR-0066,2024-01-10 08:34:00,keystroke_dynamics,0.8453,DEV-0011,London,1,success,232,False,
9c672338-2c11-4a43-acc5-599972f580bd,USR-0162,2024-01-10 08:35:00,voice,0.6132,DEV-0050,New York,13,success,193,True,rapid_retry
754182e8-f8cb-47ff-986b-3c2246527e16,USR-0162,2024-01-10 08:35:00,voice,0.8495,DEV-0050,New York,1,success,193,False,
0c485217-5d54-4496-a1a6-51c5faaa53fc,USR-0197,2024-01-10 08:39:00,voice,0.782,DEV-0049,London,1,success,236,False,
f0f7ad22-c76a-4e0f-88f0-91f09b8b38ae,USR-0037,2024-01-10 08:40:00,keystroke_dynamics,0.8738,DEV-0040,Manchester,1,success,230,False,
df02774d-9482-442f-8095-3c13f06bffa4,USR-0082,2024-01-10 08:51:00,voice,0.746,DEV-0001,Manchester,1,success,152,False,
dc05ae03-d3f4-41e7-acba-1bc6289a5e38,USR-0096,2024-01-10 08:59:00,keystroke_dynamics,0.9665,DEV-0022,New York,1,success,197,False,
402d105b-113e-4f84-abf3-90964a68369c,USR-0054,2024-01-10 08:59:00,face,0.7798,DEV-0020,New York,1,success,226,False,
056de195-1f81-4097-8b2a-3730a0a2e9bd,USR-0128,2024-01-10 09:01:00,face,0.8238,DEV-0027,Manchester,1,success,168,False,
c7cfeca8-22b9-424c-a744-3fb881bd55d5,USR-0046,2024-01-10 09:02:00,voice,0.7966,DEV-0047,Manchester,1,success,186,False,
42bb8f63-4145-4abc-8cc2-e0f013093c17,USR-0121,2024-01-10 09:04:00,keystroke_dynamics,0.8819,DEV-0039,New York,1,success,195,False,
4135b443-2576-4869-9765-f41889939c6e,USR-0195,2024-01-10 09:07:00,face,0.8066,DEV-0017,Manchester,1,success,176,False,
2310c9fb-0d5c-4547-b847-91e0e55d32af,USR-0156,2024-01-10 09:16:00,keystroke_dynamics,0.7939,DEV-0014,Manchester,1,success,120,False,
855fecc6-f9d7-4979-9767-a6da231b0c86,USR-0148,2024-01-10 09:20:00,face,0.8662,DEV-0025,New York,1,success,240,False,
6d3e4848-54d7-4728-99e3-05e54a5039e6,USR-0192,2024-01-10 09:21:00,keystroke_dynamics,0.8294,DEV-0004,London,1,success,182,False,
1b0c62eb-27c8-4c6c-9be5-a4c395af6d0c,USR-0041,2024-01-10 09:22:00,keystroke_dynamics,0.7952,DEV-0040,Manchester,1,success,142,False,
d03bcbfc-dca7-4284-b230-7c2230c7809b,USR-0092,2024-01-10 09:29:00,face,0.7466,DEV-0049,New York,1,success,236,False,
51f4a724-9950-4858-88ca-c260b3f5a21c,USR-0118,2024-01-10 09:33:00,fingerprint,0.7139,DEV-0015,Manchester,1,success,299,False,
54170a17-caaa-4bbe-a4bb-f962606e0e1c,USR-0019,2024-01-10 09:36:00,face,0.836,DEV-0037,Manchester,1,success,192,False,
73137fa5-dc1b-4eb1-8506-536c78b3842a,USR-0095,2024-01-10 09:37:00,fingerprint,0.6869,DEV-0017,London,1,success,133,False,
4083ff8f-e10a-4f9f-ae2c-219ab50f2f5c,USR-0176,2024-01-10 09:39:00,fingerprint,0.6903,DEV-0018,Manchester,1,success,229,False,
849c30c6-dffa-48ae-8353-ac87ceb7138a,USR-0142,2024-01-10 09:48:00,keystroke_dynamics,0.8702,DEV-0028,Manchester,1,success,194,False,
54fc286f-7457-4d47-9825-301039112943,USR-0052,2024-01-10 09:51:00,keystroke_dynamics,0.7101,DEV-0047,Manchester,1,success,137,False,
00c818ba-a210-4d25-b92c-5f423f203c22,USR-0186,2024-01-10 09:52:00,face,0.7402,DEV-0022,New York,1,success,149,False,
31208bde-3c52-468a-8ec6-1be5012b809e,USR-0079,2024-01-10 09:53:00,keystroke_dynamics,0.923,DEV-0003,London,1,success,176,False,
bf3f51d5-2557-482c-888c-6ea499f9a338,USR-0118,2024-01-10 09:54:00,keystroke_dynamics,0.8115,DEV-0018,Manchester,1,success,215,False,
13eb22c9-bece-421a-94c7-743b2401342a,USR-0043,2024-01-10 10:00:00,fingerprint,0.8747,DEV-0002,London,1,success,184,False,
5401e034-45ae-45d2-bbbf-d6926f125321,USR-0101,2024-01-10 10:01:00,keystroke_dynamics,0.4463,DEV-0029,New York,17,success,247,True,rapid_retry
3193fb1c-91bd-4f30-ab1a-ae6a31ca528c,USR-0200,2024-01-10 10:01:00,fingerprint,0.9665,DEV-0002,London,1,success,161,False,
f8d78cbc-5a5d-4cc5-9f98-2a0dac184ef9,USR-0101,2024-01-10 10:01:00,keystroke_dynamics,0.7577,DEV-0029,New York,1,success,247,False,
0f163af8-3b80-4449-82b5-79c2910f445d,USR-0154,2024-01-10 10:01:00,voice,0.8881,DEV-0012,New York,1,success,153,False,
60cb9e17-c93a-4471-8e9d-ef4ec7affa24,USR-0134,2024-01-10 10:04:00,face,0.8521,DEV-0012,New York,1,success,109,False,
25e42403-64f2-402e-894f-6ed34a2f3876,USR-0067,2024-01-10 10:09:00,keystroke_dynamics,0.8348,DEV-0014,London,1,success,147,False,
79810edf-5b8e-46fd-aa29-ee4cf2db83c8,USR-0193,2024-01-10 10:14:00,fingerprint,0.6968,DEV-0013,Manchester,1,success,151,False,
ffa361be-0f92-40e1-87f9-7d05f6ca6b8b,USR-0016,2024-01-10 10:19:00,voice,0.787,DEV-0046,New York,1,success,153,False,
0aa5aaf2-677f-43b8-8b47-1eca30370fff,USR-0177,2024-01-10 10:23:00,keystroke_dynamics,0.9434,DEV-0049,Manchester,1,success,161,False,
03b68657-4777-4e21-b677-a166d644e9ae,USR-0081,2024-01-10 10:25:00,face,0.7994,DEV-0039,Manchester,1,success,96,False,
0bd18d4a-4cf4-4edd-bf93-04fa00059b9d,USR-0120,2024-01-10 10:31:00,keystroke_dynamics,0.7815,DEV-0026,New York,1,success,169,False,
13325c31-d010-418a-aadc-9960424211e2,USR-0041,2024-01-10 10:32:00,voice,0.8054,DEV-0004,Manchester,1,success,168,False,
3d57ee27-33da-4fc1-8d47-e26d1ef7a52e,USR-0100,2024-01-10 10:33:00,fingerprint,0.6267,DEV-0006,New York,1,success,195,False,
c2ce56bd-8301-43a6-849b-50bc05e5d461,USR-0135,2024-01-10 10:35:00,face,0.8566,DEV-0016,Manchester,1,success,166,False,
a37dafca-e9a6-4f13-91c4-b8c675961b93,USR-0166,2024-01-10 10:37:00,fingerprint,0.8487,DEV-0033,Manchester,1,success,178,False,
88baef4a-a8be-4d1f-8b1c-0df3c865b35c,USR-0120,2024-01-10 10:39:00,face,0.8345,DEV-0022,New York,1,success,145,False,
f30ee4fe-262e-4559-be7d-9a19ab450578,USR-0050,2024-01-10 10:41:00,fingerprint,0.7795,DEV-0002,London,1,success,163,False,
2944e059-bafa-44da-a9e8-fe2a879f22eb,USR-0175,2024-01-10 10:45:00,voice,0.8472,DEV-0001,London,1,success,222,False,
32a447b2-ef04-457d-8dcc-c33aa9434aa0,USR-0010,2024-01-10 10:49:00,face,0.8396,DEV-0049,New York,1,success,129,False,
f1758208-2e29-4386-ae89-6265847aefa5,USR-0181,2024-01-10 10:50:00,voice,0.7685,DEV-0032,Manchester,1,success,151,False,
506a8dd3-0b31-424f-8858-35db2e3b5fd6,USR-0147,2024-01-10 10:51:00,face,0.8066,DEV-0037,London,1,success,112,False,
c05e5ade-b303-4188-b378-cb94478b2f00,USR-0116,2024-01-10 10:52:00,voice,0.7424,DEV-0034,London,1,success,183,False,
cb5a4d77-91fd-427f-8cbb-7460510c8c48,USR-0075,2024-01-10 10:58:00,keystroke_dynamics,0.7361,DEV-0044,London,1,success,228,False,
a2ac7896-7f38-4a3e-b3a6-74036f9d1d74,USR-0090,2024-01-10 11:01:00,face,0.8145,DEV-0041,London,1,success,136,False,
29a099de-aa10-4595-8ee2-51809fb109a3,USR-0141,2024-01-10 11:01:00,keystroke_dynamics,0.8922,DEV-0026,Manchester,1,success,120,False,
fccc1a7d-3a1b-4a9c-9a07-f08e8a9fa5a1,USR-0180,2024-01-10 11:03:00,keystroke_dynamics,0.8506,DEV-0026,London,1,success,139,False,
8fe069b6-eeda-4802-8568-f42689e03e22,USR-0027,2024-01-10 11:15:00,fingerprint,0.8104,DEV-0004,London,1,success,206,False,
a3506764-37af-463b-82ac-1c61c9eaa5b9,USR-0157,2024-01-10 11:19:00,keystroke_dynamics,0.8077,DEV-0002,London,1,success,164,False,
7fcc4456-20bc-4fa0-ba80-10620b4e360a,USR-0093,2024-01-10 11:24:00,keystroke_dynamics,0.9085,DEV-0003,Manchester,1,success,172,False,
53cc6b95-c689-4836-8f73-ab1c860c7b68,USR-0072,2024-01-10 11:31:00,fingerprint,0.7108,DEV-0049,Manchester,1,success,151,False,
f5a02c0a-5021-43fc-bff3-e8188babb414,USR-0154,2024-01-10 11:34:00,keystroke_dynamics,0.8474,DEV-0032,New York,1,success,234,False,
f7d7465d-37c3-43c9-a5d0-b51788d00abd,USR-0036,2024-01-10 11:35:00,fingerprint,0.8753,DEV-0026,New York,1,success,199,False,
44f760a8-bb90-4511-a12b-61ae12101787,USR-0121,2024-01-10 11:41:00,keystroke_dynamics,0.7006,DEV-0027,New York,1,success,193,False,
2db13deb-ee6f-4bea-8df7-164713769ff9,USR-0059,2024-01-10 11:42:00,face,0.781,DEV-0046,Manchester,1,success,183,False,
5e1b015f-6a1c-401b-959b-2b6b32dba028,USR-0092,2024-01-10 11:44:00,keystroke_dynamics,0.8054,DEV-0017,New York,1,success,191,False,
9d37efb6-eafb-4e90-94ec-84ce002ccb25,USR-0043,2024-01-10 11:46:00,keystroke_dynamics,0.8255,DEV-0019,London,1,success,190,False,
8bf9a66d-7782-483f-a9a9-b2d74e681465,USR-0158,2024-01-10 11:48:00,face,0.9175,DEV-0044,New York,1,success,125,False,
dc160e3d-eb15-4f5b-81a0-578257ec95f3,USR-0191,2024-01-10 11:50:00,keystroke_dynamics,0.7848,DEV-0031,London,1,success,200,False,
067965ab-61e5-48ca-9261-14b7142a6f47,USR-0134,2024-01-10 11:54:00,keystroke_dynamics,0.7797,DEV-0025,New York,1,success,193,False,
56db638a-097b-4119-8433-fd20feeef3e1,USR-0078,2024-01-10 11:57:00,face,0.9214,DEV-0006,Manchester,1,success,246,False,
b522f610-ef26-4a84-b2bd-509b564d36b6,USR-0161,2024-01-10 12:00:00,face,0.7696,DEV-0043,Manchester,1,success,152,False,
c99496ab-6db7-4a7e-b0a6-d78ba64e2384,USR-0164,2024-01-10 12:03:00,face,0.7766,DEV-0020,Manchester,1,success,92,False,
90a014ab-4ca1-4abd-8565-0e0bd5c97d5d,USR-0072,2024-01-10 12:06:00,fingerprint,0.8873,DEV-0023,Manchester,1,success,172,False,
1b829ae1-4700-4de9-91fd-de63d8e0713b,USR-0195,2024-01-10 12:08:00,keystroke_dynamics,0.7939,DEV-0045,Manchester,1,success,145,False,
caef3c9e-1b9d-4f1b-b52a-6cbf1c17729f,USR-0123,2024-01-10 12:08:00,keystroke_dynamics,0.8236,DEV-0038,London,1,success,257,False,
6924e248-2759-4511-a604-bfbe83aa622f,USR-0123,2024-01-10 12:11:00,fingerprint,0.9337,DEV-0009,London,1,success,169,False,
042b03ca-75a7-4686-9632-1d31c8acffcf,USR-0036,2024-01-10 12:20:00,keystroke_dynamics,0.7453,DEV-0050,New York,1,success,182,False,
d5bf85f3-2e3f-474c-88bb-db12de4097c3,USR-0093,2024-01-10 12:26:00,fingerprint,0.8164,DEV-0029,Manchester,1,success,111,False,
11836c4f-2492-44c7-ad58-db1bfe31537a,USR-0037,2024-01-10 12:26:00,voice,0.8858,DEV-0010,Manchester,1,success,154,False,
a40dfea5-bd64-487e-b652-ae9938b5e89a,USR-0054,2024-01-10 12:36:00,fingerprint,0.8855,DEV-0008,New York,1,success,161,False,
75fa0ebe-e4e3-4c20-843f-1b5f3d958061,USR-0138,2024-01-10 12:40:00,fingerprint,0.7942,DEV-0049,London,1,success,260,False,
ea4d7ed8-d04a-402a-a8db-2a2c3d8a0701,USR-0178,2024-01-10 12:49:00,keystroke_dynamics,0.6779,DEV-0029,New York,1,success,172,False,
dd0d3739-c553-4b6d-8ef8-66193599fe91,USR-0174,2024-01-10 12:50:00,fingerprint,0.8983,DEV-0015,London,1,success,151,False,
accc1507-42f8-4fc5-92bc-b64dc59498c5,USR-0153,2024-01-10 12:54:00,keystroke_dynamics,0.7547,DEV-0045,New York,1,success,152,False,
c5d899df-113f-440f-93b9-6213b6684e19,USR-0197,2024-01-10 12:57:00,face,0.8302,DEV-0034,London,1,success,188,False,
18ecde2b-0a80-4167-b4b3-f20eaed0fb57,USR-0076,2024-01-10 13:10:00,keystroke_dynamics,0.7487,DEV-0005,London,1,success,164,False,
1422373f-8622-48d1-a683-e10796c044d0,USR-0018,2024-01-10 13:11:00,keystroke_dynamics,0.8273,DEV-0016,Manchester,1,success,201,False,
f836f571-3cce-476c-b836-c448ad261ec5,USR-0019,2024-01-10 13:24:00,fingerprint,0.8289,DEV-0047,Manchester,1,success,166,False,
e1cde87f-ec95-4f87-ae5e-c36572eb7474,USR-0018,2024-01-10 13:29:00,voice,0.8778,DEV-0020,Manchester,1,success,268,False,
bcc4f0db-cf13-4b3d-8ab0-5699fd888cbd,USR-0076,2024-01-10 13:32:00,face,0.8002,DEV-0021,London,1,success,246,False,
0f344fe1-c3c5-4bb5-a355-ce1655a47eab,USR-0146,2024-01-10 13:38:00,face,0.906,DEV-0005,London,1,success,187,False,
032a461a-df9b-4c1f-aacb-1f6d7549c9f9,USR-0045,2024-01-10 13:39:00,keystroke_dynamics,0.847,DEV-0013,Manchester,1,success,105,False,
28f49481-a0a0-4dc4-a720-9bdf1c11f735,USR-0001,2024-01-10 13:42:00,voice,0.8258,DEV-0029,New York,1,success,218,False,
50d3802d-b876-4455-88b3-152d845a91b8,USR-0060,2024-01-10 13:43:00,face,0.7846,DEV-0004,New York,1,success,207,False,
1fac9217-e36e-4b7f-917c-e0825572f1b3,USR-0171,2024-01-10 13:45:00,face,0.4788,DEV-0015,New York,1,success,180,True,low_score_bypass
c5a24d77-7cc3-4e98-9f39-7fa5ce96cc5e,USR-0171,2024-01-10 13:45:00,face,0.7334,DEV-0015,New York,1,success,180,False,
d9a3ac28-e346-41b7-9589-9035c0c6e3ff,USR-0137,2024-01-10 13:53:00,face,0.8039,DEV-0016,New York,1,success,232,False,
83d04bac-21e3-4238-92b1-178bfd6c47e3,USR-0151,2024-01-10 13:55:00,fingerprint,0.8259,DEV-0011,New York,1,success,159,False,
06617f95-eba1-4fa8-9f19-f85b4d330569,USR-0083,2024-01-10 14:07:00,keystroke_dynamics,0.8416,DEV-0001,New York,1,success,143,False,
a2a9d4d8-102e-4de5-a5cc-8bf738ab854c,USR-0014,2024-01-10 14:15:00,keystroke_dynamics,0.8277,DEV-0020,London,1,success,152,False,
f5530567-03e7-4d21-9d4d-46d6460d113d,USR-0072,2024-01-10 14:17:00,fingerprint,0.8045,DEV-0028,Manchester,1,success,177,False,
3c304193-d975-4f32-ae1b-670f67c2e684,USR-0068,2024-01-10 14:18:00,keystroke_dynamics,0.6239,DEV-0036,Manchester,15,success,122,True,rapid_retry
22c0c475-a549-46d0-891a-5875cc18dd0e,USR-0072,2024-01-10 14:18:00,voice,0.9174,DEV-0014,Manchester,1,success,195,False,
3e3869e2-0df6-4417-bd55-38c71cc464ed,USR-0068,2024-01-10 14:18:00,keystroke_dynamics,0.7604,DEV-0036,Manchester,1,success,122,False,
f2a32efd-ff13-4c80-8398-c3320e500785,USR-0042,2024-01-10 14:25:00,voice,0.695,DEV-0050,Manchester,1,success,248,False,
b1cbe822-cbee-4876-9d87-6a3e94d6cbb0,USR-0072,2024-01-10 14:26:00,fingerprint,0.8045,DEV-0028,Berlin,1,success,177,True,geo_jump
32d9ec3e-6630-4af8-b044-9b5172624be8,USR-0170,2024-01-10 14:29:00,fingerprint,0.821,DEV-0043,London,1,success,165,False,
1d061735-5cce-4873-99a1-a2d1da007c08,USR-0170,2024-01-10 14:32:00,fingerprint,0.821,DEV-0043,Lagos,1,success,165,True,geo_jump
59e7703a-70aa-4b0d-aa03-8ad4a667b982,USR-0037,2024-01-10 14:34:00,fingerprint,0.772,DEV-0045,Manchester,1,success,177,False,
7e0f60b2-2a06-4609-a599-bd3c0bb81d38,USR-0052,2024-01-10 14:35:00,keystroke_dynamics,0.9026,DEV-0015,Manchester,1,success,192,False,
2a9edda7-761a-4914-8931-b2d4d3def87c,USR-0070,2024-01-10 14:41:00,face,0.7791,DEV-0037,Manchester,1,success,218,False,
8fca7b6a-8fc4-4092-b4e5-59e596229348,USR-0016,2024-01-10 14:41:00,keystroke_dynamics,0.875,DEV-0009,New York,1,success,193,False,
c1c97ab6-3ea6-45f6-80a4-00887dd7fc59,USR-0164,2024-01-10 14:42:00,face,0.8428,DEV-0006,Manchester,1,success,207,False,
b1f9ab31-995e-49de-9cac-41f82e4001c1,USR-0119,2024-01-10 14:46:00,keystroke_dynamics,0.8147,DEV-0004,London,1,success,268,False,
19eef9d6-fdfa-4cb1-82d4-93eb2a7b65de,USR-0200,2024-01-10 14:46:00,voice,0.7984,DEV-0016,London,1,success,170,False,
1674eb65-0f9c-4300-baa1-c5678cf9eea9,USR-0041,2024-01-10 14:47:00,voice,0.7539,DEV-0010,Manchester,1,success,207,False,
b354f19d-3d22-4110-a63f-69ea0d5098fc,USR-0182,2024-01-10 14:51:00,face,0.8386,DEV-0010,New York,1,success,244,False,
a33b3dfd-9048-45c6-b820-5aa7996f7e88,USR-0056,2024-01-10 14:51:00,keystroke_dynamics,0.7835,DEV-0048,New York,1,success,194,False,
e36345fc-899f-4cfb-af6f-5d6a09ed1c7c,USR-0177,2024-01-10 14:54:00,keystroke_dynamics,0.719,DEV-0048,Manchester,1,success,151,False,
c3659e51-57a5-43b2-9b30-ddadab02e104,USR-0171,2024-01-10 15:05:00,fingerprint,0.9325,DEV-0001,New York,1,success,184,False,
f525d556-bb98-4bdf-b1ec-02ad3db538c9,USR-0151,2024-01-10 15:08:00,face,0.798,DEV-0009,New York,1,success,164,False,
46a3cc71-ff2f-4883-963b-5481284e4cd4,USR-0058,2024-01-10 15:10:00,fingerprint,0.9011,DEV-0018,New York,1,success,215,False,
8e9ff74a-fb65-43ea-8f97-33429b2d43a3,USR-0176,2024-01-10 15:14:00,keystroke_dynamics,0.7836,DEV-0020,Manchester,1,success,233,False,
8fde042a-1ee5-4930-ba08-5f6a9e189a98,USR-0096,2024-01-10 15:19:00,voice,0.7528,DEV-0050,New York,1,success,149,False,
82e6e14d-8d53-4190-a3ab-bef5a7742626,USR-0163,2024-01-10 15:34:00,face,0.897,DEV-0041,New York,1,success,175,False,
940bb34d-e9cc-4dab-81b7-4f352cd3248d,USR-0170,2024-01-10 15:36:00,keystroke_dynamics,0.9371,DEV-0020,London,1,success,183,False,
760e36aa-a0d9-40ba-ad57-a5c89110f698,USR-0142,2024-01-10 15:37:00,voice,0.8129,DEV-0012,Manchester,1,success,133,False,
95ca788d-d6bc-4712-aecc-a931ef705d01,USR-0052,2024-01-10 15:40:00,fingerprint,0.8022,DEV-0033,Manchester,1,success,232,False,
88917cf5-7d88-43d2-8e51-208396e83922,USR-0091,2024-01-10 15:48:00,fingerprint,0.7035,DEV-0016,New York,1,success,179,False,
0182144d-5b12-4b1b-8eb8-1b177cff07e3,USR-0123,2024-01-10 15:52:00,keystroke_dynamics,0.896,DEV-0019,London,1,success,141,False,
e09012d7-14ce-4f0f-b5d9-704d5fe12b57,USR-0157,2024-01-10 15:53:00,keystroke_dynamics,0.7712,DEV-0033,London,1,success,149,False,
c51b2922-ca91-4df7-b174-5b78c705dd1e,USR-0185,2024-01-10 15:59:00,voice,0.8421,DEV-0015,London,1,success,180,False,
365bc763-a333-4ea8-8e58-de208f7763e0,USR-0071,2024-01-10 15:59:00,keystroke_dynamics,0.8293,DEV-0001,London,1,success,195,False,
793daf5a-b35c-4601-817a-f0cb07f2422d,USR-0192,2024-01-10 16:02:00,fingerprint,0.7882,DEV-0014,London,1,success,183,False,
51b30182-f7fe-404f-a5f3-0779f6ee5cdb,USR-0033,2024-01-10 16:04:00,face,0.7548,DEV-0021,Manchester,1,success,136,False,
af70de70-2b69-495e-8567-1b58926bffa5,USR-0033,2024-01-10 16:05:00,voice,0.9386,DEV-0049,Manchester,1,success,117,False,
92419671-da2f-499b-a923-895d08429e20,USR-0162,2024-01-10 16:05:00,voice,0.8135,DEV-0029,New York,1,success,175,False,
865a7766-ad8c-4fea-9e4b-061eb45e9463,USR-0051,2024-01-10 16:08:00,voice,0.8231,DEV-0011,London,1,success,137,False,
1e87c27e-6bd6-4443-8640-1757fd81a925,USR-0137,2024-01-10 16:12:00,keystroke_dynamics,0.9126,DEV-0025,New York,1,success,123,False,
1491b51d-e6a7-46b0-b961-9ae2960e9c1a,USR-0114,2024-01-10 16:21:00,keystroke_dynamics,0.8175,DEV-0008,Manchester,1,success,266,False,
1df05d18-4e2d-4255-bd13-1a3d1e2c2e7d,USR-0035,2024-01-10 16:22:00,keystroke_dynamics,0.742,DEV-0048,New York,1,success,213,False,
26f341c8-04f7-48c8-9215-b5033012f819,USR-0062,2024-01-10 16:27:00,voice,0.8509,DEV-0020,Manchester,1,success,212,False,
dc432ed5-64ca-41c7-98e7-edf880a23721,USR-0060,2024-01-10 16:28:00,voice,0.8346,DEV-0025,New York,1,success,136,False,
ef252aa8-44a9-444f-a10e-193140686515,USR-0194,2024-01-10 16:29:00,fingerprint,0.8693,DEV-0040,Manchester,1,success,185,False,
d89462e8-9580-4c3a-a932-a211214c0a4d,USR-0053,2024-01-10 16:39:00,fingerprint,0.8915,DEV-0049,Manchester,1,success,176,False,
3ff93134-650e-48e4-afe6-33f18f807d8b,USR-0062,2024-01-10 16:40:00,keystroke_dynamics,0.7885,DEV-0005,Manchester,1,success,181,False,
df15e667-6812-417c-9946-601e90b84f94,USR-0154,2024-01-10 16:40:00,keystroke_dynamics,0.8424,DEV-0019,New York,1,success,169,False,
b1b9fd9d-db58-4dd9-a0f3-6e9238ec71aa,USR-0086,2024-01-10 16:42:00,voice,0.8405,DEV-0017,London,1,success,240,False,
66205167-17cf-475f-898b-cf673f8dcf96,USR-0059,2024-01-10 16:47:00,fingerprint,0.8794,DEV-0030,Manchester,1,success,171,False,
c31dfb91-397a-4433-9b64-8ca71ea0dd2d,USR-0179,2024-01-10 16:52:00,keystroke_dynamics,0.8026,DEV-0043,New York,1,success,196,False,
cde5c35a-b011-4b0a-b496-51d6a79055b0,USR-0057,2024-01-10 16:53:00,keystroke_dynamics,0.7714,DEV-0004,Manchester,1,success,218,False,
1d2c2721-7522-4646-b273-75bf5373bf4d,USR-0035,2024-01-10 16:56:00,keystroke_dynamics,0.8734,DEV-0017,New York,1,success,221,False,
160a56e1-1cd2-4c9f-83ac-0d1b2cb15c02,USR-0189,2024-01-10 16:57:00,keystroke_dynamics,0.8358,DEV-0003,Manchester,1,success,121,False,
ef69a980-5ad4-49ef-a36f-a890cc21cbdb,USR-0042,2024-01-10 16:58:00,fingerprint,0.8173,DEV-0045,Manchester,1,success,163,False,
f5504c52-49d2-4ac0-adc6-9c90e5dfc7af,USR-0083,2024-01-10 16:59:00,keystroke_dynamics,0.9822,DEV-0035,New York,1,success,170,False,
84f16d9d-af8f-4cf0-851a-9ec71cdde8ca,USR-0140,2024-01-10 17:02:00,keystroke_dynamics,0.8316,DEV-0045,Manchester,1,success,240,False,
4140752c-aa44-4259-9001-8b7b6d4067f4,USR-0016,2024-01-10 17:03:00,fingerprint,0.8818,DEV-0042,New York,1,success,189,False,
cc79eeca-d9e1-4c82-a8d0-4562beaad00d,USR-0191,2024-01-10 17:05:00,keystroke_dynamics,0.7846,DEV-0018,London,1,success,189,False,
7b4bcaf8-6b4a-4541-b123-167e596a2b36,USR-0132,2024-01-10 17:08:00,voice,0.8084,DEV-0039,New York,1,success,222,False,
cb21aa80-19d4-439a-bdff-e27d9b125dfb,USR-0096,2024-01-10 17:19:00,voice,0.8432,DEV-0035,New York,1,success,132,False,
42a1279b-8bf5-4aed-9904-b887d77b03b3,USR-0143,2024-01-10 17:23:00,voice,0.7716,DEV-0042,New York,1,success,161,False,
4767d76c-162f-4a24-af43-613cd4aac9a3,USR-0008,2024-01-10 17:26:00,fingerprint,0.858,DEV-0009,New York,1,success,270,False,
319ec58b-4c03-4d16-b8c4-f346e5dd614c,USR-0134,2024-01-10 17:26:00,face,0.8278,DEV-0048,New York,1,success,137,False,
2d3dab8a-7047-4d9d-9208-26b8611eb15c,USR-0151,2024-01-10 17:38:00,keystroke_dynamics,0.857,DEV-0011,New York,1,success,153,False,
3985fb62-17dc-4eff-a872-13f98d605936,USR-0011,2024-01-10 17:44:00,keystroke_dynamics,0.8573,DEV-0009,London,1,success,117,False,
8471b4b0-ae1b-4f69-b740-d83173318749,USR-0023,2024-01-10 17:45:00,keystroke_dynamics,0.8376,DEV-0028,Manchester,1,success,125,False,
0bb5c276-abe3-47f3-8066-703846dfe43f,USR-0162,2024-01-10 17:50:00,voice,0.8418,DEV-0024,New York,1,success,226,False,
524ec63c-1ab4-4e05-bdc1-dda00619feb0,USR-0178,2024-01-10 17:52:00,face,0.8609,DEV-0045,New York,1,success,221,False,
c3dd1d6a-18fc-4899-9c86-a6f929f5d43d,USR-0052,2024-01-10 17:53:00,keystroke_dynamics,0.4398,DEV-0008,Manchester,1,success,178,True,low_score_bypass
41191aa7-1b61-4453-a8c2-094db8b818cf,USR-0052,2024-01-10 17:53:00,keystroke_dynamics,0.7533,DEV-0008,Manchester,1,success,178,False,
a17f2016-c997-4b86-8ea7-c6ed5f1d3663,USR-0162,2024-01-10 17:54:00,voice,0.8418,DEV-0024,Berlin,1,success,226,True,geo_jump
3354b4be-42c9-4aaf-abe1-3e78568a220d,USR-0146,2024-01-10 18:05:00,face,0.7611,DEV-0032,London,1,success,149,False,
42c40e37-4ac9-4d23-80a5-c3374a3461e7,USR-0146,2024-01-10 18:05:00,face,0.3039,DEV-0032,London,1,success,149,True,low_score_bypass
f2b2d2f2-b366-41c5-8ef4-83f671d5a861,USR-0192,2024-01-10 18:06:00,fingerprint,0.8115,DEV-0019,London,1,success,145,False,
e119e331-0538-4bfd-81fd-1281861c2a6f,USR-0176,2024-01-10 18:11:00,fingerprint,0.8766,DEV-0011,Manchester,1,success,197,False,
9360715f-c3fe-4183-a172-b725db52ca58,USR-0007,2024-01-10 18:19:00,keystroke_dynamics,1.0,DEV-0010,Manchester,1,success,224,False,
c5857b6b-7b98-4c6e-9ac6-e2bf00b36478,USR-0009,2024-01-10 18:20:00,fingerprint,0.5505,DEV-0004,Manchester,8,success,199,True,rapid_retry
2812859a-1337-439e-8d4f-5d272c7f0b79,USR-0009,2024-01-10 18:20:00,fingerprint,0.7885,DEV-0004,Manchester,1,success,199,False,
7c12d198-50c1-48f7-a764-28c4197fa0fd,USR-0068,2024-01-10 18:26:00,fingerprint,0.8201,DEV-0007,Manchester,1,success,196,False,
450ab36d-f9be-47f3-9bcc-90fca1cc22d8,USR-0080,2024-01-10 18:29:00,face,0.7629,DEV-0033,London,1,success,166,False,
fd063a58-aa3d-4585-aaec-f4e0e81909ce,USR-0112,2024-01-10 18:30:00,face,0.781,DEV-0018,London,1,success,166,False,
98cb3cb4-e2f7-47ea-8cf2-fdf8ec1f5d97,USR-0158,2024-01-10 18:31:00,fingerprint,0.7813,DEV-0006,New York,1,success,211,False,
6e66a273-c4ca-40d7-8a66-de6724d4d5a3,USR-0077,2024-01-10 18:39:00,fingerprint,0.7976,DEV-0006,Manchester,1,success,159,False,
f4e95734-5052-4700-a077-96a38685abaa,USR-0026,2024-01-10 18:44:00,voice,0.7808,DEV-0009,New York,1,success,106,False,
e886a011-36f7-426c-9a9c-06792c3d17e2,USR-0041,2024-01-10 18:45:00,face,0.7537,DEV-0028,Manchester,1,success,188,False,
90ce77e9-7513-43b9-87de-96ea2b0fbe44,USR-0036,2024-01-10 18:53:00,voice,0.7425,DEV-0023,New York,1,success,207,False,
5780be17-12fe-4c2b-9acf-42c5f3a02120,USR-0044,2024-01-10 18:54:00,voice,0.885,DEV-0046,London,1,success,161,False,
4019a1f6-0cd1-4081-8d85-e013b20004fa,USR-0197,2024-01-10 18:56:00,face,0.8898,DEV-0036,London,1,success,179,False,
cb5d2b59-2ad8-40ca-83db-7a2e531350e0,USR-0064,2024-01-10 19:09:00,voice,0.7673,DEV-0016,New York,1,success,183,False,
4cb22b3d-c2d6-4712-a152-9522c1afd792,USR-0152,2024-01-10 19:20:00,voice,0.3702,DEV-0014,Manchester,1,success,195,True,low_score_bypass
09d1c11f-ecbb-4aac-a46b-f89a5097621a,USR-0152,2024-01-10 19:20:00,voice,0.8834,DEV-0014,Manchester,1,success,195,False,
3c53090e-e1b4-4171-929d-674d798e175f,USR-0045,2024-01-10 19:22:00,face,0.8665,DEV-0033,Manchester,1,success,202,False,
826f081a-0651-4897-8f54-c086450511e1,USR-0200,2024-01-10 19:22:00,face,0.774,DEV-0044,London,1,success,108,False,
551ac8ea-585a-4afa-bbfd-cc1289e06ab3,USR-0012,2024-01-10 19:24:00,keystroke_dynamics,0.8333,DEV-0011,London,1,success,160,False,
e87d1c78-e7c4-41c7-8049-7b717d106c60,USR-0005,2024-01-10 19:24:00,keystroke_dynamics,0.948,DEV-0035,London,1,success,101,False,
41ff81d1-689d-4205-8b31-f4d8e073c1d0,USR-0057,2024-01-10 19:29:00,face,0.7731,DEV-0031,Manchester,1,success,169,False,
01c7ea8b-267f-46ec-947b-7a33acba60e2,USR-0161,2024-01-10 19:37:00,fingerprint,0.8696,DEV-0017,Manchester,1,success,150,False,
0ec0ad4b-d644-4a9d-b362-d476d53ae57f,USR-0046,2024-01-10 19:47:00,fingerprint,0.741,DEV-0019,Manchester,1,success,211,False,
66b1f859-adb5-45e6-bb88-e4ef567f3096,USR-0158,2024-01-10 19:47:00,fingerprint,0.75,DEV-0039,New York,1,success,184,False,
f4acc7e2-fa57-4cea-b957-134490a4a421,USR-0051,2024-01-10 19:54:00,fingerprint,0.8787,DEV-0010,London,1,success,95,False,
1c24220e-2cab-47e7-8c6b-66e5402adf9c,USR-0015,2024-01-10 19:57:00,fingerprint,0.8046,DEV-0039,London,1,success,113,False,
e914ae70-f797-4ec8-a41e-f111d94296b6,USR-0137,2024-01-10 19:59:00,face,0.906,DEV-0014,New York,1,success,105,False,
30104525-5809-4249-9b90-f2327bdd41b3,USR-0171,2024-01-10 20:13:00,fingerprint,0.8272,DEV-0040,New York,1,success,206,False,
7f695b97-e581-4601-84cd-c4e87225539d,USR-0077,2024-01-10 20:26:00,face,0.825,DEV-0015,Manchester,1,success,181,False,
9132b63e-f162-47e4-a9c3-49e03602f8ac,USR-0001,2024-01-10 20:40:00,face,0.8417,DEV-0010,New York,1,success,241,False,
e7ba26ac-ab7a-4d1c-8cfe-f6833e11bafe,USR-0027,2024-01-10 20:42:00,keystroke_dynamics,0.8846,DEV-0013,London,1,success,180,False,
4926ce5f-7878-4140-ac2a-4f71a77d95f1,USR-0024,2024-01-10 20:45:00,fingerprint,0.76,DEV-0014,London,1,success,159,False,
44fcc054-cfc1-4689-8953-4e152ea37b78,USR-0123,2024-01-10 20:48:00,fingerprint,0.8343,DEV-0046,London,1,success,199,False,
680ac07a-2a93-4d62-bc83-5dc0d9441fa5,USR-0004,2024-01-10 20:50:00,face,0.885,DEV-0015,London,1,success,222,False,
3f30ea12-cebc-4264-9ad7-5b94663463e9,USR-0108,2024-01-10 20:54:00,voice,0.8656,DEV-0015,New York,1,success,146,False,
7c8c9267-3c55-4d3a-8ed9-92e01e4415f4,USR-0001,2024-01-10 20:54:00,face,0.8417,DEV-0010,Lagos,1,success,241,True,geo_jump
c0c9c3ed-8ef9-4060-9545-7c643d922952,USR-0081,2024-01-10 20:58:00,face,0.6875,DEV-0011,Manchester,1,success,170,False,
d7be7b4f-b967-4dc6-96fd-d1a5f17312f4,USR-0091,2024-01-10 20:58:00,keystroke_dynamics,0.9034,DEV-0038,New York,1,success,251,False,
8aad970f-3401-4fe9-a21e-1d14d33b05e6,USR-0196,2024-01-10 21:04:00,fingerprint,0.755,DEV-0009,New York,1,success,221,False,
d387fcd8-cea8-4b7a-9ad4-ac13504089fa,USR-0175,2024-01-10 21:13:00,voice,0.7653,DEV-0048,London,1,success,219,False,
f14152c7-a0dc-4c7d-bb17-23197f4d55b9,USR-0088,2024-01-10 21:16:00,fingerprint,0.8402,DEV-0015,London,1,success,169,False,
965d744f-0445-41a8-92af-97e4c536c66e,USR-0038,2024-01-10 21:20:00,face,0.8314,DEV-0041,Manchester,1,success,217,False,
adc90caa-7000-493b-bdb8-ed7140a3823b,USR-0144,2024-01-10 21:20:00,face,0.7699,DEV-0042,London,1,success,170,False,
2f81d4b2-14c6-4d19-ad33-29b7befe0e22,USR-0183,2024-01-10 21:21:00,face,1.0,DEV-0033,London,1,success,211,False,
a72edd5f-4a0c-408d-9ee8-27fad451b59f,USR-0101,2024-01-10 21:26:00,fingerprint,0.8912,DEV-0047,New York,1,success,141,False,
aac5e8a3-2567-4f2a-9227-b7accdca6bef,USR-0194,2024-01-10 21:28:00,voice,0.8516,DEV-0049,Manchester,1,success,217,False,
7616e3a2-3d9d-49d4-b5e6-6d4c539cb0bb,USR-0195,2024-01-10 21:29:00,fingerprint,0.4365,DEV-0011,Manchester,1,success,119,True,low_score_bypass
23c52c31-1e93-4ed6-902a-12a5630ae016,USR-0195,2024-01-10 21:29:00,fingerprint,0.8289,DEV-0011,Manchester,1,success,119,False,
12d15585-b68e-47fa-bf17-5534cc4d5819,USR-0033,2024-01-10 21:41:00,face,0.8729,DEV-0021,Manchester,1,success,161,False,
795e6f2b-0247-4360-aea4-a441c47fa57e,USR-0046,2024-01-10 21:51:00,keystroke_dynamics,0.7736,DEV-0025,Manchester,1,success,213,False,
094a8492-d88d-41dd-b21a-3244cf6579ec,USR-0197,2024-01-10 21:55:00,voice,0.7845,DEV-0016,London,1,success,235,False,
cdf5a57f-9c4e-4e7f-be44-b4c74955f0b0,USR-0171,2024-01-11 02:23:00,voice,0.882,DEV-0021,New York,1,success,127,True,off_hours
f1d799af-f2f0-4a8c-9825-068b11997084,USR-0182,2024-01-11 03:10:00,face,0.791,DEV-0013,New York,1,success,178,True,off_hours
1b4909b6-5cbd-4682-a8aa-123650deef43,USR-0057,2024-01-11 07:06:00,keystroke_dynamics,0.851,DEV-0027,Manchester,1,success,171,False,
34981735-4d38-4415-a036-35fca88d4108,USR-0037,2024-01-11 07:09:00,fingerprint,0.8079,DEV-0035,Manchester,1,success,179,False,
5a104129-54ae-4d1b-8ce6-424dbef59fe6,USR-0009,2024-01-11 07:11:00,voice,0.8266,DEV-0004,Manchester,1,success,209,False,
a7ee2f23-9e31-4cfd-9f09-87e9259b5aea,USR-0149,2024-01-11 07:13:00,face,0.834,DEV-0041,Manchester,1,success,264,False,
0328c136-629e-43d8-9d1c-a267530ddda6,USR-0033,2024-01-11 07:24:00,fingerprint,0.7473,DEV-0035,Manchester,1,success,209,False,
092e9fab-2457-4251-89b6-7093d0fe42af,USR-0148,2024-01-11 07:28:00,keystroke_dynamics,0.8132,DEV-0018,New York,1,success,243,False,
aed690cc-037f-4347-ab40-256118cd99c9,USR-0124,2024-01-11 07:30:00,face,0.8331,DEV-0012,London,1,success,173,False,
d655005d-ce52-4176-966e-46aefed01fca,USR-0134,2024-01-11 07:39:00,voice,0.7329,DEV-0049,New York,1,success,143,False,
577bc55a-36d5-4494-b37f-d50d2e25b5ee,USR-0019,2024-01-11 07:40:00,voice,0.8185,DEV-0029,Manchester,1,success,212,False,
ff1b654d-6c65-459d-a2ef-1e217fb32568,USR-0098,2024-01-11 07:50:00,fingerprint,0.8974,DEV-0022,London,1,success,182,False,
c82e27a3-1028-4c78-834b-033d84e1f69e,USR-0171,2024-01-11 07:52:00,fingerprint,0.8559,DEV-0049,New York,1,success,140,False,
3cfe18e9-5f20-4c06-9ace-863187638104,USR-0125,2024-01-11 07:54:00,voice,0.7726,DEV-0023,London,1,success,207,False,
28628b4e-c714-4549-a04a-1fe29cc8f772,USR-0079,2024-01-11 08:00:00,voice,0.8268,DEV-0045,London,1,success,198,False,
8d548038-9a26-4279-a25b-74adf519ab52,USR-0120,2024-01-11 08:02:00,fingerprint,0.8234,DEV-0003,New York,1,success,175,False,
2449ea0f-5e6b-4e56-ba23-53358d759038,USR-0187,2024-01-11 08:09:00,face,0.8256,DEV-0017,Manchester,1,success,195,False,
2598bc54-eba2-467c-9c43-3e67871d5bfc,USR-0097,2024-01-11 08:11:00,voice,0.7943,DEV-0030,New York,1,success,218,False,
c8594dfb-6d73-4d1d-9da1-497a6f1f9af1,USR-0149,2024-01-11 08:21:00,face,0.8395,DEV-0047,Manchester,1,success,138,False,
0843280a-07ac-43fe-a73a-366e43577225,USR-0146,2024-01-11 08:29:00,keystroke_dynamics,0.7977,DEV-0030,London,1,success,108,False,
696c5060-cbb4-44a3-b763-4604fe048d5a,USR-0084,2024-01-11 08:44:00,keystroke_dynamics,0.4778,DEV-0025,New York,1,success,105,True,low_score_bypass
82f552c8-9ae6-4149-9a69-78cf51589375,USR-0084,2024-01-11 08:44:00,keystroke_dynamics,0.8679,DEV-0025,New York,1,success,105,False,
ce67b962-548b-4bb7-9f82-00b85b24bb54,USR-0116,2024-01-11 08:44:00,keystroke_dynamics,0.815,DEV-0022,London,1,success,270,False,
1ba651ed-3146-44a6-967a-efbb5404801d,USR-0104,2024-01-11 08:45:00,face,0.8823,DEV-0032,Manchester,1,success,210,False,
74bd0c93-8177-4661-b7fe-032c02571851,USR-0031,2024-01-11 08:48:00,keystroke_dynamics,0.8225,DEV-0003,London,1,success,139,False,
61223189-35f3-4e4a-ac92-04b40306a258,USR-0060,2024-01-11 08:51:00,keystroke_dynamics,0.7686,DEV-0025,New York,1,success,134,False,
cef44098-4d9d-4bb1-a00f-80d49d0a94df,USR-0101,2024-01-11 08:51:00,face,0.705,DEV-0047,New York,1,success,121,False,
7b4d8646-58e0-458f-a8af-301f4f45f6f7,USR-0062,2024-01-11 08:56:00,fingerprint,0.9369,DEV-0048,Manchester,1,success,221,False,
c02553ea-d7f2-4678-9489-8025548b2ce3,USR-0062,2024-01-11 09:06:00,keystroke_dynamics,0.8525,DEV-0003,Manchester,1,success,215,False,
baaa58f6-343f-45d0-ad2b-c99de7eca309,USR-0161,2024-01-11 09:07:00,fingerprint,0.5631,DEV-0011,Manchester,15,success,155,True,rapid_retry
df48d6fa-ba45-40ff-9d51-30aed015f623,USR-0161,2024-01-11 09:07:00,fingerprint,0.7491,DEV-0011,Manchester,1,success,155,False,
8ec29e07-ee0c-4303-b9c1-1c4a639817e5,USR-0162,2024-01-11 09:11:00,voice,0.7958,DEV-0011,New York,1,success,173,False,
fba13732-aa4d-4bb8-b5ae-d2e97ab3137c,USR-0123,2024-01-11 09:11:00,fingerprint,0.7671,DEV-0041,London,1,success,122,False,
7b07fd31-a424-4f23-8d5b-a7cd400035f0,USR-0020,2024-01-11 09:25:00,voice,0.7872,DEV-0019,London,1,success,195,False,
5230dfbd-5553-42fe-a889-803e5913f9d3,USR-0010,2024-01-11 09:28:00,fingerprint,0.9199,DEV-0031,New York,1,success,220,False,
771ad655-cdfc-4ee0-a61e-de900267deb3,USR-0012,2024-01-11 09:31:00,keystroke_dynamics,0.7906,DEV-0024,New York,1,success,221,False,
11e12ee9-f664-42b9-b8d8-061976538a69,USR-0164,2024-01-11 09:35:00,keystroke_dynamics,0.9334,DEV-0028,Manchester,1,success,180,False,
6f8ef978-5021-41bd-8458-526b4385a3e3,USR-0093,2024-01-11 09:36:00,keystroke_dynamics,0.7835,DEV-0044,Manchester,1,success,139,False,
8f964685-3514-4890-84c8-6c4623595fa4,USR-0026,2024-01-11 09:45:00,voice,0.8314,DEV-0015,New York,1,success,220,False,
d6c34b19-b4a3-4c95-9466-99843ecb1bd6,USR-0099,2024-01-11 09:46:00,voice,0.7039,DEV-0001,New York,1,success,174,False,
f216880d-61c9-415e-b028-5484beeac4d3,USR-0127,2024-01-11 09:48:00,fingerprint,1.0,DEV-0006,New York,1,success,216,False,
f765f8a0-ce43-47c4-abfd-dbf938498d35,USR-0196,2024-01-11 09:48:00,keystroke_dynamics,0.8434,DEV-0048,Manchester,1,success,224,False,
257f7595-cdfb-4db9-85e7-8b23f4613f09,USR-0026,2024-01-11 09:56:00,keystroke_dynamics,0.7297,DEV-0011,New York,1,success,210,False,
980b6853-0c70-41eb-9f85-c2dd88e44a48,USR-0049,2024-01-11 10:06:00,face,0.844,DEV-0048,New York,1,success,185,False,
904ada37-5f44-4716-b6e5-dd9a315007d2,USR-0121,2024-01-11 10:15:00,keystroke_dynamics,0.855,DEV-0010,New York,1,success,231,False,
964db03f-9340-4fad-9c4a-d56bd6016237,USR-0010,2024-01-11 10:21:00,face,0.7391,DEV-0005,New York,1,success,209,False,
43c07d43-93a7-4792-8561-b8dca4364fcd,USR-0024,2024-01-11 10:26:00,voice,0.8025,DEV-0018,London,1,success,117,False,
c9525185-81e0-4a5e-8b48-f49686abd4e7,USR-0021,2024-01-11 10:29:00,fingerprint,0.8523,DEV-0017,Manchester,1,success,222,False,
99f75c76-2bcf-403f-b3e9-b99b1fc489b3,USR-0137,2024-01-11 10:34:00,fingerprint,0.8269,DEV-0043,New York,1,success,175,False,
58a64190-1527-4d08-8e65-050b77052c84,USR-0161,2024-01-11 10:38:00,voice,0.8275,DEV-0043,Manchester,1,success,243,False,
3d4a49ae-e83f-4a2a-92fc-6f48e7e337c4,USR-0194,2024-01-11 10:38:00,fingerprint,0.7685,DEV-0003,Manchester,1,success,181,False,
c9254bb5-4fc3-4d4e-ab95-0c1d578799d9,USR-0062,2024-01-11 10:42:00,keystroke_dynamics,0.7672,DEV-0045,Manchester,1,success,193,False,
8470f6c8-ce66-41cb-b7b6-51ee028bffb6,USR-0097,2024-01-11 10:43:00,voice,0.8841,DEV-0017,New York,1,success,128,False,
578cd875-d231-4372-bfb0-942cac777762,USR-0059,2024-01-11 10:51:00,face,0.8516,DEV-0023,Manchester,1,success,160,False,
6c914882-612e-43c7-bb36-8cf45ad5a309,USR-0087,2024-01-11 10:51:00,voice,0.8825,DEV-0015,Manchester,1,success,129,False,
b703fa9f-e15c-4c37-a4ab-9bae5aca08f9,USR-0169,2024-01-11 10:52:00,voice,0.8506,DEV-0020,New York,1,success,208,False,
af76b6c2-dd6d-4b41-b692-a531c6097cd8,USR-0054,2024-01-11 11:04:00,keystroke_dynamics,0.8393,DEV-0028,New York,1,success,186,False,
a34db7c5-760d-4bbb-bb70-b3a124a35cf2,USR-0012,2024-01-11 11:07:00,voice,0.819,DEV-0028,New York,1,success,227,False,
dbe38b89-a262-4fd2-a289-499e2a6716d4,USR-0172,2024-01-11 11:14:00,fingerprint,0.838,DEV-0050,Manchester,1,success,155,False,
16054b9e-313a-4c74-8a3d-b769cf052461,USR-0144,2024-01-11 11:26:00,voice,0.8594,DEV-0044,London,1,success,151,False,
3da325e2-bc46-40bd-9842-20f1d3105f4f,USR-0184,2024-01-11 11:28:00,voice,0.8288,DEV-0004,London,1,success,162,False,
f06b6c12-9c8b-4550-a4e7-0f9a501a0ccf,USR-0069,2024-01-11 11:32:00,fingerprint,0.8722,DEV-0018,Manchester,1,success,217,False,
5ba62f73-e9c4-4f0d-afe6-8a5219a7361b,USR-0158,2024-01-11 11:35:00,fingerprint,0.7586,DEV-0025,New York,1,success,168,False,
6420b22a-cae9-450b-9693-ffd8bc6232e3,USR-0154,2024-01-11 11:36:00,fingerprint,0.8223,DEV-0012,New York,1,success,173,False,
8897c497-0bad-4234-b953-70c02bcdce43,USR-0126,2024-01-11 11:38:00,face,0.8506,DEV-0047,New York,1,success,188,False,
1e5bc68b-1931-46f5-ba4d-45fded360bb7,USR-0106,2024-01-11 11:45:00,fingerprint,0.8566,DEV-0023,Manchester,1,success,178,False,
eb0230a0-3313-4402-a382-d280b44304e9,USR-0183,2024-01-11 11:47:00,voice,0.7827,DEV-0045,London,1,success,126,False,
afe2487f-4fdf-4f5d-bc75-ed5399b32070,USR-0087,2024-01-11 12:07:00,fingerprint,0.8903,DEV-0027,Manchester,1,success,239,False,
02fb2869-0df8-4b89-9ce7-eed1fcdfe961,USR-0051,2024-01-11 12:09:00,voice,0.8004,DEV-0029,London,1,success,171,False,
7ddee37d-ebba-4a66-aa4e-4d28c0fce144,USR-0188,2024-01-11 12:12:00,fingerprint,0.8515,DEV-0035,New York,1,success,266,False,
6374ed14-29b6-4b14-b54e-15ecda33562c,USR-0094,2024-01-11 12:22:00,keystroke_dynamics,0.7438,DEV-0010,Manchester,1,success,241,False,
c520d50f-a0ff-4498-82f4-298f6ffad356,USR-0134,2024-01-11 12:30:00,fingerprint,0.8319,DEV-0034,New York,1,success,79,False,
e83cdff9-78a1-4988-84e1-502aa76180c7,USR-0078,2024-01-11 12:30:00,fingerprint,0.8245,DEV-0011,Manchester,1,success,221,False,
9341dd73-a5d8-4541-ae82-2ce612b1d17e,USR-0169,2024-01-11 12:36:00,fingerprint,0.81,DEV-0019,New York,1,success,141,False,
07a76739-609e-4d33-ad92-abbf65c51c9a,USR-0190,2024-01-11 12:40:00,fingerprint,0.8723,DEV-0044,London,1,success,173,False,
bb3f4297-1033-4eb4-bacf-41f0902fe243,USR-0189,2024-01-11 12:44:00,keystroke_dynamics,0.7872,DEV-0001,Manchester,1,success,140,False,
f50d7a37-a44d-4fec-bd85-d7fa8ac97b01,USR-0031,2024-01-11 12:53:00,voice,0.8426,DEV-0036,London,1,success,143,False,
22bf18f5-1f65-4a87-b33e-e3447dbf4bc1,USR-0023,2024-01-11 12:56:00,voice,0.8394,DEV-0009,Manchester,1,success,174,False,
aa8fb624-4f2f-4eb3-98dd-0b26fc0ea898,USR-0023,2024-01-11 12:58:00,voice,0.8394,DEV-0009,Singapore,1,success,174,True,geo_jump
ba098484-f5a7-420d-ad6d-91e193ed82c5,USR-0129,2024-01-11 13:06:00,keystroke_dynamics,0.79,DEV-0033,Manchester,1,success,206,False,
1d181ee9-86ad-4a8c-abc4-123ebde13c1b,USR-0016,2024-01-11 13:09:00,keystroke_dynamics,0.921,DEV-0045,New York,1,success,161,False,
cfd42949-e33e-4976-9862-5813b28d7506,USR-0097,2024-01-11 13:09:00,voice,0.7979,DEV-0015,New York,1,success,208,False,
c840789b-7c60-4399-b8f4-0e5ef6babccc,USR-0091,2024-01-11 13:11:00,face,0.7388,DEV-0031,New York,1,success,209,False,
2d8d7db8-5bab-46cc-b0ce-f646274b8b98,USR-0111,2024-01-11 13:11:00,voice,0.8271,DEV-0040,Manchester,1,success,113,False,
027e789c-ce40-483b-b915-ad7e2648c819,USR-0060,2024-01-11 13:16:00,fingerprint,0.9061,DEV-0008,New York,1,success,166,False,
5b29317a-6675-45e2-b177-3294a4d21eae,USR-0088,2024-01-11 13:20:00,face,0.9148,DEV-0010,London,1,success,155,False,
baff361a-b37e-4c41-9a62-75f5cf590b8e,USR-0123,2024-01-11 13:24:00,voice,0.7768,DEV-0029,London,1,success,196,False,
15bebdd0-97b0-47ce-8fe5-c13ba5e8c198,USR-0089,2024-01-11 13:25:00,keystroke_dynamics,0.7837,DEV-0028,New York,1,success,199,False,
d14b049b-79de-46cb-b150-c32387826633,USR-0183,2024-01-11 13:25:00,face,0.9363,DEV-0011,London,1,success,142,False,
5e723c24-c2c7-4d49-8dae-27d77668d540,USR-0197,2024-01-11 13:29:00,face,0.8477,DEV-0015,New York,1,success,159,False,
a38bbaa4-4fe8-48d8-822c-a6a893daf60d,USR-0072,2024-01-11 13:30:00,fingerprint,0.8176,DEV-0033,Manchester,1,success,123,False,
649f7d88-8989-45ab-be2b-34d82db0728d,USR-0030,2024-01-11 13:36:00,keystroke_dynamics,0.6919,DEV-0010,Manchester,1,success,305,False,
68e5c8cd-b414-4e4a-9ba0-c3e033a0daa7,USR-0049,2024-01-11 13:37:00,face,0.9563,DEV-0038,New York,1,success,163,False,
746b161a-31cc-4738-b68a-e9b79b3aa1d1,USR-0058,2024-01-11 13:49:00,face,0.7927,DEV-0028,New York,1,success,138,False,
ba751921-2833-48ea-9c94-563ae9365d1b,USR-0097,2024-01-11 13:50:00,keystroke_dynamics,0.802,DEV-0021,New York,1,success,114,False,
331f63fb-d11f-48c0-a97c-a4fff75d599f,USR-0020,2024-01-11 13:52:00,face,0.8525,DEV-0020,London,1,success,210,False,
f7ebc69a-b428-4f0d-9a6c-f45952f6531f,USR-0055,2024-01-11 13:57:00,face,0.7301,DEV-0021,London,1,success,176,False,
2f191516-5fbb-4da5-a64a-1fe8b646e2b1,USR-0069,2024-01-11 13:58:00,keystroke_dynamics,0.8721,DEV-0042,Manchester,1,success,132,False,
e27a984d-6548-41d0-bfcd-9eb1a7cad415,USR-0001,2024-01-11 14:01:00,fingerprint,0.6628,DEV-0024,New York,1,success,212,False,
396c357b-dd66-4071-8fd7-b1a1bd4f6118,USR-0053,2024-01-11 14:07:00,keystroke_dynamics,0.7902,DEV-0019,Manchester,1,success,172,False,
efe739dd-6260-4cbe-a8de-eb1c281ec259,USR-0181,2024-01-11 14:09:00,voice,0.7528,DEV-0001,Manchester,1,success,150,False,
94ad345a-e323-4264-a390-0c1dd1291d13,USR-0075,2024-01-11 14:09:00,face,0.9961,DEV-0004,London,1,success,137,False,
65f17e33-29dd-4229-adf4-e3876bf6f2f7,USR-0161,2024-01-11 14:13:00,voice,0.8533,DEV-0040,Manchester,1,success,115,False,
c528ac36-2545-434c-b14c-d65e079e8b0b,USR-0097,2024-01-11 14:14:00,keystroke_dynamics,0.7788,DEV-0024,New York,1,success,226,False,
d47ffd35-751a-4b9a-b99f-5c063a24de17,USR-0171,2024-01-11 14:15:00,voice,0.882,DEV-0021,New York,1,success,127,False,
c81a5f0f-1b1b-4a94-b983-4d4b1c65f6bd,USR-0096,2024-01-11 14:19:00,keystroke_dynamics,0.7884,DEV-0037,New York,1,success,127,False,
a1919e12-7e1b-4edf-854f-6d2d99f2587c,USR-0167,2024-01-11 14:30:00,voice,0.7967,DEV-0002,London,1,success,213,False,
6df5fa4a-4a8e-4dd2-a067-982478adb182,USR-0154,2024-01-11 14:35:00,keystroke_dynamics,0.7532,DEV-0023,New York,1,success,197,False,
06339f7f-8ec4-4aab-aefb-4b37a50ee5e7,USR-0188,2024-01-11 14:40:00,face,0.7657,DEV-0037,New York,1,success,211,False,
506801b9-c22a-499a-b1b3-1c9198063af9,USR-0186,2024-01-11 14:42:00,keystroke_dynamics,0.7313,DEV-0021,New York,1,success,90,False,
ba098a27-4870-4a92-92f7-7d5dfec5ea47,USR-0092,2024-01-11 14:43:00,keystroke_dynamics,0.9215,DEV-0020,New York,1,success,185,False,
ecedf328-e669-4d22-9d50-d2eb5ec74b9e,USR-0175,2024-01-11 14:45:00,voice,0.8371,DEV-0028,London,1,success,167,False,
f07bf9bb-20fd-4784-add9-a87993ee36ee,USR-0134,2024-01-11 15:21:00,voice,0.764,DEV-0035,New York,1,success,206,False,
a8addf36-ddf2-45eb-a8a3-f341c8819065,USR-0016,2024-01-11 15:22:00,voice,0.7825,DEV-0040,New York,1,success,195,False,
0d5d2f64-8f2b-492b-8e48-4034ad74dd43,USR-0103,2024-01-11 15:30:00,keystroke_dynamics,0.7707,DEV-0020,London,1,success,128,False,
2ecaf629-44e2-4691-92de-d495e4f1e8e8,USR-0059,2024-01-11 15:37:00,face,0.8039,DEV-0050,Manchester,1,success,106,False,
f37599aa-147b-4d20-bb2e-00e6c8028d0e,USR-0113,2024-01-11 15:40:00,face,0.7408,DEV-0037,New York,1,success,170,False,
34d88c51-4f2e-43eb-b98e-249757a55d1a,USR-0165,2024-01-11 15:47:00,keystroke_dynamics,0.8343,DEV-0009,Manchester,1,success,169,False,
5a2837b2-cb83-43f2-bb96-f6022b115c36,USR-0031,2024-01-11 15:49:00,keystroke_dynamics,0.8823,DEV-0046,London,1,success,176,False,
989240ac-e689-43a9-89e4-8e8c25c61c45,USR-0015,2024-01-11 15:53:00,keystroke_dynamics,0.9237,DEV-0046,London,1,success,197,False,
a0ee404f-9ea8-4cb1-8732-68c98c1e9464,USR-0070,2024-01-11 15:58:00,voice,0.7756,DEV-0039,Manchester,1,success,126,False,
dcc7eb51-4598-4b17-b38f-0430a2b6eddc,USR-0113,2024-01-11 15:58:00,face,0.7851,DEV-0039,New York,1,success,195,False,
1d3ea32c-7e54-4a1e-ac30-4971ecc11ecb,USR-0200,2024-01-11 16:04:00,voice,0.8465,DEV-0014,London,1,success,186,False,
6680c5e3-363c-4c32-be3e-14022008bd4c,USR-0131,2024-01-11 16:06:00,voice,0.7607,DEV-0002,New York,1,success,174,False,
0986bbeb-f23e-423d-8b9b-d93423c86d30,USR-0014,2024-01-11 16:09:00,voice,0.7929,DEV-0046,London,1,success,83,False,
0ffa2366-4b4f-4faf-9a3d-c78020a77d78,USR-0075,2024-01-11 16:11:00,keystroke_dynamics,0.8692,DEV-0010,London,1,success,196,False,
0bc1f9e5-fb3d-4063-8409-c5eacde918b3,USR-0040,2024-01-11 16:15:00,face,0.8807,DEV-0025,New York,1,success,233,False,
69bba3c4-6cc7-41f0-82ba-0fed1b8dc821,USR-0095,2024-01-11 16:15:00,face,0.805,DEV-0037,London,1,success,133,False,
3805f907-6cd6-4193-8746-8f591b494e15,USR-0006,2024-01-11 16:16:00,fingerprint,0.749,DEV-0006,New York,1,success,98,False,
eb1313b7-95d1-4b6d-ae9a-e156325cba4e,USR-0142,2024-01-11 16:16:00,voice,0.8262,DEV-0043,Manchester,1,success,180,False,
cbf925b5-6418-46b7-bf2b-43b422e9e527,USR-0054,2024-01-11 16:19:00,fingerprint,0.839,DEV-0027,New York,1,success,144,False,
df7d0dd7-236e-4608-9acb-394acd1f5318,USR-0020,2024-01-11 16:44:00,face,0.7854,DEV-0031,London,1,success,76,False,
286e3f0a-dedb-4ec4-a2b2-de4b3d5cab0e,USR-0109,2024-01-11 16:50:00,voice,0.8797,DEV-0045,New York,1,success,216,False,
763f56ac-bfee-4533-acf5-9149b1c9d0dc,USR-0110,2024-01-11 16:56:00,face,0.9146,DEV-0042,Manchester,1,success,178,False,
df8db157-03d0-4453-8d40-9bc9fdae2920,USR-0147,2024-01-11 17:00:00,fingerprint,0.7137,DEV-0031,London,1,success,205,False,
4a2f2373-f777-4816-85ef-875e26755363,USR-0141,2024-01-11 17:02:00,face,0.8274,DEV-0045,Manchester,1,success,204,False,
4eba12da-4d20-46cf-ac0c-ad5ce2095271,USR-0159,2024-01-11 17:02:00,voice,0.8374,DEV-0012,London,1,success,173,False,
f7a67b94-7b5a-411a-b1b6-4afed31edf1a,USR-0014,2024-01-11 17:04:00,keystroke_dynamics,0.7432,DEV-0030,London,1,success,214,False,
dd69a596-2dba-433f-8a12-c64f921c5875,USR-0163,2024-01-11 17:04:00,voice,0.849,DEV-0012,Manchester,1,success,178,False,
c2294116-1152-4a73-91fc-dedd61022b56,USR-0071,2024-01-11 17:05:00,voice,0.7317,DEV-0022,London,1,success,125,False,
8a4b8f7c-2147-4a15-bcce-96f6250a4578,USR-0015,2024-01-11 17:07:00,keystroke_dynamics,0.8568,DEV-0038,London,1,success,139,False,
0592bfa5-b928-423f-8ee4-334ece920136,USR-0029,2024-01-11 17:08:00,fingerprint,0.6682,DEV-0042,London,1,success,168,False,
92502e59-13f0-4822-9374-8a1145712959,USR-0040,2024-01-11 17:10:00,keystroke_dynamics,0.9372,DEV-0023,New York,1,success,159,False,
a72bdddd-511e-4eb8-9040-5c433a6c7da6,USR-0061,2024-01-11 17:16:00,keystroke_dynamics,0.7925,DEV-0018,London,1,success,187,False,
e21a47b9-9ad2-4609-906d-5518fc3b9c08,USR-0186,2024-01-11 17:34:00,voice,0.7809,DEV-0005,New York,1,success,175,False,
1e6773d7-f3aa-472b-abf4-5b9d5e8c8bbf,USR-0098,2024-01-11 17:34:00,voice,0.7257,DEV-0040,London,1,success,142,False,
49bc473f-ed7b-4656-a18a-15368c99a894,USR-0011,2024-01-11 17:38:00,fingerprint,0.889,DEV-0041,London,1,success,151,False,
4d59616b-7779-457f-b7dc-8c784082fcda,USR-0046,2024-01-11 17:44:00,face,0.757,DEV-0021,Manchester,1,success,210,False,
0cb68029-3276-4b75-b2b9-fc5651f37a1f,USR-0137,2024-01-11 17:47:00,keystroke_dynamics,0.8718,DEV-0016,New York,1,success,146,False,
df9f1099-0b4b-46c4-a672-5796feef341b,USR-0190,2024-01-11 17:48:00,keystroke_dynamics,0.8463,DEV-0050,London,1,success,179,False,
161f77a1-bac3-4057-aeb8-6221172f0d9b,USR-0157,2024-01-11 17:51:00,voice,0.8962,DEV-0038,Manchester,1,success,231,False,
7a0ecfea-958c-49ba-8cd6-20c20ea2622b,USR-0004,2024-01-11 17:54:00,fingerprint,0.7917,DEV-0047,London,1,success,223,False,
7412c272-02b7-4c51-9fbe-ffb3a8e3ac9b,USR-0103,2024-01-11 18:03:00,fingerprint,0.8987,DEV-0004,London,1,success,214,False,
55b85720-87cd-4444-adba-97542d95d98d,USR-0128,2024-01-11 18:08:00,keystroke_dynamics,0.8359,DEV-0040,Manchester,1,success,154,False,
1b2375d0-b38f-40f2-8dd8-67e55f26b2a6,USR-0130,2024-01-11 18:13:00,fingerprint,0.7614,DEV-0012,New York,1,success,186,False,
1874ed7d-9190-453f-b2d2-570a2ef634f2,USR-0109,2024-01-11 18:14:00,voice,0.852,DEV-0041,New York,1,success,147,False,
6e3c4532-1434-4f62-acac-028cba220065,USR-0022,2024-01-11 18:18:00,voice,0.8127,DEV-0037,London,1,success,196,False,
92701d60-7c4f-48e4-a7a0-2a3d620f230b,USR-0045,2024-01-11 18:24:00,keystroke_dynamics,0.7054,DEV-0025,Manchester,1,success,232,False,
a74b151c-4b2c-4c4e-8e70-263a8245b08f,USR-0066,2024-01-11 18:25:00,face,0.4235,DEV-0026,London,1,success,216,True,low_score_bypass
be9cafcf-ed17-46e9-8cdc-718dc4057420,USR-0066,2024-01-11 18:25:00,face,0.8813,DEV-0026,London,1,success,216,False,
6f887f28-3e49-4d09-9b19-d8b8d8302081,USR-0018,2024-01-11 18:26:00,keystroke_dynamics,0.8275,DEV-0010,New York,1,success,162,False,
eab10bcf-64c4-4063-ad68-53c64cd3a6a4,USR-0182,2024-01-11 18:26:00,face,0.791,DEV-0013,New York,1,success,178,False,
9780fe9b-ad18-4723-bb47-d3a449be8766,USR-0183,2024-01-11 18:26:00,keystroke_dynamics,0.8613,DEV-0001,London,1,success,219,False,
cba9a0f0-3f34-48a3-b3d2-c4a9fc7b427f,USR-0175,2024-01-11 18:27:00,keystroke_dynamics,0.9376,DEV-0009,London,1,success,192,False,
430438b5-32c1-42f1-b661-7a3bf9606ca3,USR-0092,2024-01-11 18:32:00,voice,0.8265,DEV-0006,New York,1,success,143,False,
3d8925a9-25d2-47d0-b665-87075d411ac5,USR-0090,2024-01-11 18:36:00,keystroke_dynamics,0.894,DEV-0001,London,1,success,179,False,
f12d0664-dd65-4951-b52a-a2af2b5457b7,USR-0154,2024-01-11 18:36:00,keystroke_dynamics,0.8913,DEV-0042,New York,1,success,153,False,
1dba1267-7e1c-45a1-bef5-18a64dead645,USR-0014,2024-01-11 18:55:00,voice,0.725,DEV-0026,London,1,success,210,False,
a6ef8273-6f77-4027-a656-cfbc8ed2de16,USR-0156,2024-01-11 18:55:00,face,0.6851,DEV-0013,Manchester,1,success,134,False,
6bebac31-d4f8-4d72-b382-1cfdc083b73a,USR-0008,2024-01-11 19:03:00,voice,0.7854,DEV-0023,New York,1,success,210,False,
8da4f916-6fa8-4369-b3db-49d04e998b76,USR-0171,2024-01-11 19:06:00,face,0.8939,DEV-0015,New York,1,success,197,False,
8047c7e1-da44-4e00-964e-81dd27e78bba,USR-0165,2024-01-11 19:13:00,fingerprint,0.8998,DEV-0037,Manchester,1,success,156,False,
a05ff5e6-c534-4e41-b6d6-dc3938227b0d,USR-0079,2024-01-11 19:22:00,keystroke_dynamics,0.8291,DEV-0006,London,1,success,191,False,
6b44312a-a565-4d41-a8d1-41dbc94bcc99,USR-0172,2024-01-11 19:23:00,face,0.8119,DEV-0017,Manchester,1,success,151,False,
e9b89caf-8a93-4d39-813d-3c538cda74ec,USR-0172,2024-01-11 19:23:00,face,0.441,DEV-0017,Manchester,1,success,151,True,low_score_bypass
9ad2bb72-b04b-4584-b95c-ec2d7bd15655,USR-0071,2024-01-11 19:24:00,face,0.694,DEV-0023,London,1,success,207,False,
d4c3a832-b231-460b-b8f2-ce6bd46b415d,USR-0020,2024-01-11 19:27:00,fingerprint,0.8981,DEV-0001,London,1,success,242,False,
6fb0d297-7daf-438b-853f-1a4361874fa9,USR-0197,2024-01-11 19:28:00,face,0.8241,DEV-0011,New York,1,success,147,False,
7af6cd41-99a7-499b-a005-f5e1a97a2846,USR-0044,2024-01-11 19:28:00,fingerprint,0.8566,DEV-0018,London,1,success,186,False,
2b39e995-c13e-40d3-823a-0b12d6baf0f2,USR-0152,2024-01-11 19:29:00,keystroke_dynamics,0.7647,DEV-0038,Manchester,1,success,183,False,
6ba57136-9144-4442-82d8-a7f546ef7aaa,USR-0195,2024-01-11 19:30:00,fingerprint,0.873,DEV-0045,Manchester,1,success,173,False,
7447f8a1-2734-4be8-a609-2042eb5f8944,USR-0179,2024-01-11 19:35:00,keystroke_dynamics,0.7563,DEV-0026,New York,1,success,174,False,
a5310be0-f391-4a36-88a4-36ae83a2a06f,USR-0167,2024-01-11 19:36:00,fingerprint,0.7851,DEV-0002,London,1,success,145,False,
c5a0b7c3-e132-4e39-9891-b0a4b4d4813a,USR-0177,2024-01-11 19:37:00,fingerprint,0.8472,DEV-0003,Manchester,1,success,169,False,
01e1af8f-8946-4e5b-a6fa-3d5c3678a41a,USR-0188,2024-01-11 19:41:00,keystroke_dynamics,0.7449,DEV-0045,New York,1,success,257,False,
1c8d23b4-4dea-4200-9593-83cf5d13a906,USR-0124,2024-01-11 19:44:00,keystroke_dynamics,0.7925,DEV-0037,London,1,success,203,False,
aacefa98-732e-4280-82fd-617775ffe99a,USR-0099,2024-01-11 19:55:00,keystroke_dynamics,0.8923,DEV-0050,New York,1,success,142,False,
af1e0ecd-c555-430a-8985-8ab5c54f447e,USR-0178,2024-01-11 20:01:00,voice,0.7697,DEV-0037,New York,1,success,127,False,
83b5ad03-c4bd-43eb-a7cc-427447808b87,USR-0171,2024-01-11 20:14:00,fingerprint,0.7709,DEV-0010,New York,1,success,184,False,
f35757c5-7836-4477-9b39-455032103c49,USR-0134,2024-01-11 20:20:00,face,0.7139,DEV-0007,New York,1,success,180,False,
d0b3d752-bb01-42a5-ac74-5800941c23fa,USR-0052,2024-01-11 20:20:00,voice,0.7701,DEV-0018,Manchester,1,success,154,False,
59e849b6-3a05-47b2-b35a-ffe566c3f832,USR-0176,2024-01-11 20:21:00,fingerprint,0.7978,DEV-0033,London,1,success,177,False,
2a9527f6-f817-4ebf-ab6e-64c5bb8aa843,USR-0043,2024-01-11 20:21:00,keystroke_dynamics,0.8243,DEV-0031,London,1,success,171,False,
8cd74c27-929a-4586-8a37-6c367d94bf10,USR-0053,2024-01-11 20:24:00,keystroke_dynamics,0.852,DEV-0030,Manchester,1,success,213,False,
22212e52-d6e3-4103-9df7-0cc1133b385e,USR-0122,2024-01-11 20:24:00,keystroke_dynamics,0.8793,DEV-0007,New York,1,success,164,False,
7a8104de-b205-47bb-bb16-f75776f186ab,USR-0021,2024-01-11 20:28:00,fingerprint,0.8309,DEV-0023,Manchester,1,success,128,False,
530ac1c7-b8ba-4368-8fc7-77685ebbcca5,USR-0017,2024-01-11 20:33:00,keystroke_dynamics,0.8096,DEV-0008,London,1,success,180,False,
8cd1692d-66af-4249-ba98-f602bc059dfb,USR-0163,2024-01-11 20:42:00,face,0.7801,DEV-0021,Manchester,1,success,175,False,
9181c8a2-30e3-4645-b66c-4a03378aa526,USR-0180,2024-01-11 20:42:00,keystroke_dynamics,0.8491,DEV-0020,London,1,success,264,False,
802a63cc-4d5e-42e8-b11c-377f40bc2b56,USR-0115,2024-01-11 20:43:00,keystroke_dynamics,0.7732,DEV-0015,New York,1,success,209,False,
fa8dae42-ba54-4920-a099-d18087623997,USR-0030,2024-01-11 20:45:00,face,0.8834,DEV-0050,Manchester,1,success,188,False,
c8aae0c8-b057-41fd-8916-f0b779ba547e,USR-0132,2024-01-11 20:47:00,fingerprint,0.7833,DEV-0042,New York,1,success,211,False,
a9488d99-0bbb-4599-91ce-5dd2b45ed1f0,USR-0001,2024-01-11 20:49:00,fingerprint,0.8643,DEV-0015,New York,1,success,186,False,
b7f330ad-c4d1-4310-a40f-92a4a77af8cb,USR-0131,2024-01-11 20:52:00,fingerprint,0.8405,DEV-0004,New York,1,success,128,False,
1e494952-ac5d-4e57-a3b6-64f40452f779,USR-0054,2024-01-11 20:53:00,fingerprint,0.7615,DEV-0041,New York,1,success,232,False,
a5b40983-3eeb-404a-9df2-372e9e825aae,USR-0041,2024-01-11 20:56:00,face,0.8908,DEV-0047,Manchester,1,success,187,False,
5c65a65c-0f8a-4c2c-a390-0bc0cd0fa4a6,USR-0066,2024-01-11 20:58:00,keystroke_dynamics,0.8069,DEV-0026,London,1,success,210,False,
de60d544-e953-4b87-8344-819d1d80f7cd,USR-0187,2024-01-11 21:02:00,keystroke_dynamics,0.8515,DEV-0014,Manchester,1,success,144,False,
bec62bbe-4d7e-44b1-8001-8cbe54492845,USR-0107,2024-01-11 21:10:00,fingerprint,0.8207,DEV-0042,New York,1,success,140,False,
7bd50aeb-6791-41dd-8cc7-cda21f2f087d,USR-0143,2024-01-11 21:16:00,voice,0.7546,DEV-0049,New York,1,success,224,False,
9c07a751-1437-4509-acd1-586a2b840c67,USR-0012,2024-01-11 21:19:00,keystroke_dynamics,0.7372,DEV-0035,New York,1,success,150,False,
317046b9-3080-4a5d-a2a5-0eec881af04f,USR-0066,2024-01-11 21:36:00,keystroke_dynamics,0.8152,DEV-0030,London,1,success,167,False,
65bcc272-fadd-4ea3-aca5-e2fdb966442a,USR-0014,2024-01-11 21:45:00,face,0.8055,DEV-0023,London,1,success,194,False,
e581c1bc-6843-4e98-94d1-44d518ede297,USR-0131,2024-01-11 21:48:00,fingerprint,0.8107,DEV-0017,New York,1,success,107,False,
7394988f-847f-49b4-a64d-1bcb702753a1,USR-0002,2024-01-11 21:48:00,fingerprint,0.7792,DEV-0001,New York,1,success,189,False,
11df12d7-dd30-4e89-a2f2-35f2e11b868d,USR-0011,2024-01-11 21:49:00,face,0.8363,DEV-0039,London,1,success,128,False,
36e90637-e921-46db-8b72-d0efb2fdaa38,USR-0178,2024-01-11 21:49:00,face,0.8017,DEV-0050,New York,1,success,202,False,
1eb46d3b-d841-46ac-ab4f-9efbb4d1880b,USR-0152,2024-01-11 21:53:00,voice,0.8162,DEV-0033,Manchester,1,success,176,False,
b6bd6dbe-3a8e-46fd-be4c-410bd87534bf,USR-0192,2024-01-11 21:53:00,face,0.96,DEV-0011,London,1,success,196,False,
2e361846-b885-4367-b3c7-024de84543c7,USR-0122,2024-01-12 02:05:00,fingerprint,0.8292,DEV-0003,Manchester,1,success,117,True,off_hours
f97f4994-1f38-4f55-833a-c4d6d4085391,USR-0062,2024-01-12 07:04:00,voice,0.7989,DEV-0002,Manchester,1,success,91,False,
6c3912ef-b9fc-429f-8dcf-2615c62f3461,USR-0097,2024-01-12 07:08:00,keystroke_dynamics,0.756,DEV-0008,New York,1,success,177,False,
f5c9b047-9c10-4572-8f6b-40d09efba58b,USR-0009,2024-01-12 07:11:00,face,0.7355,DEV-0037,Manchester,1,success,148,False,
510588a9-694a-48b3-a693-2d9532a3a8fb,USR-0181,2024-01-12 07:14:00,keystroke_dynamics,0.8514,DEV-0006,Manchester,1,success,204,False,
c363f61f-9400-4191-91d0-6bcd195efd72,USR-0087,2024-01-12 07:18:00,face,0.8102,DEV-0038,Manchester,1,success,145,False,
b944e469-2ef6-4152-bbc2-ede622758233,USR-0151,2024-01-12 07:19:00,voice,0.832,DEV-0050,New York,1,success,177,False,
5b078b11-1896-4587-8e6b-bde0ed0d6017,USR-0119,2024-01-12 07:22:00,keystroke_dynamics,0.8052,DEV-0025,London,1,success,209,False,
31ab0158-2cf6-473b-9500-c14707743c94,USR-0072,2024-01-12 07:27:00,keystroke_dynamics,0.8639,DEV-0025,Manchester,1,success,201,False,
703c1286-b717-44cd-a002-91bb44e9f8fb,USR-0062,2024-01-12 07:33:00,face,0.766,DEV-0004,Manchester,1,success,141,False,
994316bb-d4d3-43a5-9e1f-1619467ba9e5,USR-0065,2024-01-12 07:34:00,face,0.8729,DEV-0022,Manchester,1,success,180,False,
4c23e844-3c47-42f3-81b4-fd44d29cf92a,USR-0092,2024-01-12 07:39:00,face,0.7711,DEV-0046,London,1,success,240,False,
0e5779ec-be1a-470f-ad83-a4c869f8d3e4,USR-0072,2024-01-12 07:39:00,keystroke_dynamics,0.6955,DEV-0022,Manchester,1,success,179,False,
7d883d25-fe54-4772-92fe-2d04640fac70,USR-0062,2024-01-12 07:48:00,face,0.766,DEV-0004,Singapore,1,success,141,True,geo_jump
7b142917-9274-46b6-82ff-975452917b6d,USR-0171,2024-01-12 07:52:00,voice,0.8734,DEV-0011,New York,1,success,196,False,
9a861a16-3dca-4d82-965e-b679bfc1e2f1,USR-0192,2024-01-12 08:07:00,voice,0.9005,DEV-0045,London,1,success,183,False,
8849066e-539d-4223-848d-276cacae8af8,USR-0169,2024-01-12 08:08:00,fingerprint,0.8074,DEV-0042,New York,1,success,204,False,
5a1baf0e-5911-46dc-9d3e-503a9645f0e4,USR-0035,2024-01-12 08:09:00,keystroke_dynamics,0.7647,DEV-0042,New York,1,success,139,False,
eb1bb47f-4726-4e7f-8c05-e009397bfdd7,USR-0103,2024-01-12 08:10:00,fingerprint,0.7771,DEV-0034,London,1,success,224,False,
585409d9-de22-4c3f-9136-6db15a578607,USR-0055,2024-01-12 08:13:00,voice,0.8603,DEV-0012,London,1,success,241,False,
fd8398c3-5821-49f8-aa45-2afdfb8a61eb,USR-0075,2024-01-12 08:39:00,voice,0.8651,DEV-0008,London,1,success,206,False,
0df81d2b-260c-437e-b05d-0ef70d9ff83d,USR-0093,2024-01-12 08:50:00,face,0.9059,DEV-0028,Manchester,1,success,169,False,
592cfe25-b858-4203-ba52-b3839aa5bf18,USR-0175,2024-01-12 08:50:00,keystroke_dynamics,0.7506,DEV-0011,London,1,success,135,False,
9736bb4f-f5c8-4e3c-aee3-1d4710ecf6ae,USR-0085,2024-01-12 08:55:00,face,0.7839,DEV-0019,London,1,success,226,False,
08e94548-9b16-4cb8-a7bd-1db7f7808afc,USR-0091,2024-01-12 09:01:00,voice,0.8513,DEV-0030,New York,1,success,233,False,
4bbb2e9a-8af5-4d42-8576-7c743ffb9577,USR-0149,2024-01-12 09:02:00,face,0.8246,DEV-0028,Manchester,1,success,222,False,
78ccd788-87c8-4346-8434-228151ec8f30,USR-0167,2024-01-12 09:05:00,keystroke_dynamics,0.7433,DEV-0001,Manchester,1,success,130,False,
e70d8d07-594d-40a9-b5f5-afea80d2157b,USR-0143,2024-01-12 09:17:00,voice,0.8269,DEV-0017,London,1,success,178,False,
65787d0c-1aec-4b70-ac0e-73077ddcaaf6,USR-0088,2024-01-12 09:25:00,face,0.7909,DEV-0046,London,1,success,178,False,
ac5d7133-6a2a-4cad-a8ca-5b2ecb8e2d61,USR-0134,2024-01-12 09:29:00,keystroke_dynamics,0.802,DEV-0040,Manchester,1,success,149,False,
68c4b51a-8166-456c-b04f-bce932dcea5b,USR-0157,2024-01-12 09:38:00,voice,0.7863,DEV-0048,London,1,success,169,False,
21351574-4adb-4f79-bf82-bf843e86cc14,USR-0147,2024-01-12 09:38:00,voice,0.8284,DEV-0018,London,1,success,189,False,
236dd176-da1c-46ae-8279-e2ab0bbf6334,USR-0051,2024-01-12 09:41:00,fingerprint,0.848,DEV-0036,London,1,success,233,False,
afedc6c3-6979-45ea-99de-fd207d3a8826,USR-0153,2024-01-12 09:46:00,voice,0.8542,DEV-0040,New York,1,success,182,False,
84d67c4f-f0df-4684-b28e-41225894f7f1,USR-0024,2024-01-12 09:47:00,voice,0.7703,DEV-0047,London,1,success,183,False,
2b1ac76c-89ec-4c51-98cb-aa5247f53019,USR-0036,2024-01-12 09:49:00,fingerprint,0.7836,DEV-0008,New York,1,success,248,False,
8338b815-cd9a-4a65-9de6-346755ec2b78,USR-0182,2024-01-12 10:00:00,face,0.8282,DEV-0048,New York,1,success,167,False,
f6febc0e-7ecd-4baf-a6f0-5fcffb16e5db,USR-0012,2024-01-12 10:01:00,voice,0.7933,DEV-0007,New York,1,success,238,False,
cff2b1c4-e53f-4644-b39e-4df25c0a1feb,USR-0034,2024-01-12 10:02:00,face,0.86,DEV-0034,New York,1,success,196,False,
f8f58a26-1924-4644-af52-7666b23909f4,USR-0045,2024-01-12 10:11:00,keystroke_dynamics,0.7775,DEV-0039,Manchester,1,success,151,False,
41e0cfaf-52ca-4ced-8526-8f0fc516e394,USR-0077,2024-01-12 10:12:00,fingerprint,0.7823,DEV-0024,Manchester,1,success,168,False,
3799a376-7e5b-4ac9-83c5-01fe269334ef,USR-0062,2024-01-12 10:12:00,face,0.8492,DEV-0005,Manchester,1,success,222,False,
6d658f44-6928-4f38-a469-db2c1e8343bf,USR-0168,2024-01-12 10:20:00,face,0.7836,DEV-0018,Manchester,1,success,142,False,
c362f40b-d309-4fc5-acfc-4fb4268c3b15,USR-0168,2024-01-12 10:26:00,face,0.7836,DEV-0018,Berlin,1,success,142,True,geo_jump
7d058c07-01b4-4dfc-b1f4-36eacc8abd69,USR-0152,2024-01-12 10:27:00,voice,0.9287,DEV-0037,Manchester,1,success,203,False,
7cea2045-c268-483e-a32f-2e63b7fddd71,USR-0012,2024-01-12 10:36:00,keystroke_dynamics,0.7817,DEV-0012,New York,1,success,158,False,
2ab8bd33-911f-430b-9bff-00b07fe670f3,USR-0039,2024-01-12 10:38:00,fingerprint,0.8849,DEV-0001,Manchester,1,success,127,False,
00937ba0-65a0-4e43-bd2d-ca8673020b26,USR-0039,2024-01-12 10:38:00,fingerprint,0.4142,DEV-0001,Manchester,10,success,127,True,rapid_retry
47fefddb-fbb9-4f21-b32a-322878359656,USR-0181,2024-01-12 10:38:00,fingerprint,0.7706,DEV-0026,Manchester,1,success,298,False,
aed0cbcf-c630-4536-b677-9a11e403999b,USR-0131,2024-01-12 10:40:00,voice,0.8228,DEV-0018,New York,1,success,207,False,
2ac09858-228c-4659-a4d0-72f80e8db9f5,USR-0197,2024-01-12 10:40:00,fingerprint,0.7988,DEV-0033,London,1,success,183,False,
ec1b8ca1-f91e-4d4c-9ff4-9b7889463e85,USR-0001,2024-01-12 10:42:00,voice,0.8192,DEV-0045,New York,1,success,137,False,
59ccc94a-bc1c-460d-bd9c-03c773deaa56,USR-0140,2024-01-12 10:45:00,fingerprint,0.7833,DEV-0017,Manchester,1,success,170,False,
b4323070-a23d-4c2f-82a7-96891933918c,USR-0012,2024-01-12 10:46:00,fingerprint,0.7869,DEV-0050,New York,1,success,205,False,
bab2b77d-fa74-4cc8-a43a-fb7ac40d4874,USR-0030,2024-01-12 10:47:00,voice,0.8361,DEV-0027,Manchester,1,success,166,False,
43b6c6ef-35c8-4133-bb8b-1581cba95e23,USR-0164,2024-01-12 10:51:00,fingerprint,0.8108,DEV-0046,Manchester,1,success,145,False,
7bae0f3b-4c96-4dc2-8a41-aed81e2c6d4b,USR-0122,2024-01-12 10:57:00,fingerprint,0.8292,DEV-0003,Manchester,1,success,117,False,
6d9c5b50-a1fd-4187-9c3a-1e0bb5f3f8aa,USR-0036,2024-01-12 10:57:00,voice,0.7728,DEV-0012,New York,1,success,124,False,
09f64405-0b99-4034-8a4e-255280051b10,USR-0025,2024-01-12 10:58:00,face,0.8276,DEV-0018,London,1,success,257,False,
7462f144-c49b-4e62-a5ba-4f0347656069,USR-0088,2024-01-12 11:10:00,fingerprint,0.767,DEV-0019,London,1,success,185,False,
0f1259e0-a18f-46b6-b535-106e122c9a56,USR-0002,2024-01-12 11:10:00,keystroke_dynamics,0.7615,DEV-0035,New York,1,success,211,False,
7b85179a-d5b0-47e0-aa5d-932b45ff2c83,USR-0011,2024-01-12 11:11:00,face,0.8536,DEV-0022,London,1,success,223,False,
907276ea-44c0-4a9a-964a-cb1f39eb038a,USR-0044,2024-01-12 11:21:00,face,0.839,DEV-0046,London,1,success,166,False,
c3a6b204-fc01-4a22-aed0-b0b27da56b6e,USR-0059,2024-01-12 11:23:00,voice,0.8437,DEV-0019,Manchester,1,success,190,False,
57423882-f34a-4949-b4ca-0ad7abe5be96,USR-0052,2024-01-12 11:28:00,fingerprint,0.7851,DEV-0014,Manchester,1,success,133,False,
84e3b774-569a-4ef0-9f86-5633ab7aeb66,USR-0051,2024-01-12 11:29:00,face,0.8892,DEV-0040,London,1,success,235,False,
52581086-eecc-4487-b95d-43d62b7f90a5,USR-0179,2024-01-12 11:45:00,keystroke_dynamics,0.8725,DEV-0027,New York,1,success,167,False,
88addab1-d765-4a18-a4d4-66ebbf74531c,USR-0053,2024-01-12 12:10:00,face,0.8917,DEV-0033,Manchester,1,success,215,False,
f5141058-3138-4975-bbf3-3a349c2dfa97,USR-0026,2024-01-12 12:10:00,fingerprint,0.8245,DEV-0046,New York,1,success,115,False,
b8f91075-a081-45d2-a608-92d6f84006f2,USR-0119,2024-01-12 12:12:00,voice,0.8748,DEV-0033,London,1,success,140,False,
d7ea8625-11c3-438b-b0c6-9b42df0ff647,USR-0179,2024-01-12 12:14:00,keystroke_dynamics,0.7688,DEV-0017,New York,1,success,258,False,
217bc29e-ec95-43e9-a1fa-246624f982ec,USR-0106,2024-01-12 12:20:00,keystroke_dynamics,0.8006,DEV-0009,Manchester,1,success,165,False,
f891b0c3-dd3f-487e-92bd-c6619fe0a8c7,USR-0019,2024-01-12 12:26:00,fingerprint,0.8147,DEV-0037,Manchester,1,success,283,False,
30260bb1-73f1-4f26-8950-2a6c0abe31af,USR-0106,2024-01-12 12:27:00,keystroke_dynamics,0.8006,DEV-0009,Lagos,1,success,165,True,geo_jump
2b7c5ee3-42a2-4950-adeb-5687949aca46,USR-0093,2024-01-12 12:32:00,fingerprint,0.8135,DEV-0040,Manchester,1,success,224,False,
ba5e4066-ce40-424a-a9ee-29f449e3eb48,USR-0085,2024-01-12 12:39:00,face,0.9204,DEV-0005,London,1,success,197,False,
9384ec2b-44fe-4cae-9248-a9a7ac1aa554,USR-0010,2024-01-12 12:46:00,face,0.8211,DEV-0016,New York,1,success,193,False,
a8761e85-bddf-403a-aa84-30f84f2da233,USR-0038,2024-01-12 12:46:00,keystroke_dynamics,0.7782,DEV-0018,Manchester,1,success,203,False,
0328a80d-9ba5-458b-8585-36b7cf6d2a9d,USR-0149,2024-01-12 12:48:00,face,0.837,DEV-0024,Manchester,1,success,175,False,
abd13f1a-3d20-4440-80cf-a44d1b7db566,USR-0196,2024-01-12 12:49:00,voice,0.7068,DEV-0010,Manchester,1,success,165,False,
2d8cc973-43c1-436c-9013-b7a3f4a29332,USR-0077,2024-01-12 12:53:00,keystroke_dynamics,0.702,DEV-0034,Manchester,1,success,179,False,
7570b0ac-5d42-40d5-80e7-ca767c8ad37a,USR-0140,2024-01-12 13:02:00,keystroke_dynamics,0.8359,DEV-0036,Manchester,1,success,182,False,
d8fbd542-43b7-4bf2-9604-153c522c5c44,USR-0149,2024-01-12 13:04:00,fingerprint,0.9112,DEV-0004,Manchester,1,success,184,False,
8aacb783-d48b-4d0d-be1e-70bc03c61e18,USR-0154,2024-01-12 13:04:00,voice,0.8138,DEV-0047,New York,1,success,234,False,
78660765-14f7-4e8d-95bc-b8d04094dded,USR-0008,2024-01-12 13:09:00,face,0.8501,DEV-0034,New York,1,success,140,False,
65a4c79b-2aba-44f9-b5e8-0364147f1f67,USR-0061,2024-01-12 13:11:00,fingerprint,0.7416,DEV-0008,London,1,success,116,False,
5987038a-fcd6-418e-ab54-500d4e089bb4,USR-0068,2024-01-12 13:24:00,face,0.7334,DEV-0031,London,1,success,160,False,
e7e646c7-0158-4463-9d87-76a072d78bdd,USR-0020,2024-01-12 13:29:00,face,0.8476,DEV-0023,London,1,success,152,False,
05cf079e-a095-4c4d-b3bd-2348854bc8fa,USR-0083,2024-01-12 13:29:00,keystroke_dynamics,0.7711,DEV-0027,New York,1,success,187,False,
49a5fd0d-e487-4ab3-aa79-4de7a7604977,USR-0085,2024-01-12 13:30:00,voice,0.8612,DEV-0015,London,1,success,93,False,
bd717da3-3581-4632-94f5-df7005d2d205,USR-0068,2024-01-12 13:31:00,voice,0.7835,DEV-0042,London,1,success,203,False,
8b991282-3075-49af-8e7d-765b634c25ea,USR-0085,2024-01-12 13:41:00,voice,0.8612,DEV-0015,Singapore,1,success,93,True,geo_jump
257035db-3fea-490a-a1f8-072dddb7570e,USR-0036,2024-01-12 13:55:00,face,0.8033,DEV-0030,New York,1,success,168,False,
6e89a7a8-b68d-4037-98fe-3fb8a1628abf,USR-0095,2024-01-12 13:55:00,keystroke_dynamics,0.8921,DEV-0042,London,1,success,180,False,
77391bee-46e0-4e7d-9158-71366e528655,USR-0168,2024-01-12 14:01:00,fingerprint,0.799,DEV-0019,Manchester,1,success,216,False,
ee25356a-aee0-4ec9-bf04-18a9f2765513,USR-0059,2024-01-12 14:06:00,face,0.794,DEV-0046,Manchester,1,success,211,False,
6c5a6c93-871c-4884-9bdf-90f2ba2c0f19,USR-0021,2024-01-12 14:06:00,keystroke_dynamics,0.7392,DEV-0047,Manchester,1,success,141,False,
05d86c95-f20b-4199-a8a5-7ee7bb6e0d06,USR-0163,2024-01-12 14:10:00,voice,0.8071,DEV-0050,Manchester,1,success,225,False,
52ce55e3-69df-45c7-a4a0-053f22a37556,USR-0070,2024-01-12 14:11:00,fingerprint,0.7858,DEV-0008,Manchester,1,success,175,False,
36903edb-9fb9-48e0-b76e-f3e63af33cc5,USR-0104,2024-01-12 14:12:00,fingerprint,0.7943,DEV-0026,New York,1,success,179,False,
8906a4e2-460c-4c89-8da4-0209cd698214,USR-0098,2024-01-12 14:16:00,fingerprint,0.4828,DEV-0030,London,1,success,263,True,low_score_bypass
b6f31d02-90ca-4ac3-94e3-552bfd2f1be9,USR-0098,2024-01-12 14:16:00,fingerprint,0.7359,DEV-0030,London,1,success,263,False,
7bc19e2f-a332-4e99-9efe-c6c530ad41bb,USR-0176,2024-01-12 14:26:00,fingerprint,0.3818,DEV-0028,London,1,success,136,True,low_score_bypass
2ed86804-57e2-4419-98e6-650123755bc8,USR-0176,2024-01-12 14:26:00,fingerprint,0.8979,DEV-0028,London,1,success,136,False,
2803feb5-dab6-473d-8fef-f87b79d54e9f,USR-0089,2024-01-12 14:33:00,face,0.892,DEV-0020,New York,1,success,178,False,
9aab1efb-0838-4528-a477-e25ae19383a9,USR-0130,2024-01-12 14:44:00,fingerprint,0.7389,DEV-0039,New York,1,success,167,False,
700ea842-f334-485d-b6ad-478c3e06f427,USR-0110,2024-01-12 14:49:00,face,0.8097,DEV-0029,Manchester,1,success,237,False,
72f60958-12ef-4101-a082-786fca00ef58,USR-0034,2024-01-12 15:00:00,face,0.9397,DEV-0040,New York,1,success,304,False,
e6a98352-de8c-4a13-9bdf-d4cea125151b,USR-0158,2024-01-12 15:09:00,keystroke_dynamics,0.7338,DEV-0035,New York,1,success,202,False,
266a8b90-ee28-42f4-8a76-a0ea0b6b9944,USR-0150,2024-01-12 15:11:00,fingerprint,0.788,DEV-0017,New York,1,success,147,False,
c1f31143-93ac-4eb8-8ab5-a7999e63638c,USR-0099,2024-01-12 15:14:00,face,0.8605,DEV-0024,New York,1,success,111,False,
e8c347d0-ab22-4d1d-9daa-c867df0fea06,USR-0156,2024-01-12 15:19:00,face,0.8053,DEV-0017,Manchester,1,success,119,False,
8a9cfc8d-5429-479b-9861-0b0ba280760f,USR-0162,2024-01-12 15:20:00,voice,0.7577,DEV-0036,New York,1,success,224,False,
c4376d89-5a4e-49f3-ad2e-4db89defc23f,USR-0089,2024-01-12 15:30:00,voice,0.7344,DEV-0007,New York,1,success,195,False,
502cf0ee-224a-46a6-ac0f-680115b24e1d,USR-0035,2024-01-12 15:35:00,keystroke_dynamics,0.9204,DEV-0017,New York,1,success,233,False,
f83b1806-ee4c-4b18-96a2-d49d9e5f8273,USR-0064,2024-01-12 15:44:00,keystroke_dynamics,0.8913,DEV-0046,New York,1,success,253,False,
63dba8c8-b4a2-4699-aefa-823b613a9ff9,USR-0076,2024-01-12 15:54:00,voice,0.778,DEV-0024,London,1,success,186,False,
ea18d32c-7a9a-4ef5-811b-d1c4ffe3f366,USR-0031,2024-01-12 16:01:00,face,0.7392,DEV-0031,Manchester,1,success,147,False,
3313f36c-8de5-4a88-aa93-716a22bca104,USR-0142,2024-01-12 16:03:00,keystroke_dynamics,0.7324,DEV-0032,Manchester,1,success,187,False,
fe08a540-ef7e-4940-b568-757413caaeb6,USR-0150,2024-01-12 16:06:00,keystroke_dynamics,0.7401,DEV-0007,New York,1,success,205,False,
393f8079-8e15-4734-a5e1-7dadd2f62f9d,USR-0150,2024-01-12 16:08:00,keystroke_dynamics,0.7401,DEV-0007,Singapore,1,success,205,True,geo_jump
3466b8f9-e1e3-4199-9f1f-05c37717a7cb,USR-0199,2024-01-12 16:14:00,keystroke_dynamics,0.8144,DEV-0039,Manchester,1,success,105,False,
ccf4ffb0-b4bb-473f-ac70-51d1d051267f,USR-0035,2024-01-12 16:17:00,keystroke_dynamics,0.7767,DEV-0049,New York,1,success,187,False,
1d48a071-ab61-47b1-b93b-4c3220500494,USR-0008,2024-01-12 16:19:00,keystroke_dynamics,0.8583,DEV-0045,New York,1,success,113,False,
e67093a0-fc48-4615-83b0-b35cdba6fdf8,USR-0036,2024-01-12 16:20:00,keystroke_dynamics,0.7968,DEV-0037,New York,1,success,178,False,
7dd0a74b-952e-453e-bac0-e784357650f9,USR-0188,2024-01-12 16:23:00,fingerprint,0.8111,DEV-0043,New York,1,success,144,False,
f37985df-fa59-407b-a0a7-ca57858117a1,USR-0131,2024-01-12 16:24:00,face,0.8113,DEV-0010,New York,1,success,193,False,
6359d5ce-e2aa-4dc7-b208-838e7d57ef69,USR-0094,2024-01-12 16:27:00,keystroke_dynamics,0.8421,DEV-0049,Manchester,1,success,184,False,
58f1a399-fbc7-4e98-b7ad-0afc5f429866,USR-0190,2024-01-12 16:31:00,voice,0.7181,DEV-0029,London,1,success,211,False,
76e5ae78-7bf7-41d3-aa66-2fce7089fc6d,USR-0024,2024-01-12 16:31:00,face,0.7932,DEV-0047,London,1,success,231,False,
22460ac9-4a7e-4bc2-9b6f-1c33bbb4c0ce,USR-0055,2024-01-12 16:43:00,keystroke_dynamics,0.7094,DEV-0006,London,1,success,144,False,
f398d16e-18b9-40a2-a364-42e58abe5779,USR-0192,2024-01-12 16:47:00,fingerprint,0.8827,DEV-0007,London,1,success,317,False,
894539ec-8850-4e9d-be1b-203488a5316f,USR-0129,2024-01-12 16:50:00,voice,0.8367,DEV-0009,Manchester,1,success,146,False,
73bb84e5-33f7-4722-a517-28b23832dfc1,USR-0106,2024-01-12 16:58:00,voice,0.772,DEV-0038,Manchester,1,success,160,False,
b96c2da0-19a8-4c19-a70a-858cf86b2e95,USR-0128,2024-01-12 17:03:00,voice,0.8783,DEV-0020,Manchester,1,success,128,False,
86cc556b-f0bb-4e32-814f-a9be05209457,USR-0154,2024-01-12 17:03:00,keystroke_dynamics,0.8858,DEV-0016,New York,1,success,133,False,
a5b09024-a12a-4119-86fb-bcdb7ecd7062,USR-0094,2024-01-12 17:06:00,voice,0.7147,DEV-0033,Manchester,1,success,152,False,
d147a0bf-2d7f-4e23-a29f-f19c29b50942,USR-0128,2024-01-12 17:21:00,fingerprint,0.8571,DEV-0024,Manchester,1,success,164,False,
960be0f4-9513-4c22-9583-9b99a50a13dc,USR-0041,2024-01-12 17:22:00,voice,0.9138,DEV-0041,Manchester,1,success,169,False,
e88081f9-cd6b-4aa0-8e9f-bfeb9a87e44d,USR-0161,2024-01-12 17:39:00,voice,0.8065,DEV-0026,Manchester,1,success,223,False,
bb23e712-bfd9-4996-ae5b-6379213fa67b,USR-0018,2024-01-12 17:42:00,keystroke_dynamics,0.3663,DEV-0034,New York,1,success,234,True,low_score_bypass
6fcc57dd-168f-4e12-9ca2-60c9eb7607c9,USR-0018,2024-01-12 17:42:00,keystroke_dynamics,0.8334,DEV-0034,New York,1,success,234,False,
acffa99f-f005-4f9a-a6a2-c94556f11afb,USR-0104,2024-01-12 17:44:00,fingerprint,0.7744,DEV-0014,New York,1,success,206,False,
b01c9191-e81b-40ff-9a41-a15f4e29b9da,USR-0139,2024-01-12 17:44:00,keystroke_dynamics,0.6519,DEV-0010,Manchester,1,success,197,False,
92a97acd-3d88-4938-aad6-5b8c3a38b844,USR-0069,2024-01-12 17:56:00,voice,0.7543,DEV-0021,Manchester,1,success,52,False,
5d678bb1-945e-42e4-888a-93ec70d9c9f8,USR-0013,2024-01-12 18:04:00,voice,0.7865,DEV-0020,Manchester,1,success,195,False,
585d3f86-1d23-44e6-8329-20b7c143f426,USR-0017,2024-01-12 18:04:00,fingerprint,0.8789,DEV-0005,London,1,success,167,False,
c4767556-f97b-42dd-8f9b-72aed85c16bd,USR-0017,2024-01-12 18:15:00,fingerprint,0.8863,DEV-0043,London,1,success,227,False,
1ac7ea5b-b387-411d-9286-f97708aa6127,USR-0158,2024-01-12 18:18:00,fingerprint,0.8155,DEV-0046,New York,1,success,193,False,
acef45c4-de37-40fb-9db9-4eee1a3c2131,USR-0053,2024-01-12 18:18:00,fingerprint,0.8126,DEV-0006,Manchester,1,success,198,False,
195c663b-9b82-4430-8563-cafe8d31df34,USR-0122,2024-01-12 18:21:00,voice,0.8274,DEV-0022,Manchester,1,success,121,False,
4b7a123e-338a-4a2d-be1c-fa1495d16384,USR-0095,2024-01-12 18:32:00,keystroke_dynamics,0.7542,DEV-0031,London,1,success,212,False,
dfedf5fa-174d-45c0-ad60-18d977019d44,USR-0071,2024-01-12 18:36:00,voice,0.4705,DEV-0036,London,13,success,182,True,rapid_retry
fab6ad91-bacf-4cfc-9245-1cc41bfb3b3d,USR-0071,2024-01-12 18:36:00,voice,0.8067,DEV-0036,London,1,success,182,False,
93d563ae-51a3-4c26-937b-f79bbb44badc,USR-0030,2024-01-12 18:41:00,fingerprint,0.8411,DEV-0025,Manchester,1,success,222,False,
9c89d374-c664-45a7-8077-3e33690e7e62,USR-0026,2024-01-12 18:42:00,keystroke_dynamics,0.8242,DEV-0038,New York,1,success,226,False,
fae91634-3bf8-4406-b89d-2267b7c25d94,USR-0101,2024-01-12 18:44:00,face,0.8402,DEV-0030,New York,1,success,150,False,
ab6ef8dd-5a66-4316-a641-4954c798a445,USR-0058,2024-01-12 18:48:00,keystroke_dynamics,0.8162,DEV-0024,New York,1,success,189,False,
02d3fb7e-84be-4e1c-9e5f-feaa0eb54078,USR-0108,2024-01-12 18:51:00,keystroke_dynamics,0.8779,DEV-0024,New York,1,success,208,False,
5cce495d-b037-4c52-b2ad-ffa6af793d4a,USR-0085,2024-01-12 18:52:00,face,0.9507,DEV-0003,London,1,success,187,False,
bd9277a4-1d2a-4042-842a-2f6480e1be4d,USR-0095,2024-01-12 18:55:00,face,0.9061,DEV-0012,London,1,success,191,False,
c632554b-99e0-4598-bce1-2a250804ccea,USR-0132,2024-01-12 19:00:00,keystroke_dynamics,0.9119,DEV-0035,New York,1,success,196,False,
21d67c73-0b32-4c23-af47-0a44a4fcc79c,USR-0128,2024-01-12 19:01:00,face,0.7975,DEV-0009,Manchester,1,success,242,False,
e4aa786d-9d17-4218-bc3b-0de5981262ac,USR-0044,2024-01-12 19:02:00,face,0.7288,DEV-0006,London,1,success,66,False,
eba332b1-f36c-4c45-a942-b4d7bd2dffff,USR-0122,2024-01-12 19:05:00,voice,0.7669,DEV-0012,Manchester,1,success,155,False,
0cf2b69b-0577-4ea9-b899-924698de8ebb,USR-0015,2024-01-12 19:09:00,face,0.9445,DEV-0039,London,1,success,152,False,
366eb16f-508e-4ad7-b7c9-3acfe059a0ee,USR-0001,2024-01-12 19:10:00,fingerprint,0.8179,DEV-0039,New York,1,success,242,False,
c6ac1b04-dd1d-4cd1-811f-6bf5379ef467,USR-0030,2024-01-12 19:12:00,face,0.7815,DEV-0026,Manchester,1,success,197,False,
a9fe494e-304c-4b39-b6ab-eff0cd1d19da,USR-0194,2024-01-12 19:15:00,fingerprint,0.8185,DEV-0040,Manchester,1,success,196,False,
ebf3ef99-39d3-4f2b-896e-c0c9a7c5f960,USR-0128,2024-01-12 19:18:00,fingerprint,0.844,DEV-0012,Manchester,1,success,99,False,
1f44aa88-855b-4c5b-8cb1-457eeffad15b,USR-0063,2024-01-12 19:23:00,face,0.8904,DEV-0034,London,1,success,169,False,
70a32883-cc58-4872-a2fb-a345a84ca488,USR-0093,2024-01-12 19:30:00,voice,0.9157,DEV-0035,Manchester,1,success,184,False,
c1ff9427-9477-49d7-9265-80c067dfc9af,USR-0107,2024-01-12 19:32:00,keystroke_dynamics,0.8783,DEV-0027,Manchester,1,success,214,False,
281f45ff-53bd-4b05-9308-9f8bba345e82,USR-0152,2024-01-12 19:45:00,fingerprint,0.7558,DEV-0018,Manchester,1,success,158,False,
0e77b689-3d40-4ee0-ba36-a26d42c0d1c2,USR-0187,2024-01-12 19:49:00,keystroke_dynamics,0.7431,DEV-0049,New York,1,success,177,False,
4679fe6e-9177-4972-8207-291eb3167953,USR-0164,2024-01-12 19:56:00,fingerprint,0.828,DEV-0007,Manchester,1,success,207,False,
a793eb81-1d4c-4eb7-bb90-6c080cb140ed,USR-0149,2024-01-12 20:00:00,fingerprint,0.7698,DEV-0032,Manchester,1,success,169,False,
75f8e3a8-7d97-4c0f-bd56-09c4a4461663,USR-0031,2024-01-12 20:03:00,face,0.8573,DEV-0030,Manchester,1,success,134,False,
fe4cefed-6f55-4c9e-9b00-0f9f16e500e5,USR-0117,2024-01-12 20:15:00,face,0.8461,DEV-0002,New York,1,success,186,False,
ee265c95-90f1-47ee-960a-5654b2403468,USR-0157,2024-01-12 20:18:00,face,0.7702,DEV-0010,London,1,success,203,False,
2ae2c9d1-365d-495b-a707-9421cfd2be23,USR-0076,2024-01-12 20:18:00,keystroke_dynamics,0.4941,DEV-0027,London,1,success,119,True,low_score_bypass
cccf4d37-0714-4da9-8e67-4f72627f34eb,USR-0177,2024-01-12 20:18:00,voice,0.7684,DEV-0048,Manchester,1,success,177,False,
f2c0a0cf-bf03-48c2-b9ec-958b4d266574,USR-0076,2024-01-12 20:18:00,keystroke_dynamics,0.9011,DEV-0027,London,1,success,119,False,
5f90bed6-fb25-464d-a30a-a767a2bb522b,USR-0021,2024-01-12 20:29:00,face,0.9434,DEV-0044,Manchester,1,success,135,False,
f1aab637-72ab-47ff-88b8-547b638b66ac,USR-0177,2024-01-12 20:33:00,fingerprint,0.8103,DEV-0004,Manchester,1,success,132,False,
0b6d35d7-818d-42af-b516-567d40b55023,USR-0110,2024-01-12 20:39:00,keystroke_dynamics,0.7806,DEV-0036,Manchester,1,success,219,False,
9549c931-e9af-499d-bf67-1eec3da70577,USR-0012,2024-01-12 20:49:00,fingerprint,0.7889,DEV-0042,New York,1,success,188,False,
4496a883-4a7a-477b-876a-16e73c1fc9aa,USR-0153,2024-01-12 20:57:00,face,0.8055,DEV-0016,New York,1,success,218,False,
cbbd3732-42a1-4429-9b05-0a6c235d2722,USR-0151,2024-01-12 20:59:00,face,0.7848,DEV-0045,New York,1,success,149,False,
ed5f24c3-7fb9-4e49-8222-3c10f82f2dc3,USR-0141,2024-01-12 21:17:00,voice,0.9718,DEV-0032,Manchester,1,success,170,False,
286ed390-edd9-4a1a-ba58-5b278ce3e7c3,USR-0027,2024-01-12 21:24:00,voice,0.7251,DEV-0012,London,1,success,215,False,
52965cf3-8b30-4b4c-aac9-6b60c0ac430a,USR-0085,2024-01-12 21:26:00,keystroke_dynamics,0.8165,DEV-0018,London,1,success,197,False,
e1ad640c-7463-435e-aafb-9f20783c91eb,USR-0055,2024-01-12 21:27:00,voice,0.7351,DEV-0017,London,1,success,188,False,
409e7a80-86c5-41d6-9ea9-f50831227592,USR-0032,2024-01-12 21:43:00,face,0.7988,DEV-0046,New York,1,success,157,False,
833bde78-61c5-4cc8-99e3-2dbee1cd2b70,USR-0162,2024-01-12 21:44:00,fingerprint,0.8607,DEV-0004,New York,1,success,105,False,
5532a5c2-233c-490a-a280-70d140d1bc31,USR-0190,2024-01-12 21:45:00,voice,0.7657,DEV-0042,London,1,success,147,False,
9594eea8-4381-4e47-9f3c-5c8a651076d6,USR-0098,2024-01-12 21:53:00,voice,0.8179,DEV-0040,London,1,success,145,False,
dd43b0cf-54d0-4314-b0ca-b2497b417aed,USR-0142,2024-01-12 21:54:00,voice,0.7261,DEV-0035,Manchester,1,success,155,False,
db9a0eb7-b48c-431b-8eeb-87ffc064f074,USR-0072,2024-01-12 21:55:00,face,0.8188,DEV-0008,Manchester,1,success,191,False,
612a9cc6-cfff-4d34-8aa8-1f139cdd39a7,USR-0137,2024-01-12 21:57:00,keystroke_dynamics,0.794,DEV-0032,New York,1,success,195,False,
c33a8761-618f-478a-a66b-4b6db9ec28ff,USR-0150,2024-01-12 21:58:00,fingerprint,0.7913,DEV-0034,New York,1,success,200,False,
9c8aa872-0214-4a68-952d-986c16db8a18,USR-0075,2024-01-12 21:59:00,fingerprint,0.8783,DEV-0003,London,1,success,179,False,
00c85e9a-408a-4d2f-8c86-e6b66ffcc6e5,USR-0182,2024-01-13 02:57:00,voice,0.8501,DEV-0002,New York,1,success,115,True,off_hours
9af20d53-a5f9-4430-8147-a2026b93cfe0,USR-0121,2024-01-13 03:25:00,face,0.8252,DEV-0045,New York,1,success,179,True,off_hours
4a9ab305-222b-462a-885e-05182d756dd3,USR-0016,2024-01-13 03:25:00,keystroke_dynamics,0.9086,DEV-0035,New York,1,success,235,True,off_hours
f543c14d-5095-4881-a88d-37de6c1f0650,USR-0075,2024-01-13 03:28:00,face,0.8896,DEV-0047,London,1,success,159,True,off_hours
0fb83639-289a-480f-b6ad-57f16eec50cb,USR-0184,2024-01-13 03:30:00,face,0.8469,DEV-0017,London,1,success,249,True,off_hours
3876fdaa-7af8-4c9f-a913-cb7645071807,USR-0133,2024-01-13 03:40:00,fingerprint,0.7595,DEV-0044,New York,1,success,118,True,off_hours
e6233aa1-9778-4819-ae9a-fb6be6a24a40,USR-0131,2024-01-13 04:24:00,keystroke_dynamics,0.8494,DEV-0043,New York,1,success,132,True,off_hours
56685b02-7387-4896-83d0-81781d05ddbf,USR-0145,2024-01-13 04:54:00,voice,0.8081,DEV-0006,London,1,success,232,True,off_hours
0bb9c606-5320-46af-beb0-b8d1e3e7e32d,USR-0171,2024-01-13 04:57:00,voice,0.7892,DEV-0005,New York,1,success,162,True,off_hours
6070b244-c5c0-4d05-ad37-ba8ce7c8f28d,USR-0192,2024-01-13 07:03:00,face,0.7847,DEV-0013,London,1,success,216,False,
5256f928-bea8-4e9f-a911-fd6d0d586ee2,USR-0124,2024-01-13 07:04:00,fingerprint,0.9752,DEV-0016,London,1,success,196,False,
0b6c03c8-721e-4419-afc3-e6495e911b91,USR-0044,2024-01-13 07:05:00,keystroke_dynamics,0.7867,DEV-0026,London,1,success,188,False,
534bfa86-7681-4ad7-9898-6758979800c3,USR-0075,2024-01-13 07:07:00,fingerprint,0.8264,DEV-0049,London,1,success,136,False,
441dde33-0fa1-459f-826f-05f619cea0c3,USR-0116,2024-01-13 07:12:00,voice,0.7974,DEV-0026,London,1,success,233,False,
42f76d43-b818-4f1c-98a3-2011f1624df9,USR-0183,2024-01-13 07:21:00,fingerprint,0.8014,DEV-0026,London,1,success,173,False,
8ffe38c9-d2d8-4eb3-9a14-0609f287b989,USR-0096,2024-01-13 07:26:00,voice,0.739,DEV-0042,New York,1,success,161,False,
dde4f5c1-532c-4c01-b017-c5337d6ce5c3,USR-0069,2024-01-13 07:34:00,keystroke_dynamics,0.7863,DEV-0021,Manchester,1,success,199,False,
2dd10250-f713-47f8-8522-11a8f1c1d53b,USR-0069,2024-01-13 07:34:00,keystroke_dynamics,0.3906,DEV-0021,Manchester,1,success,199,True,low_score_bypass
380cc838-2c94-4f5a-88ba-d5fb32a4a8a4,USR-0104,2024-01-13 07:36:00,fingerprint,0.9259,DEV-0025,Manchester,1,success,291,False,
cd14eacb-7da8-4631-8c6d-8ddd1edfc59e,USR-0094,2024-01-13 07:42:00,fingerprint,0.8719,DEV-0041,Manchester,1,success,71,False,
1b552618-e57e-42d3-a3dd-e733b225574e,USR-0078,2024-01-13 07:47:00,face,0.8652,DEV-0030,Manchester,1,success,155,False,
12b99a50-8cb6-41f0-a509-6396761579e7,USR-0054,2024-01-13 07:58:00,keystroke_dynamics,0.8173,DEV-0017,New York,1,success,187,False,
dff47c51-5ed1-4e7f-abb1-f2bc85a4b0cb,USR-0057,2024-01-13 08:00:00,face,0.7907,DEV-0042,Manchester,1,success,205,False,
73131038-b2df-4075-9b8f-abe952377d88,USR-0144,2024-01-13 08:00:00,fingerprint,0.7582,DEV-0019,London,1,success,189,False,
40b1fb20-d9eb-4495-9d7e-cb5f2b4786c5,USR-0182,2024-01-13 08:06:00,voice,0.8822,DEV-0035,New York,1,success,214,False,
81145252-c4c3-4368-bbc5-1a50787cb0d3,USR-0081,2024-01-13 08:14:00,voice,0.8534,DEV-0032,Manchester,1,success,103,False,
ae3acdf2-eac9-41cc-9ea3-93eadb646a33,USR-0131,2024-01-13 08:14:00,keystroke_dynamics,0.8139,DEV-0016,New York,1,success,181,False,
59fcfaeb-7229-44a9-af7c-e6091a99aae0,USR-0077,2024-01-13 08:19:00,keystroke_dynamics,0.8778,DEV-0027,Manchester,1,success,179,False,
f3025d16-1eca-4ae9-a5bf-213d9eca381b,USR-0045,2024-01-13 08:21:00,face,0.8166,DEV-0045,Manchester,1,success,228,False,
36308a60-1e41-42bb-a7cf-5ce00af5e4a9,USR-0078,2024-01-13 08:31:00,fingerprint,0.7981,DEV-0027,Manchester,1,success,113,False,
98550b1e-d588-4c1c-a5db-5946a091e5b4,USR-0045,2024-01-13 08:38:00,fingerprint,0.8122,DEV-0044,Manchester,1,success,203,False,
ffa623d0-ea9e-4c8d-b1a8-b71f491b90e9,USR-0023,2024-01-13 08:46:00,fingerprint,0.8285,DEV-0007,Manchester,1,success,109,False,
b63fa809-ee4d-4dec-bd47-288513f0e33f,USR-0075,2024-01-13 08:46:00,face,0.8896,DEV-0047,London,1,success,159,False,
c7706e6d-1fc7-45eb-88b1-2a442dc149dd,USR-0197,2024-01-13 08:46:00,fingerprint,0.9135,DEV-0025,London,1,success,92,False,
6cacf6d9-c8bc-4c88-be60-0c12da8746db,USR-0182,2024-01-13 08:47:00,voice,0.8501,DEV-0002,New York,1,success,115,False,
1e26ed31-d9e9-4758-b6b9-04364b46ef33,USR-0048,2024-01-13 08:50:00,voice,0.8002,DEV-0032,Manchester,1,success,171,False,
6c35e33c-70fe-45a1-b880-adc62af2b718,USR-0113,2024-01-13 08:52:00,keystroke_dynamics,0.8285,DEV-0008,Manchester,1,success,199,False,
5714fc0b-b744-4158-a550-e249436c3827,USR-0174,2024-01-13 08:57:00,face,0.9206,DEV-0045,London,1,success,209,False,
a2e25753-56ff-4b3e-b80c-fd3dba6a741c,USR-0153,2024-01-13 08:58:00,fingerprint,0.9125,DEV-0036,New York,1,success,233,False,
a65f7b8a-dbb4-4021-bdde-64afa75b395a,USR-0032,2024-01-13 09:03:00,fingerprint,0.7239,DEV-0013,New York,1,success,146,False,
dabac50d-ca3d-4859-85ce-099c46b82659,USR-0011,2024-01-13 09:10:00,face,0.7551,DEV-0045,London,1,success,222,False,
59bdfac9-0d99-4ab9-9fc0-ccce4ba08508,USR-0199,2024-01-13 09:11:00,voice,0.6773,DEV-0025,Manchester,1,success,208,False,
d61968aa-7fb8-46b2-8573-3d101d3ebe5b,USR-0148,2024-01-13 09:13:00,face,0.9043,DEV-0047,New York,1,success,188,False,
55f8bbb8-c3dc-4b92-b95c-a96d85ee751c,USR-0133,2024-01-13 09:16:00,fingerprint,0.7595,DEV-0044,New York,1,success,118,False,
c4b27b21-bc0d-46ed-bb12-2ee53d305a07,USR-0104,2024-01-13 09:18:00,fingerprint,0.7519,DEV-0015,Manchester,1,success,221,False,
76fab828-0c6d-4a71-af54-d2b9747a2ecd,USR-0161,2024-01-13 09:29:00,fingerprint,0.7127,DEV-0026,Manchester,1,success,220,False,
9cac3d21-a5a8-48af-8efb-d22aec511744,USR-0092,2024-01-13 09:34:00,face,0.8063,DEV-0045,New York,1,success,123,False,
37c6bc5d-1a38-4e8e-a9bc-4734e92966be,USR-0086,2024-01-13 09:42:00,keystroke_dynamics,0.8843,DEV-0035,London,1,success,119,False,
ab310bfe-f5dd-4f92-a9ea-a9ffbddf2416,USR-0076,2024-01-13 09:47:00,face,0.8084,DEV-0026,London,1,success,201,False,
fc75de3d-d473-43b5-852a-2da70e00583d,USR-0142,2024-01-13 09:48:00,voice,0.7534,DEV-0040,Manchester,1,success,192,False,
33f92a87-8372-4123-9ed7-a652de2bfe58,USR-0138,2024-01-13 09:52:00,keystroke_dynamics,0.867,DEV-0017,London,1,success,157,False,
4c1d2e43-0c2b-43e4-83e1-346d49902258,USR-0090,2024-01-13 09:52:00,voice,0.7474,DEV-0006,London,1,success,182,False,
20514111-7fee-46c1-9ba1-17ce80ce9afc,USR-0198,2024-01-13 10:02:00,voice,0.7826,DEV-0002,Manchester,1,success,137,False,
772d416d-da05-42fc-9c71-a82122f1c32b,USR-0080,2024-01-13 10:04:00,voice,0.8953,DEV-0028,London,1,success,160,False,
23cce3bb-bfcd-4af7-823d-d884ca5fccf2,USR-0198,2024-01-13 10:08:00,voice,0.8369,DEV-0049,Manchester,1,success,195,False,
cd65e328-19fb-4ed2-8da1-2b024a2c7830,USR-0181,2024-01-13 10:16:00,fingerprint,0.8142,DEV-0039,Manchester,1,success,244,False,
61af0e8e-d137-47e1-8005-353dd76f1e65,USR-0062,2024-01-13 10:25:00,face,0.8357,DEV-0001,Manchester,1,success,102,False,
07f8d4f0-f3ea-4184-a8f4-e3ceadedda80,USR-0022,2024-01-13 10:27:00,face,0.8667,DEV-0032,London,1,success,157,False,
d36ec1bd-000b-4f5e-8c91-bd138ea02346,USR-0052,2024-01-13 10:31:00,voice,0.7723,DEV-0039,Manchester,1,success,196,False,
0528d309-6a56-487d-bb8e-37e2c32bba73,USR-0154,2024-01-13 10:36:00,keystroke_dynamics,0.8364,DEV-0043,New York,1,success,169,False,
1f0733df-7b68-4323-87a2-ee6fd166eb08,USR-0078,2024-01-13 10:39:00,keystroke_dynamics,0.8299,DEV-0004,Manchester,1,success,124,False,
244220c6-4b0c-400c-a626-c97d73fe6a93,USR-0197,2024-01-13 10:48:00,voice,0.7878,DEV-0032,London,1,success,120,False,
e6defc16-ea6d-4cb6-a245-65d450026d68,USR-0185,2024-01-13 10:51:00,voice,0.8631,DEV-0041,London,1,success,188,False,
334dd7aa-25c1-4899-a89a-92c5003742ae,USR-0159,2024-01-13 10:55:00,fingerprint,0.7751,DEV-0001,London,1,success,191,False,
996e782f-9aee-43e9-aea3-98c6ec677b25,USR-0194,2024-01-13 10:58:00,face,0.8964,DEV-0039,Manchester,1,success,177,False,
afb28b3d-38ec-4b4d-b69f-5eabb9ff2c29,USR-0048,2024-01-13 11:09:00,voice,0.8057,DEV-0026,Manchester,1,success,181,False,
0fb49d98-7aac-4a0a-ad13-4ea8560fc071,USR-0124,2024-01-13 11:10:00,keystroke_dynamics,0.9073,DEV-0015,London,1,success,114,False,
680bac63-b856-4035-bdc9-829015eabb27,USR-0008,2024-01-13 11:12:00,fingerprint,0.8654,DEV-0030,New York,1,success,143,False,
23d86a4f-c2e6-4c05-8926-8f85982c7129,USR-0164,2024-01-13 11:15:00,keystroke_dynamics,0.7722,DEV-0044,Manchester,1,success,161,False,
93c09687-29e7-4176-a796-17c47520d99e,USR-0119,2024-01-13 11:23:00,fingerprint,0.8574,DEV-0021,London,1,success,205,False,
471b0cc7-e233-4597-b129-ed2f25ec77e4,USR-0126,2024-01-13 11:24:00,keystroke_dynamics,0.8179,DEV-0006,New York,1,success,216,False,
e4855aa1-016b-4287-b008-05cca7f36ae9,USR-0006,2024-01-13 11:32:00,keystroke_dynamics,0.7621,DEV-0029,New York,1,success,207,False,
2f8c83e5-6e8d-4644-a01b-fbcbf0eebcce,USR-0033,2024-01-13 11:34:00,voice,0.909,DEV-0002,Manchester,1,success,194,False,
de2e7abc-1f1d-4ed9-8a33-3eef481e67f3,USR-0161,2024-01-13 11:35:00,fingerprint,0.8963,DEV-0002,Manchester,1,success,166,False,
761c7a2b-5263-48e0-bc59-69c6a6ea0997,USR-0154,2024-01-13 11:36:00,keystroke_dynamics,0.8919,DEV-0038,New York,1,success,168,False,
f90fb6e4-e150-42f3-9195-8000c3f38c8c,USR-0069,2024-01-13 11:38:00,face,0.7757,DEV-0046,Manchester,1,success,206,False,
12767d13-f093-4776-9116-d014a5850828,USR-0054,2024-01-13 11:39:00,keystroke_dynamics,0.7848,DEV-0043,New York,1,success,193,False,
9280c5aa-8dd4-495b-9c63-b6f306ba8cd3,USR-0023,2024-01-13 11:41:00,fingerprint,0.8748,DEV-0016,Manchester,1,success,147,False,
651c21fd-efda-449e-8c67-43e15f9209ec,USR-0191,2024-01-13 11:42:00,face,0.83,DEV-0013,London,1,success,238,False,
7b92a41d-bb19-40fe-85cb-fedd5268c879,USR-0138,2024-01-13 11:48:00,fingerprint,0.6765,DEV-0032,London,1,success,139,False,
7a5653b3-4354-47e1-8eaf-b35b5f91b1af,USR-0193,2024-01-13 11:49:00,voice,0.8746,DEV-0040,Manchester,1,success,217,False,
2d675be3-3fbe-4756-98f0-2d4124074330,USR-0170,2024-01-13 11:55:00,fingerprint,0.7692,DEV-0023,London,1,success,249,False,
99d75477-5f8b-40f7-b92e-efe040a8bd6b,USR-0158,2024-01-13 11:55:00,keystroke_dynamics,0.7956,DEV-0048,New York,1,success,254,False,
07298d47-7c65-4dc9-8b42-5bba4da273ed,USR-0098,2024-01-13 11:56:00,fingerprint,0.8207,DEV-0016,London,1,success,176,False,
de72d970-10c4-4f9e-b020-321be90f4137,USR-0089,2024-01-13 11:58:00,fingerprint,0.8522,DEV-0018,New York,1,success,205,False,
ce88cb2d-d4e8-4839-bc3e-058be0f3eab0,USR-0002,2024-01-13 11:59:00,keystroke_dynamics,0.826,DEV-0019,New York,1,success,159,False,
a7939a2e-34f4-4404-8ff5-070182226c16,USR-0052,2024-01-13 12:00:00,voice,0.7621,DEV-0023,Manchester,1,success,245,False,
a5135ea0-fa53-434d-a6d5-901d8b621d41,USR-0015,2024-01-13 12:02:00,keystroke_dynamics,0.8236,DEV-0004,London,1,success,154,False,
da3465d9-89cd-40e7-825a-2dd465333140,USR-0118,2024-01-13 12:03:00,face,0.7897,DEV-0006,Manchester,1,success,119,False,
067ab1d7-7059-4387-b89f-52d2a8737d14,USR-0179,2024-01-13 12:08:00,voice,0.7822,DEV-0003,New York,1,success,122,False,
5eb63bc5-e2f1-4e16-95c3-3faefce176a1,USR-0181,2024-01-13 12:10:00,voice,0.9206,DEV-0006,Manchester,1,success,202,False,
ba2c98ce-0b19-488e-9d77-a45ef206c269,USR-0016,2024-01-13 12:11:00,keystroke_dynamics,0.9086,DEV-0035,New York,1,success,235,False,
1ec80917-af74-4001-8023-539bc9f99d37,USR-0156,2024-01-13 12:11:00,keystroke_dynamics,0.8395,DEV-0049,Manchester,1,success,223,False,
a1001bc8-9758-425f-9ad8-e2dafe17ddb3,USR-0123,2024-01-13 12:12:00,face,0.8113,DEV-0032,London,1,success,196,False,
123c6a29-969b-4b4b-bcce-3ef8a41bc4c2,USR-0113,2024-01-13 12:13:00,voice,0.7787,DEV-0028,Manchester,1,success,198,False,
f6d20b48-7477-4444-8a17-c5acccdf1d3e,USR-0156,2024-01-13 12:15:00,keystroke_dynamics,0.8395,DEV-0049,Singapore,1,success,223,True,geo_jump
b2a6e468-d02b-4243-8091-3ac10463750e,USR-0032,2024-01-13 12:18:00,keystroke_dynamics,0.7492,DEV-0009,New York,1,success,224,False,
600fc79c-fbce-4087-96d2-b14d07faf6f7,USR-0072,2024-01-13 12:19:00,voice,0.8017,DEV-0028,Manchester,1,success,221,False,
8e301bcc-302f-4247-a39a-046d79912c51,USR-0075,2024-01-13 12:20:00,keystroke_dynamics,0.8855,DEV-0028,London,1,success,158,False,
e05b46c5-5636-4094-a974-31db09a9d1c1,USR-0019,2024-01-13 12:23:00,fingerprint,0.8158,DEV-0006,Manchester,1,success,199,False,
f56febb1-484b-424b-806e-10295b4d5bbf,USR-0131,2024-01-13 12:26:00,fingerprint,0.8065,DEV-0014,New York,1,success,246,False,
e3ea2d7f-c219-4845-99eb-404c1851d1cf,USR-0051,2024-01-13 12:29:00,fingerprint,0.8467,DEV-0024,London,1,success,224,False,
e0d6e969-478a-443a-bfb2-bfe18e7569bc,USR-0101,2024-01-13 12:39:00,keystroke_dynamics,0.847,DEV-0041,New York,1,success,175,False,
217d65a0-c568-41cd-9563-f61600e85ece,USR-0005,2024-01-13 12:42:00,keystroke_dynamics,0.8075,DEV-0047,London,1,success,160,False,
1b1f2eb1-6e32-45a8-8bd5-cc86f73936e9,USR-0035,2024-01-13 12:52:00,voice,0.8617,DEV-0032,New York,1,success,213,False,
9055e085-5f23-4322-a3b9-3a349d7739b2,USR-0155,2024-01-13 12:59:00,voice,0.769,DEV-0027,New York,1,success,238,False,
d1cbc092-9383-486d-b3ed-d6edb0894de4,USR-0067,2024-01-13 13:07:00,face,0.8414,DEV-0014,London,1,success,230,False,
5639117a-1e78-4a02-8b1b-bb3ab6448d24,USR-0151,2024-01-13 13:10:00,face,0.888,DEV-0037,New York,1,success,262,False,
5a304528-0b59-4562-a227-219f551ff086,USR-0021,2024-01-13 13:11:00,keystroke_dynamics,0.8051,DEV-0041,Manchester,1,success,244,False,
8ed6ad5e-1831-4aa3-9466-9d1910df9974,USR-0019,2024-01-13 13:24:00,keystroke_dynamics,0.828,DEV-0004,Manchester,1,success,173,False,
af8422cc-484f-4a28-a2d4-7bffa510f7b4,USR-0179,2024-01-13 13:25:00,fingerprint,0.8411,DEV-0030,New York,1,success,235,False,
41bb0e0d-8fff-406d-967b-6ea029451370,USR-0120,2024-01-13 13:36:00,voice,0.8088,DEV-0020,New York,1,success,221,False,
c1b5b5ca-bc35-46df-94f7-9dbac5811d2d,USR-0021,2024-01-13 13:38:00,face,0.81,DEV-0037,Manchester,1,success,191,False,
25391b09-8286-43c8-9b9b-c56e2080293c,USR-0194,2024-01-13 13:46:00,voice,0.7252,DEV-0043,Manchester,1,success,188,False,
bbab3b0e-60a1-451d-a4a0-aaadb436e8fb,USR-0130,2024-01-13 13:56:00,fingerprint,0.7565,DEV-0049,New York,1,success,204,False,
ebc095f5-571e-4230-a978-78c17c2257a0,USR-0086,2024-01-13 14:02:00,face,0.8009,DEV-0014,London,1,success,184,False,
9e541d3e-65e1-4146-ad8b-62b689cb09aa,USR-0174,2024-01-13 14:04:00,face,0.8623,DEV-0007,London,1,success,212,False,
91b0e1d9-9d92-42af-ac8d-0e44e71e43a6,USR-0006,2024-01-13 14:04:00,fingerprint,0.7661,DEV-0010,New York,1,success,199,False,
fdb7c107-01e7-4de7-b3a2-ca5f46834cc5,USR-0108,2024-01-13 14:09:00,voice,0.885,DEV-0022,New York,1,success,166,False,
fcc1c48c-7303-40ca-a992-6bade6335f58,USR-0141,2024-01-13 14:09:00,keystroke_dynamics,0.7584,DEV-0039,Manchester,1,success,115,False,
61458972-06fe-49ea-bea0-9deb7d84dae5,USR-0192,2024-01-13 14:09:00,face,0.8568,DEV-0035,London,1,success,176,False,
5e15433b-68b1-411a-aeb8-b0e277b16be3,USR-0106,2024-01-13 14:10:00,fingerprint,0.881,DEV-0038,New York,1,success,163,False,
0c995e2d-a7a9-48ab-903f-3a468d8a7957,USR-0153,2024-01-13 14:12:00,voice,0.7953,DEV-0029,New York,1,success,185,False,
32d4d3a5-98dd-4c3c-a4ce-b832c8776e4b,USR-0133,2024-01-13 14:12:00,face,0.8051,DEV-0002,New York,1,success,160,False,
966be275-c2fe-4954-8dfd-9531302b7831,USR-0031,2024-01-13 14:17:00,keystroke_dynamics,0.7886,DEV-0045,London,1,success,186,False,
b1a63ccf-d597-4a14-a7dc-08577422acb0,USR-0191,2024-01-13 14:29:00,fingerprint,0.8749,DEV-0039,London,1,success,181,False,
c6435300-68a5-4c68-a32d-bb5e486bb6bf,USR-0019,2024-01-13 14:36:00,face,0.8928,DEV-0045,Manchester,1,success,185,False,
96c2e045-c75f-4b36-be30-cae95c83b98e,USR-0125,2024-01-13 14:39:00,face,0.8616,DEV-0016,London,1,success,243,False,
71594914-b1b6-4ecd-8009-45ce932c3ec9,USR-0058,2024-01-13 14:41:00,face,0.8842,DEV-0035,New York,1,success,230,False,
23966b83-5cd1-4b22-b0e8-b2fa4fc34759,USR-0086,2024-01-13 14:47:00,face,0.8266,DEV-0009,London,1,success,163,False,
ccca1e14-c3b8-480f-8440-8e983d53ec43,USR-0062,2024-01-13 14:50:00,keystroke_dynamics,0.8797,DEV-0040,Manchester,1,success,205,False,
47d5ac92-0f45-45da-9194-1591b134b58f,USR-0080,2024-01-13 14:55:00,face,0.7861,DEV-0050,London,1,success,120,False,
054046cc-16d5-4b84-a61f-7117dd926cbf,USR-0094,2024-01-13 14:59:00,fingerprint,0.7873,DEV-0022,Manchester,1,success,252,False,
45f3dc5a-ad68-4b45-82de-b2e6c37a927b,USR-0111,2024-01-13 15:01:00,keystroke_dynamics,0.7958,DEV-0042,Manchester,1,success,180,False,
33a51ac6-c461-494d-a09c-fe40c5bca449,USR-0111,2024-01-13 15:03:00,keystroke_dynamics,0.8213,DEV-0042,Manchester,1,success,192,False,
cf8be8bd-d2fa-4b0a-b337-05f9894b9f90,USR-0186,2024-01-13 15:03:00,keystroke_dynamics,0.9088,DEV-0045,New York,1,success,200,False,
20029d9f-05e9-4407-9aad-a0b12f132a6d,USR-0061,2024-01-13 15:05:00,fingerprint,0.7609,DEV-0035,London,1,success,148,False,
08175dd0-e6a7-4af7-94ca-6897be71cd60,USR-0123,2024-01-13 15:06:00,voice,0.8006,DEV-0011,London,1,success,188,False,
93ddbda1-34fe-4da8-87e8-6429e4fa6417,USR-0163,2024-01-13 15:06:00,fingerprint,0.8171,DEV-0012,Manchester,1,success,125,False,
c3a00c6f-2321-41e1-8471-04c036136e15,USR-0017,2024-01-13 15:08:00,face,0.8655,DEV-0001,Manchester,1,success,191,False,
220b9ea9-8a0f-4508-9fe2-c0a0a96b3c42,USR-0030,2024-01-13 15:19:00,keystroke_dynamics,0.7657,DEV-0004,Manchester,1,success,153,False,
55c551fc-fba5-4cc8-adaf-37661b780ede,USR-0027,2024-01-13 15:25:00,voice,0.818,DEV-0018,London,1,success,171,False,
519554e3-0737-4c86-b97b-5f515ffa46ef,USR-0020,2024-01-13 15:32:00,keystroke_dynamics,0.7837,DEV-0035,London,1,success,253,False,
cb371d97-cdcc-4d6a-9a16-998c7648776e,USR-0041,2024-01-13 15:45:00,fingerprint,0.8171,DEV-0021,Manchester,1,success,123,False,
0f44704f-1247-4a4e-a469-98e8d39e198b,USR-0010,2024-01-13 15:45:00,face,0.7777,DEV-0033,New York,1,success,123,False,
37f3f32b-5a81-462a-9059-f77b79ff89d9,USR-0059,2024-01-13 15:47:00,face,0.8208,DEV-0007,Manchester,1,success,199,False,
bcaff931-ead1-4464-8a8e-858cd0f81063,USR-0042,2024-01-13 15:48:00,fingerprint,0.8505,DEV-0013,Manchester,1,success,337,False,
12e1725b-0b94-42ab-b8e0-c2e1fe7f9299,USR-0151,2024-01-13 15:56:00,voice,0.8309,DEV-0027,New York,1,success,127,False,
01a4c2d1-4edf-4a12-b2f2-40e365e1605b,USR-0115,2024-01-13 15:58:00,face,0.8251,DEV-0009,New York,1,success,111,False,
bec39a37-9b3d-44bd-a91e-314e0c8e29e3,USR-0012,2024-01-13 16:02:00,face,0.8587,DEV-0044,New York,1,success,266,False,
6d283989-1271-4873-a4bd-e1a811c7bec9,USR-0128,2024-01-13 16:07:00,face,0.7902,DEV-0027,Manchester,1,success,191,False,
93432c76-d604-4e9f-b1ed-10f544e928ac,USR-0151,2024-01-13 16:09:00,keystroke_dynamics,0.8224,DEV-0012,New York,1,success,215,False,
230681aa-dd50-4d6b-963c-b5294357ac51,USR-0152,2024-01-13 16:09:00,voice,0.7947,DEV-0024,Manchester,1,success,221,False,
97266a28-dd7d-4ff7-b32f-4bd725acf1b6,USR-0198,2024-01-13 16:13:00,keystroke_dynamics,0.8537,DEV-0001,Manchester,1,success,195,False,
9fd60922-8b5f-44aa-a338-6d523483a23b,USR-0097,2024-01-13 16:18:00,fingerprint,0.7123,DEV-0040,New York,1,success,223,False,
3df5516b-3891-47f7-a809-f986d86af8f9,USR-0196,2024-01-13 16:18:00,face,0.7137,DEV-0004,New York,1,success,151,False,
bba95ec4-fef4-4c9c-a484-557f454a8e82,USR-0142,2024-01-13 16:19:00,fingerprint,0.8005,DEV-0021,Manchester,1,success,189,False,
f6b751f7-9b74-4245-9b1b-c8952af43ab7,USR-0008,2024-01-13 16:22:00,voice,0.7684,DEV-0045,New York,1,success,164,False,
823c7ef9-cd85-45ce-83a9-c2355ffd4015,USR-0053,2024-01-13 16:24:00,voice,0.748,DEV-0037,Manchester,1,success,87,False,
0b251279-785a-45d0-9f92-a62163f4c69d,USR-0021,2024-01-13 16:25:00,fingerprint,0.7573,DEV-0023,Manchester,1,success,101,False,
620956a8-1c68-4db0-8d33-3496e3528539,USR-0082,2024-01-13 16:26:00,voice,0.8576,DEV-0020,Manchester,1,success,176,False,
bbc99473-4363-489c-b249-5cff89e2df24,USR-0055,2024-01-13 16:27:00,voice,0.8196,DEV-0010,London,1,success,171,False,
8a60b332-99fb-48a9-8d2d-ba723b06dd82,USR-0145,2024-01-13 16:29:00,fingerprint,0.9153,DEV-0034,London,1,success,200,False,
2da5ba63-d3ff-4631-a2dc-b06c8c85328e,USR-0097,2024-01-13 16:29:00,fingerprint,0.7123,DEV-0040,Lagos,1,success,223,True,geo_jump
1bf645f6-2324-4211-8588-fc1bb2384849,USR-0027,2024-01-13 16:35:00,keystroke_dynamics,0.8328,DEV-0010,London,1,success,149,False,
1c6fec01-f57f-4bba-bfba-cf5fa576db48,USR-0138,2024-01-13 16:35:00,voice,0.908,DEV-0007,London,1,success,123,False,
c8794a56-a795-4d2b-9296-81b00d5979bf,USR-0197,2024-01-13 16:36:00,fingerprint,0.8213,DEV-0021,London,1,success,98,False,
18fdd2b9-79e5-49aa-992a-35497ba109d0,USR-0035,2024-01-13 16:36:00,fingerprint,0.861,DEV-0047,New York,1,success,125,False,
0f6eed31-8745-4d05-94e8-9dd00c4bc3d2,USR-0168,2024-01-13 16:38:00,voice,0.8539,DEV-0019,Manchester,1,success,133,False,
3e6a41f1-278e-4f60-ba99-bd7654edfb70,USR-0128,2024-01-13 16:43:00,voice,0.8608,DEV-0047,Manchester,1,success,151,False,
ed56c714-5a96-41f5-9f8c-eda5feb9ea24,USR-0071,2024-01-13 16:47:00,voice,0.8685,DEV-0004,London,1,success,146,False,
abdce0da-be0b-4ddd-b8f9-500169bd40d8,USR-0069,2024-01-13 16:47:00,fingerprint,0.7716,DEV-0020,Manchester,1,success,183,False,
e97f995d-9bc8-46f6-8484-a1b355c974a4,USR-0111,2024-01-13 16:48:00,face,0.8546,DEV-0032,Manchester,1,success,172,False,
e1e669e5-c055-4921-a35b-8f49823483a8,USR-0106,2024-01-13 16:50:00,face,0.7838,DEV-0010,New York,1,success,180,False,
08b9b2e9-4d81-4859-949e-24ad02d22ee7,USR-0143,2024-01-13 16:50:00,face,0.7816,DEV-0021,New York,1,success,173,False,
cd35637c-234b-4e09-9a79-d6868f06c963,USR-0145,2024-01-13 16:52:00,voice,0.8352,DEV-0050,London,1,success,207,False,
de61f70d-76b0-4d9f-a73a-d8cbf8e7158b,USR-0184,2024-01-13 16:55:00,face,0.8469,DEV-0017,London,1,success,249,False,
061efb95-68f8-4063-aeb1-9ad201a1fb0f,USR-0040,2024-01-13 16:58:00,face,0.8432,DEV-0047,New York,1,success,171,False,
ee4205ee-a52f-43ec-ab4e-2281b184d1fc,USR-0035,2024-01-13 17:00:00,fingerprint,0.8531,DEV-0010,New York,1,success,193,False,
50326fe6-1de9-4c72-82a9-f7e5244cb9a8,USR-0093,2024-01-13 17:11:00,keystroke_dynamics,0.8187,DEV-0010,Manchester,1,success,208,False,
02b622e9-808e-48d2-9d26-4b1b6593b659,USR-0055,2024-01-13 17:13:00,keystroke_dynamics,0.6882,DEV-0046,London,1,success,173,False,
2f4d7d4a-53e7-4d02-88ff-eea5fb33740c,USR-0093,2024-01-13 17:13:00,keystroke_dynamics,0.8187,DEV-0010,Berlin,1,success,208,True,geo_jump
4758367b-a649-4cdc-907b-907265e58f34,USR-0023,2024-01-13 17:19:00,face,0.7585,DEV-0028,Manchester,1,success,254,False,
ceef7261-bb15-42ea-8991-2f464ce6928b,USR-0067,2024-01-13 17:20:00,fingerprint,0.8858,DEV-0025,London,1,success,197,False,
725aa10d-63fe-457c-a5d4-ec1951fc4c23,USR-0129,2024-01-13 17:20:00,face,0.8158,DEV-0003,Manchester,1,success,168,False,
d0b66c10-6bfd-41bc-9a93-03eae75ec164,USR-0174,2024-01-13 17:21:00,face,0.8905,DEV-0030,London,1,success,104,False,
bb64a525-bc65-4d94-a56d-4d11f7bd8499,USR-0055,2024-01-13 17:23:00,face,0.8458,DEV-0036,London,1,success,195,False,
d00dcc4f-a5e6-4ec4-aa36-7425fa41dd2e,USR-0112,2024-01-13 17:24:00,fingerprint,0.8162,DEV-0003,London,1,success,162,False,
b7f60cdf-41dc-4c60-a5f6-0735757b6b29,USR-0027,2024-01-13 17:31:00,keystroke_dynamics,0.7812,DEV-0003,London,1,success,251,False,
088dbd82-d883-43f8-8c98-03de12de9e5a,USR-0044,2024-01-13 17:34:00,face,0.8534,DEV-0037,London,1,success,126,False,
869d4cb7-b7f5-455a-839d-08d01e0aaf12,USR-0092,2024-01-13 17:37:00,fingerprint,0.8936,DEV-0021,New York,1,success,131,False,
78460474-927c-4ea7-8a15-9e92af74ae63,USR-0089,2024-01-13 17:37:00,face,0.8041,DEV-0041,New York,1,success,234,False,
b8e19f56-8787-4a21-8448-2a220308aa5e,USR-0032,2024-01-13 17:38:00,voice,0.8188,DEV-0033,New York,1,success,169,False,
614996d1-01db-40b4-8422-1bf274faebdd,USR-0170,2024-01-13 17:44:00,voice,0.8457,DEV-0019,London,1,success,121,False,
bcd4344f-cf8a-468e-b5ba-93573ca87f31,USR-0036,2024-01-13 17:47:00,voice,0.861,DEV-0005,New York,1,success,171,False,
a5d04d53-1e12-42e3-b272-92b6762172ed,USR-0011,2024-01-13 17:50:00,voice,0.8155,DEV-0009,London,1,success,204,False,
5484d865-60bf-413c-9320-63afeed5a71b,USR-0200,2024-01-13 17:52:00,keystroke_dynamics,0.8691,DEV-0041,London,1,success,168,False,
641118ec-ddf0-4771-92e9-b7659b9b3926,USR-0108,2024-01-13 17:53:00,voice,0.7975,DEV-0039,New York,1,success,178,False,
3082d7e6-e6ac-4778-97b6-e0a34730b04b,USR-0178,2024-01-13 17:54:00,voice,0.8304,DEV-0050,New York,1,success,106,False,
30584d20-2711-4b60-93ac-d71bde03a536,USR-0169,2024-01-13 18:02:00,voice,0.8888,DEV-0042,New York,1,success,177,False,
12b2102d-940c-4503-b7c8-6152beed0af9,USR-0029,2024-01-13 18:02:00,face,0.7462,DEV-0022,London,1,success,199,False,
6fb78271-504d-481f-8953-5b63ba81edd9,USR-0006,2024-01-13 18:15:00,voice,0.8512,DEV-0043,New York,1,success,241,False,
1e228ade-59c6-4a52-8f80-d1ef4615575c,USR-0157,2024-01-13 18:16:00,face,0.7871,DEV-0015,London,1,success,156,False,
222db2cf-bc34-4d5d-9f9e-14257a7628e6,USR-0092,2024-01-13 18:18:00,face,0.8278,DEV-0018,New York,1,success,84,False,
7a4c38ef-3e0a-466d-bf2d-bf97bc547d54,USR-0114,2024-01-13 18:21:00,face,0.6869,DEV-0039,Manchester,1,success,276,False,
9ee31563-d328-40c7-9b2d-e07e53c45254,USR-0186,2024-01-13 18:29:00,keystroke_dynamics,0.7991,DEV-0005,New York,1,success,219,False,
a6685e80-f16d-4fe8-ac50-4475a4165dd1,USR-0102,2024-01-13 18:30:00,face,0.8845,DEV-0022,New York,1,success,221,False,
26e21c56-a5e1-48aa-b287-b9a1cedf8af6,USR-0102,2024-01-13 18:32:00,face,0.8845,DEV-0022,Berlin,1,success,221,True,geo_jump
e8527018-bfa4-4e84-b987-51a2ddef7af4,USR-0194,2024-01-13 18:34:00,face,0.7297,DEV-0019,Manchester,1,success,139,False,
3c847821-4f10-4422-9fc2-2517e593562b,USR-0111,2024-01-13 18:36:00,face,0.8559,DEV-0007,Manchester,1,success,214,False,
45c45a3e-e9da-484a-8075-9f1f87e5f0fe,USR-0014,2024-01-13 18:46:00,keystroke_dynamics,0.7587,DEV-0034,London,1,success,208,False,
e32a2749-eea7-467f-ae1c-b89a74f935ca,USR-0189,2024-01-13 18:48:00,fingerprint,0.7929,DEV-0008,Manchester,1,success,186,False,
72cc3fc5-5f77-4a7a-a5df-ac0758065bae,USR-0083,2024-01-13 18:51:00,fingerprint,0.7808,DEV-0030,New York,1,success,164,False,
67b41520-b11a-4696-b5cd-3e5c7a248720,USR-0095,2024-01-13 18:59:00,keystroke_dynamics,0.9961,DEV-0028,London,1,success,138,False,
18bc2e3b-20f6-48d8-9436-9f5d89cc6b08,USR-0175,2024-01-13 19:11:00,fingerprint,0.7574,DEV-0048,London,1,success,194,False,
f1e7ada0-e15d-4e51-bfc9-77e4d2c7f176,USR-0122,2024-01-13 19:12:00,voice,0.7539,DEV-0047,Manchester,1,success,209,False,
dafa1c94-4ee2-4290-ab59-003a53bc0611,USR-0194,2024-01-13 19:12:00,voice,0.8408,DEV-0050,Manchester,1,success,196,False,
afcfea4d-627e-41e1-af35-fbc0e1057ec8,USR-0128,2024-01-13 19:14:00,voice,0.768,DEV-0022,Manchester,1,success,178,False,
b195fa9f-3afd-499e-8a19-de1f5cd70899,USR-0172,2024-01-13 19:16:00,keystroke_dynamics,0.8445,DEV-0035,Manchester,1,success,145,False,
29529420-0ba4-432b-8804-044c82a4e22e,USR-0101,2024-01-13 19:22:00,face,0.803,DEV-0032,New York,1,success,98,False,
9950f11a-1114-40da-b87a-e6defe8c9aab,USR-0085,2024-01-13 19:24:00,face,0.7601,DEV-0028,London,1,success,244,False,
b8d49cf2-1c9d-4bd3-8aa7-8357c0ea7a67,USR-0164,2024-01-13 19:25:00,face,0.7906,DEV-0029,Manchester,1,success,134,False,
dbbf46ed-c83b-4467-9c12-67d29c4e7b65,USR-0096,2024-01-13 19:26:00,fingerprint,0.8445,DEV-0049,New York,1,success,206,False,
252d3404-a944-45e0-9ff0-f8eb6c0990b6,USR-0171,2024-01-13 19:28:00,voice,0.7892,DEV-0005,New York,1,success,162,False,
f82c6ad8-5d03-4a06-8cad-66c59d655c03,USR-0090,2024-01-13 19:31:00,fingerprint,0.7983,DEV-0011,London,1,success,209,False,
bcc9c2e6-9d2f-4a3e-a7b4-f9c831b5efb0,USR-0157,2024-01-13 19:34:00,voice,0.7772,DEV-0046,London,1,success,189,False,
833334f6-6a6a-4149-8b44-676d2ac39be9,USR-0111,2024-01-13 19:40:00,keystroke_dynamics,0.9759,DEV-0002,Manchester,1,success,111,False,
474d3a1a-695a-42da-ad14-e5bf848622e3,USR-0194,2024-01-13 19:45:00,face,0.8618,DEV-0037,Manchester,1,success,135,False,
2c33350c-73b9-41d8-92f5-131ada52d2ee,USR-0023,2024-01-13 19:52:00,face,0.792,DEV-0042,Manchester,1,success,116,False,
2cabb9ad-a15d-47c4-ba38-204b2091a706,USR-0149,2024-01-13 19:54:00,face,0.7434,DEV-0022,New York,1,success,136,False,
03d33907-ce02-4d60-98ef-9a287f5da7f8,USR-0131,2024-01-13 19:55:00,keystroke_dynamics,0.8494,DEV-0043,New York,1,success,132,False,
6b2d5b09-8707-4ad4-80be-7e3561c2645a,USR-0020,2024-01-13 19:55:00,voice,0.7498,DEV-0029,London,1,success,107,False,
5afaeb32-419b-474e-8247-23c3a32a4516,USR-0104,2024-01-13 20:14:00,voice,0.7964,DEV-0026,Manchester,1,success,103,False,
f0b0e729-6ce3-4d67-ad30-c94b4111e681,USR-0121,2024-01-13 20:21:00,face,0.8252,DEV-0045,New York,1,success,179,False,
2bee2fff-8b5f-43fe-b75d-dff45d123e9b,USR-0120,2024-01-13 20:27:00,face,0.8699,DEV-0027,New York,1,success,211,False,
5e6fea07-c453-4f1d-8199-2fdfb31022f0,USR-0008,2024-01-13 20:30:00,fingerprint,0.7809,DEV-0016,New York,1,success,181,False,
ee1eedbf-4634-4607-b260-a3ed02dec88f,USR-0188,2024-01-13 20:35:00,face,0.8619,DEV-0033,New York,1,success,198,False,
bbd0fe6c-6108-4fcc-8186-722ba355ad05,USR-0065,2024-01-13 20:37:00,fingerprint,0.6898,DEV-0031,Manchester,1,success,132,False,
011bb348-8981-4f35-8107-50bce6d33572,USR-0087,2024-01-13 20:37:00,fingerprint,0.834,DEV-0043,Manchester,1,success,151,False,
965befdf-6b4b-4411-8a4a-0e2df22b5b98,USR-0014,2024-01-13 20:39:00,keystroke_dynamics,0.9102,DEV-0016,London,1,success,215,False,
e2b845b7-f0f5-4dc1-91ed-43ba65c65e05,USR-0171,2024-01-13 20:40:00,fingerprint,0.7965,DEV-0049,New York,1,success,181,False,
eb6c1016-cee6-44d0-9dac-6e8345241ea6,USR-0008,2024-01-13 20:40:00,voice,0.8698,DEV-0007,New York,1,success,91,False,
ebd34616-91b7-4d8e-9301-6989bfbbb17f,USR-0010,2024-01-13 20:47:00,fingerprint,0.7432,DEV-0028,New York,1,success,250,False,
44113459-aa79-47f8-8649-c4c31cdd5a61,USR-0194,2024-01-13 20:49:00,fingerprint,0.7991,DEV-0022,Manchester,1,success,89,False,
7060ee63-1927-4b44-8e2c-f16bf3fd9e32,USR-0194,2024-01-13 20:55:00,fingerprint,0.7991,DEV-0022,Singapore,1,success,89,True,geo_jump
411920f6-d056-4199-b728-ddc20f5e8b47,USR-0060,2024-01-13 20:57:00,fingerprint,0.8845,DEV-0004,New York,1,success,188,False,
5e3ece60-9ef6-499f-b3b4-daf34ad1d634,USR-0083,2024-01-13 21:06:00,voice,0.8506,DEV-0020,New York,1,success,154,False,
1a8cf13c-28ce-431e-9827-4fc3f1458426,USR-0051,2024-01-13 21:11:00,voice,0.8123,DEV-0005,London,1,success,157,False,
08825d14-341b-4c09-98a0-f6c0ab2d2fef,USR-0145,2024-01-13 21:11:00,fingerprint,0.8387,DEV-0024,London,1,success,214,False,
565c1e3f-6d1c-41d6-b3e0-4a38cdf0aaba,USR-0078,2024-01-13 21:12:00,voice,0.7612,DEV-0012,Manchester,1,success,101,False,
7ec59e55-1b98-467e-8cc8-8dc68127a367,USR-0191,2024-01-13 21:15:00,voice,0.8466,DEV-0012,London,1,success,228,False,
9a00a4e2-f5ed-4b7f-9787-6a50ab7a63e3,USR-0191,2024-01-13 21:15:00,voice,0.6286,DEV-0012,London,12,success,228,True,rapid_retry
84cda1d2-3c32-42ee-a437-e3804a10ff5a,USR-0185,2024-01-13 21:19:00,keystroke_dynamics,0.8764,DEV-0002,London,1,success,153,False,
351d1137-d518-4b72-b0ac-cfda7f055b10,USR-0145,2024-01-13 21:23:00,voice,0.8081,DEV-0006,London,1,success,232,False,
a542deb9-2cff-45f8-9bdc-74a98d3a5d76,USR-0055,2024-01-13 21:24:00,face,0.7363,DEV-0002,London,1,success,203,False,
789fed96-7337-4c2f-8e1c-37621c7cb6ed,USR-0068,2024-01-13 21:26:00,keystroke_dynamics,0.8773,DEV-0048,London,1,success,178,False,
95866982-f7e8-48a2-821d-f2cfd9fc13b8,USR-0106,2024-01-13 21:33:00,keystroke_dynamics,0.7997,DEV-0012,New York,1,success,154,False,
ad851456-bdc5-4633-8e5b-961f585d4011,USR-0122,2024-01-13 21:33:00,face,0.8438,DEV-0028,Manchester,1,success,175,False,
6c2b5781-c1a9-4ee2-9718-cfde6c4e5a8c,USR-0094,2024-01-13 21:34:00,face,0.8218,DEV-0025,Manchester,1,success,144,False,
8c7e2904-4237-492a-8017-466e85f4c0a2,USR-0068,2024-01-13 21:36:00,face,0.8249,DEV-0013,London,1,success,178,False,
1aa67474-e200-4157-ad54-c95aaa4d52a8,USR-0066,2024-01-13 21:42:00,face,0.8711,DEV-0045,London,1,success,130,False,
1df44d3e-f26f-4b19-9708-013e4b541670,USR-0058,2024-01-13 21:43:00,voice,0.7672,DEV-0047,New York,1,success,251,False,
ba68e69f-2c8b-4151-a179-2fcde658eb6a,USR-0143,2024-01-13 21:52:00,face,0.8582,DEV-0037,New York,1,success,272,False,
6afa828c-2cd1-4b9f-abe5-841fe9c96c52,USR-0027,2024-01-13 21:54:00,fingerprint,0.8301,DEV-0033,London,1,success,197,False,
a03e7003-e29c-4897-9429-25a0768e212d,USR-0131,2024-01-13 21:56:00,keystroke_dynamics,0.8107,DEV-0005,New York,1,success,133,False,
9c678393-2ced-4c0d-b173-04b5c1dd484a,USR-0027,2024-01-13 21:56:00,voice,0.9035,DEV-0045,London,1,success,169,False,
efe5f873-da60-414c-9f16-bfe5df8b6c1c,USR-0137,2024-01-14 02:24:00,voice,0.8946,DEV-0040,New York,1,success,209,True,off_hours
7f2382b5-0d1b-493b-a9ce-f59399a9a788,USR-0153,2024-01-14 02:35:00,voice,0.7708,DEV-0015,London,1,success,226,True,off_hours
c44ba50d-cb6c-4a6e-bb95-8291f3dd69d1,USR-0002,2024-01-14 02:56:00,face,0.8552,DEV-0026,New York,1,success,267,True,off_hours
bfee7aef-6a60-4a4b-96b6-b8cca6124e53,USR-0135,2024-01-14 03:36:00,fingerprint,0.8399,DEV-0041,Manchester,1,success,209,True,off_hours
c6acdcaf-a4ba-4ef5-a84a-f9d8428e31ed,USR-0144,2024-01-14 03:46:00,fingerprint,0.899,DEV-0002,London,1,success,158,True,off_hours
c9ceacdb-9f24-4788-805c-c2d749fa68d6,USR-0058,2024-01-14 04:23:00,face,0.7932,DEV-0008,New York,1,success,184,True,off_hours
bd9c66b3-ad3c-4d6d-9a3d-1fa7bc8960a9,USR-0001,2024-01-14 07:01:00,fingerprint,0.806,DEV-0014,New York,1,success,170,False,
9faa2180-01a0-49a2-8b37-617d932204fb,USR-0169,2024-01-14 07:03:00,fingerprint,0.9096,DEV-0009,New York,1,success,166,False,
f3dea9dc-469c-458b-896d-036a8092189b,USR-0122,2024-01-14 07:04:00,voice,0.7853,DEV-0035,Manchester,1,success,191,False,
be5f902f-b58a-4738-8166-72213063ae7f,USR-0057,2024-01-14 07:07:00,face,0.9159,DEV-0010,New York,1,success,212,False,
e5d6f6e6-9a6e-42f5-8cc4-29038bcf53a1,USR-0007,2024-01-14 07:20:00,keystroke_dynamics,0.9212,DEV-0046,Manchester,1,success,215,False,
f2ce7eeb-4c56-4b8f-8bb4-32b3d2e76deb,USR-0048,2024-01-14 07:35:00,face,0.7584,DEV-0013,Manchester,1,success,229,False,
380bd4cb-18b6-46f8-8ba0-768a7b2021f7,USR-0153,2024-01-14 07:38:00,voice,0.7708,DEV-0015,London,1,success,226,False,
692c6843-e682-4710-98bd-19da0dd2c843,USR-0148,2024-01-14 07:47:00,keystroke_dynamics,0.8364,DEV-0029,New York,1,success,242,False,
26c25405-a7ea-42f0-acab-d3d710116af4,USR-0143,2024-01-14 07:52:00,face,0.8428,DEV-0035,New York,1,success,167,False,
c2b2547d-ac3c-4be3-bc35-b2747a57772b,USR-0116,2024-01-14 07:55:00,voice,0.8132,DEV-0050,London,1,success,177,False,
6928043e-d492-451a-b828-3a052baa43c9,USR-0057,2024-01-14 08:02:00,voice,0.8413,DEV-0030,New York,1,success,187,False,
79dd7b95-1558-4c6d-b120-3b7a1dcccf24,USR-0167,2024-01-14 08:06:00,fingerprint,0.8151,DEV-0003,London,1,success,202,False,
83601fb5-b45b-4ad3-b7d0-eea0211f632b,USR-0098,2024-01-14 08:07:00,keystroke_dynamics,0.7506,DEV-0030,London,1,success,192,False,
98a547b2-09a1-4b34-b111-84e79c4c37b3,USR-0079,2024-01-14 08:07:00,keystroke_dynamics,0.8099,DEV-0011,London,1,success,166,False,
e49d681d-51d8-4c64-95fa-1ab8458f1f19,USR-0007,2024-01-14 08:14:00,fingerprint,0.778,DEV-0030,Manchester,1,success,188,False,
4cc6d67e-cddb-4f9e-8130-0e684d45d885,USR-0090,2024-01-14 08:14:00,keystroke_dynamics,0.7485,DEV-0036,London,1,success,207,False,
91a07ef2-1c00-4554-8396-3bf97cc9d887,USR-0089,2024-01-14 08:31:00,face,0.7664,DEV-0046,New York,1,success,114,False,
15b2c2b4-8cf0-497b-8128-d40b5fc57ff4,USR-0106,2024-01-14 08:34:00,keystroke_dynamics,0.927,DEV-0011,Manchester,1,success,170,False,
95560a2d-3713-4466-bda0-6476f778c676,USR-0024,2024-01-14 08:34:00,voice,0.899,DEV-0050,London,1,success,175,False,
2fb7e9bd-5fe9-4750-ad28-a2a82baeafc7,USR-0115,2024-01-14 08:35:00,fingerprint,0.8395,DEV-0015,New York,1,success,203,False,
1533fe82-21b3-4264-99d7-6878def42b39,USR-0156,2024-01-14 08:39:00,face,0.7859,DEV-0017,Manchester,1,success,200,False,
1690636b-6f74-455d-99a9-af6aed054732,USR-0058,2024-01-14 08:39:00,face,0.7932,DEV-0008,New York,1,success,184,False,
b9f9d376-c79e-449b-aaba-8f0cc9eb6e3c,USR-0167,2024-01-14 08:41:00,keystroke_dynamics,0.8958,DEV-0039,London,1,success,177,False,
40bf5ca2-7064-42bb-a756-80bb3a215b51,USR-0199,2024-01-14 08:42:00,fingerprint,0.8813,DEV-0007,Manchester,1,success,212,False,
504867ba-bf7b-439b-8f9a-ea4b8acd4e10,USR-0004,2024-01-14 08:42:00,voice,0.8612,DEV-0040,London,1,success,115,False,
6f2aec8a-53c9-4acb-bf71-e1ae3f24ba6a,USR-0081,2024-01-14 08:43:00,fingerprint,0.7736,DEV-0042,Manchester,1,success,255,False,
6c5ccba7-b55d-4fc1-a22c-c212b69d2f48,USR-0093,2024-01-14 08:46:00,face,0.7789,DEV-0010,Manchester,1,success,212,False,
7951d52b-21cc-4ba7-ae85-4c728a9b7b20,USR-0083,2024-01-14 08:48:00,face,0.822,DEV-0040,New York,1,success,190,False,
85e620fe-a44e-43e1-85ba-136f594ed61a,USR-0157,2024-01-14 08:56:00,keystroke_dynamics,0.7397,DEV-0023,London,1,success,144,False,
ce1eaeb5-bd67-4ba0-89c9-c0f39dcc91b0,USR-0174,2024-01-14 09:00:00,fingerprint,0.9203,DEV-0023,London,1,success,190,False,
47c1c017-6045-4909-936d-47d73e0f84ce,USR-0033,2024-01-14 09:00:00,voice,0.7165,DEV-0016,Manchester,1,success,152,False,
44c1f1b5-ebbb-4763-b9a7-e63bbee975da,USR-0045,2024-01-14 09:05:00,face,0.8484,DEV-0042,Manchester,1,success,169,False,
811414f8-d9df-4d0e-a25a-ed6cf0458043,USR-0027,2024-01-14 09:09:00,fingerprint,0.8296,DEV-0007,London,1,success,138,False,
f3b93ebe-7849-43ff-97ca-eef5b8a4c19f,USR-0168,2024-01-14 09:09:00,fingerprint,0.8783,DEV-0011,Manchester,1,success,235,False,
5fd229bc-8e67-4bc8-8401-6c6f480af459,USR-0188,2024-01-14 09:15:00,face,0.7155,DEV-0011,New York,1,success,223,False,
81f631d4-a392-41a7-9777-a4774c66e0a8,USR-0002,2024-01-14 09:17:00,keystroke_dynamics,0.8179,DEV-0016,New York,1,success,133,False,
2869b5ee-df18-4065-9f58-64d511655b1e,USR-0145,2024-01-14 09:23:00,keystroke_dynamics,0.8707,DEV-0005,London,1,success,204,False,
bd1116ee-f58a-47c7-8ccf-4130255603d4,USR-0060,2024-01-14 09:26:00,fingerprint,0.7262,DEV-0034,New York,1,success,132,False,
b3932fb8-4fd4-4793-816f-2931fa1b1bac,USR-0155,2024-01-14 09:38:00,keystroke_dynamics,0.8862,DEV-0047,New York,1,success,187,False,
1e7d8f7b-8d59-434d-84bd-604fb5502e2b,USR-0126,2024-01-14 09:39:00,keystroke_dynamics,0.9422,DEV-0018,New York,1,success,185,False,
81b01ca4-8880-4d17-b3ef-e892e85cc863,USR-0154,2024-01-14 09:42:00,fingerprint,0.7547,DEV-0005,New York,1,success,292,False,
6f07b60f-9d4e-4b5d-a120-bfba1689e0b8,USR-0048,2024-01-14 09:44:00,voice,0.8318,DEV-0036,Manchester,1,success,143,False,
8fffe845-6257-4e9c-8260-1132c02fb24f,USR-0126,2024-01-14 09:44:00,fingerprint,0.816,DEV-0011,New York,1,success,227,False,
be3de265-d471-4d86-8d36-645980f6c26c,USR-0157,2024-01-14 09:52:00,voice,0.7998,DEV-0043,London,1,success,190,False,
b1fe69b8-0936-412c-a36d-feba6148ca39,USR-0182,2024-01-14 09:55:00,keystroke_dynamics,0.7659,DEV-0012,New York,1,success,166,False,
b0e6a969-e213-42b0-b1ee-dba313432e61,USR-0005,2024-01-14 09:55:00,keystroke_dynamics,0.8688,DEV-0012,London,1,success,205,False,
8f7c1d59-594b-4a3a-bad4-65a15129950d,USR-0026,2024-01-14 09:56:00,keystroke_dynamics,0.7826,DEV-0032,London,1,success,187,False,
58c714f2-a3aa-4839-bc35-bc9a521a21a4,USR-0190,2024-01-14 10:08:00,voice,0.8675,DEV-0031,London,1,success,190,False,
6964eb16-1623-4e87-bacd-c514dae18b28,USR-0080,2024-01-14 10:09:00,keystroke_dynamics,0.8137,DEV-0033,London,1,success,204,False,
8181a8cc-3691-47eb-89a2-688b12c136e0,USR-0005,2024-01-14 10:11:00,keystroke_dynamics,0.896,DEV-0004,London,1,success,151,False,
92ef63c1-781f-4d3f-a7f3-39dc833de3ad,USR-0076,2024-01-14 10:17:00,fingerprint,0.8485,DEV-0007,London,1,success,110,False,
b382c1ae-ffec-44eb-bab7-42a14cfa4f8a,USR-0170,2024-01-14 10:19:00,face,0.8876,DEV-0022,London,1,success,176,False,
abcec90f-70ec-441b-85d5-601651b3ccf5,USR-0072,2024-01-14 10:20:00,fingerprint,0.7251,DEV-0012,Manchester,1,success,212,False,
bb404bc8-709a-42bc-b6da-79bba91e25a1,USR-0200,2024-01-14 10:21:00,face,0.7707,DEV-0009,London,1,success,197,False,
f7eefd84-b31c-4349-9799-2f42351b3e63,USR-0157,2024-01-14 10:29:00,face,0.8182,DEV-0042,London,1,success,200,False,
189099c9-f2be-429f-9514-9755838e9a61,USR-0054,2024-01-14 10:31:00,fingerprint,0.8676,DEV-0035,New York,1,success,175,False,
c8cba592-b0ca-42eb-8fe1-621ad6e1ba00,USR-0053,2024-01-14 10:32:00,face,0.8058,DEV-0027,Manchester,1,success,209,False,
cfbba84a-80b5-4013-bf29-c9e75601f6a5,USR-0090,2024-01-14 10:35:00,face,0.8244,DEV-0001,London,1,success,218,False,
192703a7-df2e-47e7-84fc-bb8424aefbea,USR-0072,2024-01-14 10:39:00,face,0.7365,DEV-0047,Manchester,1,success,248,False,
7f53d344-a7c8-44e4-8684-3c86b8a60402,USR-0048,2024-01-14 10:39:00,fingerprint,0.8562,DEV-0029,Manchester,1,success,191,False,
453b45fe-636c-4499-9254-aad3809cd839,USR-0042,2024-01-14 10:47:00,face,0.8375,DEV-0049,Manchester,1,success,172,False,
71e007b0-bb6a-4647-ad2f-458d9237e145,USR-0152,2024-01-14 10:57:00,voice,0.863,DEV-0009,Manchester,1,success,145,False,
198493ce-33e1-46f7-b57a-d70346281fb8,USR-0154,2024-01-14 11:01:00,fingerprint,0.7091,DEV-0037,New York,1,success,159,False,
060fd3b6-5f9c-41f0-9522-1c404b77cf1c,USR-0168,2024-01-14 11:02:00,fingerprint,0.899,DEV-0026,Manchester,1,success,63,False,
181af69a-16cf-4211-94f0-327b1e978ef7,USR-0176,2024-01-14 11:08:00,face,0.8399,DEV-0046,London,1,success,247,False,
0ff4c2d6-e0d6-4081-a98d-c5f7a9d06567,USR-0146,2024-01-14 11:11:00,face,0.7001,DEV-0010,London,1,success,151,False,
e76adca9-7811-4802-88cc-7cfecf01f944,USR-0020,2024-01-14 11:30:00,fingerprint,0.8462,DEV-0024,Manchester,1,success,227,False,
16daa8f5-be8e-466f-b4d0-91d15c02f1da,USR-0141,2024-01-14 11:34:00,face,0.7845,DEV-0001,Manchester,1,success,230,False,
4bbe4aff-9326-4ffd-9be4-bf5192698698,USR-0012,2024-01-14 11:40:00,fingerprint,0.8924,DEV-0005,New York,1,success,147,False,
d4701dd2-ada5-4eb9-8d52-7b893c8b966c,USR-0123,2024-01-14 11:41:00,keystroke_dynamics,0.7403,DEV-0001,London,1,success,150,False,
755d814b-5f5b-4255-a544-9887b36ab3ed,USR-0041,2024-01-14 11:50:00,keystroke_dynamics,0.8076,DEV-0010,Manchester,1,success,150,False,
62ed5403-88d4-4ff4-904f-3fc56400bb0e,USR-0108,2024-01-14 11:52:00,voice,0.7715,DEV-0048,New York,1,success,164,False,
9aa1f98b-b4a4-4eee-b0cd-f14946434f21,USR-0107,2024-01-14 12:02:00,voice,0.8405,DEV-0048,New York,1,success,256,False,
6483b0e7-9c3c-4e9d-b35f-0d14edb7d4e4,USR-0077,2024-01-14 12:11:00,face,0.8004,DEV-0035,Manchester,1,success,184,False,
b2879bdd-193d-4b13-ad11-b850273beecb,USR-0077,2024-01-14 12:11:00,face,0.521,DEV-0035,Manchester,1,success,184,True,low_score_bypass
23a10fdd-9402-47be-8deb-dd3c528e0ae8,USR-0142,2024-01-14 12:15:00,keystroke_dynamics,0.8754,DEV-0046,Manchester,1,success,196,False,
3150e60d-ed89-42c2-839d-fd70a0fa7665,USR-0156,2024-01-14 12:21:00,keystroke_dynamics,0.8927,DEV-0038,Manchester,1,success,159,False,
5893ef12-ab3f-4d22-9d5e-6aee0240f59a,USR-0053,2024-01-14 12:22:00,keystroke_dynamics,0.8369,DEV-0023,Manchester,1,success,94,False,
0265a223-71cf-4772-b167-d947efadf069,USR-0101,2024-01-14 12:23:00,face,0.8613,DEV-0021,New York,1,success,162,False,
63fe0717-f6a8-48cc-ba11-df76d6e75f73,USR-0142,2024-01-14 12:24:00,keystroke_dynamics,0.8754,DEV-0046,Berlin,1,success,196,True,geo_jump
82010c62-f5f5-4b22-8e8f-a8e0284d82e5,USR-0004,2024-01-14 12:25:00,voice,0.7771,DEV-0036,London,1,success,207,False,
b4157cea-0738-4ba4-9770-a3dbe9fa97e2,USR-0042,2024-01-14 12:28:00,fingerprint,0.793,DEV-0012,Manchester,1,success,230,False,
5fcfe711-8258-4678-804a-7761a52368e3,USR-0106,2024-01-14 12:29:00,face,0.7564,DEV-0048,Manchester,1,success,159,False,
dd83ad03-7066-4289-9644-84a0d1151fff,USR-0036,2024-01-14 12:33:00,fingerprint,0.8721,DEV-0045,New York,1,success,215,False,
7a89cbeb-b807-478a-b788-f5d1ffe575f6,USR-0023,2024-01-14 12:34:00,face,0.8642,DEV-0049,Manchester,1,success,168,False,
c94b3a6f-72ef-417e-baf8-34f29aef9aec,USR-0151,2024-01-14 12:36:00,face,0.8282,DEV-0045,New York,1,success,227,False,
16c72b1a-e826-4ac7-ba8c-8ed5a06aa68a,USR-0092,2024-01-14 12:41:00,voice,0.8441,DEV-0014,New York,1,success,232,False,
80e9b300-4471-4067-a5de-f08e5a4b4fdb,USR-0082,2024-01-14 12:42:00,fingerprint,0.8136,DEV-0004,Manchester,1,success,257,False,
25e6d919-ddeb-4d5c-b842-7379d888dcb6,USR-0093,2024-01-14 12:43:00,voice,0.7426,DEV-0050,Manchester,1,success,182,False,
1a85fd69-344c-46cc-bf48-e5f018cc0e29,USR-0142,2024-01-14 12:44:00,keystroke_dynamics,0.8431,DEV-0049,Manchester,1,success,224,False,
89fd911f-2e06-433a-8498-a96b0d8660ca,USR-0023,2024-01-14 12:46:00,face,0.8642,DEV-0049,Lagos,1,success,168,True,geo_jump
0c754a17-0131-4601-9923-fc7a0d6b160f,USR-0111,2024-01-14 12:48:00,fingerprint,0.8638,DEV-0032,Manchester,1,success,235,False,
a5c9cf20-3967-46aa-ad2b-2c8276a990f1,USR-0094,2024-01-14 12:48:00,face,0.821,DEV-0027,Manchester,1,success,185,False,
f4672866-ed56-42a0-ad54-ff2b10ee4f77,USR-0069,2024-01-14 12:49:00,voice,0.89,DEV-0044,Manchester,1,success,201,False,
1f2da344-a359-4667-9971-4b2bf3533e8a,USR-0077,2024-01-14 12:58:00,keystroke_dynamics,0.8166,DEV-0001,Manchester,1,success,227,False,
e0094827-9672-463f-8f0a-1d5b14570a44,USR-0077,2024-01-14 12:58:00,keystroke_dynamics,0.427,DEV-0001,Manchester,14,success,227,True,rapid_retry
b95175be-5c89-458a-96b4-4b0c576bd523,USR-0094,2024-01-14 12:59:00,face,0.821,DEV-0027,Berlin,1,success,185,True,geo_jump
cc5015cf-7c81-4d5a-8e5a-43726574708d,USR-0168,2024-01-14 13:01:00,keystroke_dynamics,0.8015,DEV-0021,Manchester,1,success,141,False,
44f00717-1d75-4901-b309-106e62928cdc,USR-0100,2024-01-14 13:03:00,fingerprint,0.8554,DEV-0050,New York,1,success,73,False,
85d0691c-33cd-4d56-843d-72db1bcb404c,USR-0057,2024-01-14 13:06:00,keystroke_dynamics,0.9354,DEV-0043,New York,1,success,149,False,
e3d21a33-8d3b-41df-9672-67353798fc80,USR-0181,2024-01-14 13:06:00,keystroke_dynamics,0.8622,DEV-0037,Manchester,1,success,192,False,
a19c7caf-9b45-4430-9fd3-92e2c36b0890,USR-0144,2024-01-14 13:07:00,fingerprint,0.899,DEV-0002,London,1,success,158,False,
e09ef2a3-ae77-4249-b4a6-3e7632173525,USR-0075,2024-01-14 13:09:00,voice,0.8385,DEV-0042,London,1,success,262,False,
1bc2197e-7df7-4791-a53e-62ba2dae62c0,USR-0077,2024-01-14 13:18:00,keystroke_dynamics,0.9109,DEV-0041,Manchester,1,success,195,False,
bf144332-4f6a-448f-8ca9-7f8184381157,USR-0117,2024-01-14 13:20:00,fingerprint,0.4597,DEV-0009,New York,10,success,211,True,rapid_retry
08207d4e-812f-4d98-b777-6609db576a7f,USR-0117,2024-01-14 13:20:00,fingerprint,0.7883,DEV-0009,New York,1,success,211,False,
c8d0f9e5-9919-45ea-98d0-0c2c17d30f32,USR-0033,2024-01-14 13:28:00,keystroke_dynamics,0.7018,DEV-0028,Manchester,1,success,215,False,
f8cda88b-436d-46e2-b83c-fe0be037e5ed,USR-0001,2024-01-14 13:29:00,fingerprint,0.7049,DEV-0044,New York,1,success,178,False,
cf03f0c8-0eff-45bd-87eb-340dc74e48ff,USR-0042,2024-01-14 13:49:00,fingerprint,0.6551,DEV-0039,Manchester,1,success,160,False,
5bc677ca-abff-4286-b0cf-9d73e8121ef0,USR-0048,2024-01-14 13:54:00,fingerprint,0.8599,DEV-0035,Manchester,1,success,257,False,
1b96ee81-9ddb-4fea-9bd7-871c976b1a33,USR-0151,2024-01-14 14:00:00,fingerprint,0.8822,DEV-0024,New York,1,success,168,False,
9145aa38-7722-4c2c-b6b9-ca355430c8c3,USR-0136,2024-01-14 14:05:00,face,0.8535,DEV-0044,London,1,success,163,False,
5d696bc8-dc54-459b-86bb-42c7d8b2f8b6,USR-0043,2024-01-14 14:05:00,fingerprint,0.7838,DEV-0016,London,1,success,170,False,
fee33607-6fec-4ac2-90d2-abfe0425c430,USR-0168,2024-01-14 14:09:00,fingerprint,0.8208,DEV-0007,Manchester,1,success,214,False,
93364f7e-83ef-49f3-a1c7-cc8a04351b64,USR-0021,2024-01-14 14:14:00,keystroke_dynamics,0.8006,DEV-0041,Manchester,1,success,169,False,
5d210794-87ed-45ae-b9a2-1729130bb2a3,USR-0021,2024-01-14 14:14:00,keystroke_dynamics,0.3904,DEV-0041,Manchester,1,success,169,True,low_score_bypass
1c968b9b-5d67-4515-b8c5-ef5c88f757fb,USR-0161,2024-01-14 14:15:00,voice,0.8088,DEV-0030,Manchester,1,success,266,False,
1e0914d2-e5c9-43b1-a898-dac4f736df7e,USR-0119,2024-01-14 14:17:00,voice,0.782,DEV-0033,London,1,success,103,False,
3d67cde9-2834-44c0-94c8-b3b4a911d192,USR-0009,2024-01-14 14:21:00,face,0.8633,DEV-0024,Manchester,1,success,134,False,
e00da49d-effa-4002-b040-413c4690fb15,USR-0030,2024-01-14 14:24:00,fingerprint,0.8556,DEV-0003,Manchester,1,success,62,False,
3781d306-d5e0-4664-a4db-04c8a8174c85,USR-0077,2024-01-14 14:30:00,face,0.8613,DEV-0045,Manchester,1,success,155,False,
7d154385-52fb-443b-9954-6eb400257ad1,USR-0002,2024-01-14 14:30:00,face,0.8552,DEV-0026,New York,1,success,267,False,
9feefdff-c566-4a81-b15e-54f6d4d30795,USR-0019,2024-01-14 14:35:00,keystroke_dynamics,0.7474,DEV-0007,Manchester,1,success,203,False,
866cfb2b-3754-416f-8d79-132cf362d408,USR-0072,2024-01-14 14:35:00,keystroke_dynamics,0.8225,DEV-0044,Manchester,1,success,221,False,
046b96f9-7675-4903-b19d-722f2dc4d065,USR-0149,2024-01-14 14:36:00,fingerprint,0.7581,DEV-0042,Manchester,1,success,159,False,
e6ffee2a-e37b-4f84-9351-240fa093ca68,USR-0175,2024-01-14 14:40:00,keystroke_dynamics,0.8003,DEV-0037,London,1,success,208,False,
982cd08d-49f8-4d9d-9fef-b72a4570b7fe,USR-0194,2024-01-14 14:43:00,fingerprint,0.7525,DEV-0027,Manchester,1,success,183,False,
ba2eeeb3-d6aa-4382-a144-6b45af390a9d,USR-0051,2024-01-14 14:47:00,fingerprint,0.8294,DEV-0019,London,1,success,220,False,
109792a4-4b00-4cfc-a1f5-5aa5529e0da0,USR-0163,2024-01-14 14:48:00,face,0.7868,DEV-0034,Manchester,1,success,157,False,
e5f95507-6889-48ad-a234-5eacb8da3559,USR-0127,2024-01-14 14:54:00,face,0.8133,DEV-0009,New York,1,success,161,False,
6994bf84-50d3-4a03-8cd7-608f3adcb38c,USR-0059,2024-01-14 15:07:00,fingerprint,0.7891,DEV-0024,Manchester,1,success,189,False,
39d2d74a-71a7-4782-9751-af9cf9e6debb,USR-0087,2024-01-14 15:09:00,keystroke_dynamics,0.771,DEV-0041,Manchester,1,success,121,False,
b70bc594-ae4f-445f-b48f-ab0641a9edd3,USR-0178,2024-01-14 15:11:00,voice,0.7783,DEV-0020,New York,1,success,173,False,
846a4a71-c84a-49b8-a08f-ae0214013b99,USR-0145,2024-01-14 15:12:00,voice,0.7558,DEV-0036,London,1,success,148,False,
2c154804-0997-49a3-b919-955c9be4f19f,USR-0045,2024-01-14 15:13:00,face,0.8244,DEV-0031,Manchester,1,success,163,False,
0075d3d5-ba94-4a66-ad7e-4a452099e71f,USR-0043,2024-01-14 15:13:00,face,0.7705,DEV-0040,London,1,success,155,False,
74cd4a41-5e07-4fb2-9919-be9116a26e58,USR-0190,2024-01-14 15:18:00,voice,0.8132,DEV-0027,London,1,success,180,False,
05c14422-4ffe-4dfd-bedc-acb7a8b331a0,USR-0072,2024-01-14 15:19:00,face,0.7912,DEV-0015,Manchester,1,success,281,False,
dcb913b4-7d3d-46ca-8592-a38fdb62a1f7,USR-0080,2024-01-14 15:21:00,fingerprint,0.8185,DEV-0029,London,1,success,171,False,
97c75839-1dd2-4b24-8420-c72d8fb8b736,USR-0050,2024-01-14 15:25:00,keystroke_dynamics,0.3979,DEV-0045,London,1,success,176,True,low_score_bypass
b02e21aa-352b-4ec8-a90d-21cb7f111a36,USR-0050,2024-01-14 15:25:00,keystroke_dynamics,0.8317,DEV-0045,London,1,success,176,False,
2023fd4b-ab89-436b-9f6b-9b3fff594778,USR-0075,2024-01-14 15:31:00,keystroke_dynamics,0.748,DEV-0035,London,1,success,207,False,
79ba19db-6be1-410b-a8a3-df6e02059f80,USR-0158,2024-01-14 15:31:00,keystroke_dynamics,0.772,DEV-0020,New York,1,success,179,False,
99ef827f-d3d4-4dd3-a05a-34f5d0126e91,USR-0101,2024-01-14 15:35:00,face,0.8347,DEV-0027,New York,1,success,209,False,
3ad0190f-0dc5-4340-a69c-db5b207495ab,USR-0167,2024-01-14 15:37:00,fingerprint,0.372,DEV-0001,London,1,success,203,True,low_score_bypass
683c3806-c12a-4c55-8072-8ad4002072c6,USR-0167,2024-01-14 15:37:00,fingerprint,0.7369,DEV-0001,London,1,success,203,False,
f2dd85f6-3446-40f0-a19e-17fffaec8f42,USR-0108,2024-01-14 15:40:00,voice,0.8341,DEV-0014,New York,1,success,32,False,
87f3c9a4-cd1a-410d-9101-71d21138978b,USR-0090,2024-01-14 15:47:00,fingerprint,0.9069,DEV-0020,London,1,success,167,False,
d141b9e4-a783-41c8-a250-891ae9846baa,USR-0125,2024-01-14 15:47:00,fingerprint,0.7403,DEV-0007,London,1,success,168,False,
1d191f64-f8cf-414a-9ea7-e1ae7006a2c6,USR-0154,2024-01-14 16:11:00,keystroke_dynamics,0.7924,DEV-0029,New York,1,success,178,False,
263e0670-a1d7-4730-9ec8-bcbbfd610d09,USR-0185,2024-01-14 16:12:00,face,0.9157,DEV-0049,London,1,success,139,False,
4cb4a7f6-9db8-4f7e-95ed-d864f68b6ba0,USR-0104,2024-01-14 16:23:00,keystroke_dynamics,0.8831,DEV-0048,Manchester,1,success,183,False,
36cf9429-8657-48ff-ab72-e451df0ccde7,USR-0132,2024-01-14 16:38:00,voice,0.8543,DEV-0035,New York,1,success,147,False,
5a8258cb-8d78-4a9b-ad87-adb64448cbb9,USR-0196,2024-01-14 16:42:00,keystroke_dynamics,0.7597,DEV-0043,Manchester,1,success,165,False,
0d557b61-8a17-4dfe-bfc0-0dc804f64d86,USR-0008,2024-01-14 16:43:00,face,0.826,DEV-0011,New York,1,success,210,False,
47155ad3-8ca0-4d2a-9a93-98e6f487b599,USR-0185,2024-01-14 16:44:00,fingerprint,0.8258,DEV-0013,London,1,success,201,False,
d9caa609-ef43-4b80-bc85-630c94517f78,USR-0171,2024-01-14 16:44:00,fingerprint,0.8243,DEV-0016,New York,1,success,157,False,
27035b27-958c-4936-b186-78ce4e40bfba,USR-0054,2024-01-14 16:46:00,voice,0.7619,DEV-0030,New York,1,success,167,False,
64907a63-36a8-453d-8e90-ee87a4dd2fe1,USR-0180,2024-01-14 16:51:00,fingerprint,0.7557,DEV-0040,London,1,success,233,False,
beb5ba0f-1e29-44f1-b09a-dc958bbec119,USR-0171,2024-01-14 16:51:00,fingerprint,0.9208,DEV-0001,New York,1,success,179,False,
60c336eb-5fd6-49e6-85f9-70f75075b7d1,USR-0165,2024-01-14 16:51:00,fingerprint,0.7683,DEV-0027,Manchester,1,success,183,False,
d49cc547-c371-4e42-8378-25dad399956c,USR-0128,2024-01-14 16:54:00,keystroke_dynamics,0.8231,DEV-0040,Manchester,1,success,211,False,
33579b27-5225-474a-b5b8-726ce462ff64,USR-0072,2024-01-14 17:03:00,voice,0.8119,DEV-0008,Manchester,1,success,200,False,
96ef2ad6-b97e-4703-86c8-adfe7bf47042,USR-0009,2024-01-14 17:06:00,keystroke_dynamics,0.8233,DEV-0046,Manchester,1,success,223,False,
2cd58759-e95d-4761-bc36-dc59e134edfc,USR-0030,2024-01-14 17:06:00,voice,0.8201,DEV-0040,Manchester,1,success,147,False,
0a3e4918-6e4f-4ea3-b0ad-16f7db1fb4d4,USR-0131,2024-01-14 17:09:00,fingerprint,0.7579,DEV-0047,New York,1,success,215,False,
c521ff2e-f9cc-43ed-a8b4-5c6afee543b3,USR-0069,2024-01-14 17:12:00,fingerprint,0.811,DEV-0041,Manchester,1,success,129,False,
fdf02450-585b-4b17-ad9b-1eb118ebeed7,USR-0089,2024-01-14 17:15:00,fingerprint,0.7746,DEV-0019,New York,1,success,194,False,
7d6c3d2a-5564-41d3-8e0f-bae18787c3f4,USR-0068,2024-01-14 17:18:00,keystroke_dynamics,0.8058,DEV-0011,London,1,success,163,False,
bc2cbb0d-dd33-4cc7-ab7f-089acd5f4822,USR-0006,2024-01-14 17:23:00,fingerprint,0.8574,DEV-0033,New York,1,success,205,False,
60421eb5-ca6b-4ccd-bf8b-c509484f0da6,USR-0186,2024-01-14 17:28:00,voice,0.9245,DEV-0037,New York,1,success,293,False,
a159bef3-5cf9-4400-853f-777f51c46d6e,USR-0163,2024-01-14 17:30:00,face,0.8492,DEV-0019,Manchester,1,success,247,False,
c8ecb641-9267-4e10-a050-df248522496a,USR-0117,2024-01-14 17:31:00,fingerprint,0.7782,DEV-0031,New York,1,success,225,False,
b0a4f557-3381-401f-a3ff-8fd202e460aa,USR-0071,2024-01-14 17:32:00,face,0.8165,DEV-0031,London,1,success,150,False,
d034ce89-8364-4560-85b7-e83cc42f7d59,USR-0197,2024-01-14 17:35:00,fingerprint,0.9683,DEV-0020,London,1,success,178,False,
f7f3dc54-27a0-4911-afd2-9b721c13a1e7,USR-0192,2024-01-14 17:35:00,fingerprint,0.7874,DEV-0010,London,1,success,213,False,
c5583a17-f70d-48a0-bd75-e4232d921dab,USR-0094,2024-01-14 17:38:00,voice,0.775,DEV-0035,Manchester,1,success,193,False,
a7e70139-19f5-4f3c-bb90-4dfeafa1ff17,USR-0161,2024-01-14 17:40:00,fingerprint,0.833,DEV-0049,Manchester,1,success,123,False,
deaeb0c0-a8ac-4ab1-afa9-d02c9e4c4be7,USR-0116,2024-01-14 17:42:00,face,0.7946,DEV-0050,London,1,success,160,False,
c3b0de86-15b7-4e01-9bc8-41bd6b9c7e6b,USR-0116,2024-01-14 17:42:00,face,0.5933,DEV-0050,London,11,success,160,True,rapid_retry
d5d4999b-39d8-4a14-a9fa-c66650c74b31,USR-0157,2024-01-14 17:42:00,face,0.7773,DEV-0011,London,1,success,203,False,
4b47b715-f937-4fff-b146-56f1787ed06b,USR-0150,2024-01-14 17:51:00,face,0.8965,DEV-0001,New York,1,success,216,False,
9df034d3-9caa-437c-bc67-95e2c32fc21b,USR-0069,2024-01-14 18:01:00,face,0.8577,DEV-0021,Manchester,1,success,168,False,
d8914adf-341c-412a-a249-1260107e528c,USR-0090,2024-01-14 18:04:00,keystroke_dynamics,0.9035,DEV-0009,London,1,success,184,False,
cb37a85d-93c4-4d32-973b-df7a8e14338e,USR-0185,2024-01-14 18:04:00,voice,0.9184,DEV-0037,London,1,success,159,False,
edd24200-f884-495d-8a45-e44d4cd82847,USR-0158,2024-01-14 18:08:00,face,0.8349,DEV-0019,New York,1,success,137,False,
bbc41107-ec4d-4550-b570-f44d4fc55e4c,USR-0172,2024-01-14 18:08:00,voice,0.858,DEV-0039,Manchester,1,success,130,False,
d900b745-311d-4ed4-863a-5bb6c841b6a8,USR-0102,2024-01-14 18:10:00,face,0.7567,DEV-0016,Manchester,1,success,177,False,
e0864418-7f3e-459b-9638-613769f35b2d,USR-0072,2024-01-14 18:21:00,fingerprint,0.8566,DEV-0011,Manchester,1,success,117,False,
1b0c9092-8127-48f7-9909-e0c9276c7935,USR-0138,2024-01-14 18:27:00,voice,0.7721,DEV-0032,London,1,success,220,False,
d0a44432-9cd6-4852-b14c-7df4e4347d51,USR-0006,2024-01-14 18:31:00,voice,0.7417,DEV-0043,New York,1,success,206,False,
439e754c-6930-46ea-a0bd-a1ee5807cf74,USR-0045,2024-01-14 18:37:00,keystroke_dynamics,0.8116,DEV-0041,Manchester,1,success,209,False,
f6c8b8b9-d915-4664-bd27-4ad5a9a54c24,USR-0055,2024-01-14 18:38:00,voice,0.8286,DEV-0005,London,1,success,213,False,
3da9c2a9-0ed4-4f1a-bd4c-bf374eb93eff,USR-0002,2024-01-14 18:46:00,keystroke_dynamics,0.727,DEV-0010,New York,1,success,182,False,
047dd583-9344-4b2f-bba3-16688334e524,USR-0085,2024-01-14 18:48:00,fingerprint,0.8523,DEV-0001,London,1,success,192,False,
ab987d93-53bd-4128-a2f0-6403eac97d37,USR-0110,2024-01-14 18:52:00,fingerprint,0.8979,DEV-0020,Manchester,1,success,206,False,
3e59034b-c1da-4b7d-adb2-094bbce7e298,USR-0112,2024-01-14 18:56:00,voice,0.7903,DEV-0005,London,1,success,191,False,
6f082598-e1b4-47ef-9f8a-4862ff68ef1a,USR-0105,2024-01-14 18:56:00,face,0.7491,DEV-0026,New York,1,success,133,False,
c21f84fc-d0bc-4ad5-85f8-0d9b00060d5a,USR-0062,2024-01-14 19:01:00,voice,0.6978,DEV-0017,Manchester,1,success,181,False,
dcadfda8-ece0-47bb-9835-9b4b4dfcf384,USR-0167,2024-01-14 19:07:00,keystroke_dynamics,0.8054,DEV-0008,London,1,success,184,False,
647ac591-5da6-4a3a-a60c-cfb4c6735380,USR-0055,2024-01-14 19:09:00,fingerprint,0.728,DEV-0019,London,1,success,172,False,
ad409244-cd35-46ef-9c37-07394a629c5e,USR-0050,2024-01-14 19:17:00,face,0.7134,DEV-0044,London,1,success,222,False,
89344b06-0790-4eb4-9b2a-1376315e4e80,USR-0135,2024-01-14 19:20:00,fingerprint,0.8399,DEV-0041,Manchester,1,success,209,False,
e9ff1cae-41c8-4a8c-aa1f-955ad499da99,USR-0014,2024-01-14 19:26:00,fingerprint,0.8346,DEV-0009,London,1,success,157,False,
33d3958a-3b74-4fd2-8a2d-6f038f464f34,USR-0194,2024-01-14 19:29:00,keystroke_dynamics,0.7296,DEV-0041,Manchester,1,success,219,False,
e3346bd8-14a1-464b-adea-c5b89cc862cd,USR-0146,2024-01-14 19:32:00,face,0.7691,DEV-0001,London,1,success,212,False,
ff31950a-fdd0-44a1-8cd2-216f50adff63,USR-0066,2024-01-14 19:35:00,fingerprint,0.7494,DEV-0024,London,1,success,252,False,
3922a7e4-2de9-42f8-8d7b-ec04e6e59b32,USR-0040,2024-01-14 19:40:00,keystroke_dynamics,0.9378,DEV-0047,New York,1,success,180,False,
35b33f54-2513-4cd4-a5b0-15b44a84525f,USR-0119,2024-01-14 19:40:00,face,0.7896,DEV-0029,London,1,success,189,False,
e6b9d31a-361f-4d90-bad1-fa330ae4ac11,USR-0032,2024-01-14 19:43:00,voice,0.8499,DEV-0036,New York,1,success,225,False,
732af4e8-e9d1-4994-9553-8cc94444a6bd,USR-0183,2024-01-14 20:00:00,voice,0.8589,DEV-0003,London,1,success,199,False,
f7e47c8c-9628-4429-8a81-870a1ecf8aec,USR-0125,2024-01-14 20:02:00,face,0.8588,DEV-0030,London,1,success,152,False,
f165d779-0154-4950-976d-e21f1b46ebdc,USR-0033,2024-01-14 20:06:00,face,0.7985,DEV-0035,Manchester,1,success,154,False,
5e66d8fa-de69-4076-9f8c-edcdc91ceaae,USR-0033,2024-01-14 20:06:00,face,0.4697,DEV-0035,Manchester,13,success,154,True,rapid_retry
76733597-75cf-4755-bdaf-76e7e115d52b,USR-0108,2024-01-14 20:10:00,keystroke_dynamics,0.7796,DEV-0043,New York,1,success,206,False,
1bad52a8-a976-4c4d-8c47-2187fea35d37,USR-0049,2024-01-14 20:12:00,keystroke_dynamics,0.8154,DEV-0015,New York,1,success,132,False,
93423b4f-8add-46f9-9ccc-e19ff2335074,USR-0082,2024-01-14 20:14:00,face,0.8542,DEV-0023,Manchester,1,success,166,False,
a21c0c06-ed37-4567-8be7-728e6a1aba9d,USR-0052,2024-01-14 20:16:00,keystroke_dynamics,0.8132,DEV-0045,Manchester,1,success,128,False,
ea299a22-9914-457d-b62f-b6ee172dc647,USR-0174,2024-01-14 20:17:00,keystroke_dynamics,0.7573,DEV-0021,London,1,success,198,False,
5aac72b1-77e7-4d81-9b88-fc72b66cdb02,USR-0142,2024-01-14 20:23:00,keystroke_dynamics,0.8664,DEV-0049,Manchester,1,success,160,False,
bcb3636d-7fbe-4bb3-b0ae-d12de8f10194,USR-0059,2024-01-14 20:26:00,fingerprint,0.8022,DEV-0006,Manchester,1,success,170,False,
889cd33d-299f-4f30-b9b8-1e658a34b26b,USR-0083,2024-01-14 20:27:00,face,0.7819,DEV-0002,New York,1,success,188,False,
d0ef0cd4-5e6e-4398-8ff1-b675e6fb976b,USR-0137,2024-01-14 20:37:00,fingerprint,0.855,DEV-0027,New York,1,success,162,False,
24eeb4a6-c145-45c7-9d98-6115f05eeefe,USR-0025,2024-01-14 20:46:00,keystroke_dynamics,0.8552,DEV-0032,London,1,success,161,False,
d20eac17-4e20-4d1a-9983-36e375d66ed4,USR-0006,2024-01-14 20:46:00,voice,0.8448,DEV-0021,New York,1,success,157,False,
659e2deb-ec28-4a93-b5a4-f270eadeae69,USR-0132,2024-01-14 20:52:00,face,0.7506,DEV-0035,New York,1,success,231,False,
7eca5b2d-341f-4b4a-b6ca-f84012adbc1b,USR-0178,2024-01-14 20:53:00,voice,0.7763,DEV-0040,New York,1,success,210,False,
5132fe68-a1a0-44a9-b058-3380ea77d1d6,USR-0092,2024-01-14 20:54:00,fingerprint,0.7823,DEV-0004,New York,1,success,75,False,
78ea47e2-cbc4-4d42-9c39-b57dbc0dbd13,USR-0096,2024-01-14 20:57:00,fingerprint,0.865,DEV-0047,New York,1,success,156,False,
f08d5f51-9742-42a6-a8a7-926043a8007e,USR-0098,2024-01-14 20:57:00,keystroke_dynamics,0.5474,DEV-0009,London,1,success,158,True,low_score_bypass
b1c8d50a-1e39-4f21-8775-cabfdcff5f1e,USR-0098,2024-01-14 20:57:00,keystroke_dynamics,0.7382,DEV-0009,London,1,success,158,False,
ad5406bc-7209-4a7b-9975-a56289d56357,USR-0084,2024-01-14 21:04:00,fingerprint,0.8503,DEV-0040,New York,1,success,176,False,
1f20c257-ed34-4e32-8126-fa8fbddfd7eb,USR-0135,2024-01-14 21:10:00,fingerprint,0.8219,DEV-0047,Manchester,1,success,173,False,
02b49d26-672b-4fa7-a95d-a34b5b860e79,USR-0192,2024-01-14 21:19:00,face,0.6902,DEV-0025,London,1,success,216,False,
e5228d31-0d9a-4fce-9d7c-f46d3836613c,USR-0138,2024-01-14 21:24:00,fingerprint,0.728,DEV-0010,London,1,success,190,False,
23d7e6a1-19b8-44fc-a587-1d8916312fc6,USR-0037,2024-01-14 21:35:00,keystroke_dynamics,0.7836,DEV-0026,Manchester,1,success,188,False,
53391df4-5ae8-4d18-88dc-1e26c7c2564a,USR-0061,2024-01-14 21:35:00,keystroke_dynamics,0.7527,DEV-0003,London,1,success,217,False,
581848c5-27d1-4990-a049-a289056a3b28,USR-0123,2024-01-14 21:37:00,voice,0.8249,DEV-0018,London,1,success,227,False,
30a5648e-efe9-43d0-b639-08bf03ece8ff,USR-0031,2024-01-14 21:37:00,keystroke_dynamics,0.8695,DEV-0037,London,1,success,145,False,
750cab75-4ccc-4bc2-a53f-8a28abf3e3fc,USR-0005,2024-01-14 21:40:00,face,0.9259,DEV-0046,London,1,success,196,False,
d773f98d-550c-4fe9-a54c-11d9f2e61828,USR-0033,2024-01-14 21:41:00,face,0.8462,DEV-0011,Manchester,1,success,196,False,
f52eaf63-badf-47a8-aeaf-39512f701b32,USR-0145,2024-01-14 21:42:00,keystroke_dynamics,0.8084,DEV-0028,London,1,success,108,False,
1eb1dc0c-75f0-46c0-955d-307823447519,USR-0137,2024-01-14 21:50:00,voice,0.8946,DEV-0040,New York,1,success,209,False,
175a81ec-112f-4612-b969-9ed2ec48bf55,USR-0016,2024-01-14 21:53:00,face,0.8157,DEV-0003,New York,1,success,178,False,
f70fdc0c-a085-4f47-96dd-b15968473103,USR-0016,2024-01-14 21:53:00,face,0.6475,DEV-0003,New York,16,success,178,True,rapid_retry
a4a8a844-8bdf-4208-81c5-bc8b64e94d6a,USR-0177,2024-01-14 21:54:00,keystroke_dynamics,0.7993,DEV-0037,Manchester,1,success,154,False,
7c6166df-515a-4b43-b189-1f48e66e2c11,USR-0054,2024-01-14 21:58:00,fingerprint,0.7618,DEV-0011,New York,1,success,164,False,
d6eaf269-514e-4353-af23-7c4d1e4ea133,USR-0069,2024-01-14 21:59:00,keystroke_dynamics,0.7363,DEV-0043,Manchester,1,success,151,False,
27d3584c-fb99-4c3e-9383-883b118f1972,USR-0149,2024-01-15 02:43:00,fingerprint,0.7831,DEV-0023,Manchester,1,success,146,True,off_hours
35868ed1-e4a2-418e-b328-8280e3ca0915,USR-0124,2024-01-15 02:59:00,fingerprint,0.9362,DEV-0050,London,1,success,185,True,off_hours
6eb1de50-c1ba-4834-8aec-1d2d63a7bc90,USR-0077,2024-01-15 04:37:00,fingerprint,0.9376,DEV-0043,Manchester,1,success,198,True,off_hours
b01f90e7-6b0c-4da5-89ef-a19b2d98f251,USR-0153,2024-01-15 07:07:00,voice,0.8473,DEV-0004,New York,1,success,148,False,
a0ca381c-bc3d-468a-87d4-9f499cc15301,USR-0181,2024-01-15 07:12:00,voice,0.8147,DEV-0047,Manchester,1,success,170,False,
c0cffa73-35b5-4ec5-b3ed-8f33f587d26d,USR-0082,2024-01-15 07:13:00,voice,0.8474,DEV-0038,Manchester,1,success,263,False,
e1721c83-ef5e-4376-a723-fb72682b163a,USR-0027,2024-01-15 07:16:00,keystroke_dynamics,0.791,DEV-0030,London,1,success,185,False,
16d4fdff-f260-4a26-b025-f0410aa86e33,USR-0178,2024-01-15 07:16:00,keystroke_dynamics,0.9296,DEV-0049,New York,1,success,196,False,
43651cb8-329d-4f9e-b964-8a0f2d0490a7,USR-0183,2024-01-15 07:18:00,keystroke_dynamics,0.7145,DEV-0041,London,1,success,202,False,
741b77f5-4c24-4053-a7f5-ae02af5b8f47,USR-0024,2024-01-15 07:23:00,face,0.8752,DEV-0019,Manchester,1,success,153,False,
aedb3046-595b-4abc-9b97-23324a9b37f0,USR-0177,2024-01-15 07:25:00,keystroke_dynamics,0.7032,DEV-0006,Manchester,1,success,176,False,
00a81de9-d20f-47d0-8465-6d6b81fb18b3,USR-0011,2024-01-15 07:26:00,voice,0.8217,DEV-0044,London,1,success,181,False,
5ef787b8-f2e6-495f-b32e-2016add702c9,USR-0022,2024-01-15 07:27:00,face,0.777,DEV-0045,London,1,success,105,False,
fb29ff36-2155-4ba8-b5b8-23e420168e6d,USR-0086,2024-01-15 07:29:00,fingerprint,0.9785,DEV-0023,London,1,success,203,False,
3dc0f8cf-1b6c-4937-a282-d170f5080d9c,USR-0093,2024-01-15 07:31:00,keystroke_dynamics,0.6088,DEV-0028,Manchester,10,success,108,True,rapid_retry
bca37653-50c7-4baa-aa3c-6137e48623dd,USR-0093,2024-01-15 07:31:00,keystroke_dynamics,0.8352,DEV-0028,Manchester,1,success,108,False,
72984bb6-4efa-4dc3-8bae-4fc1d18ad3ca,USR-0153,2024-01-15 07:32:00,face,0.8667,DEV-0025,New York,1,success,182,False,
ecaf8800-ad8a-4364-a379-064fb241b95b,USR-0111,2024-01-15 07:41:00,face,0.77,DEV-0037,Manchester,1,success,152,False,
7eba0464-65c2-47c0-9085-449dbd9f82d7,USR-0125,2024-01-15 07:42:00,keystroke_dynamics,0.7611,DEV-0015,London,1,success,152,False,
ba303cce-3590-47e0-bd2e-7d9ee2c6093e,USR-0106,2024-01-15 07:44:00,face,0.8937,DEV-0025,New York,1,success,198,False,
8fc45e9e-b60a-4a9c-be8c-ea8a255c4297,USR-0200,2024-01-15 07:50:00,fingerprint,0.8224,DEV-0040,London,1,success,134,False,
4e8172da-4a8d-4853-b6bb-cd585cdb7eda,USR-0164,2024-01-15 07:54:00,face,0.7345,DEV-0035,Manchester,1,success,141,False,
fea82e3a-b544-41cb-9541-0a9d090aaa93,USR-0048,2024-01-15 07:57:00,keystroke_dynamics,0.7671,DEV-0010,Manchester,1,success,151,False,
aeb1fcd3-f836-4a87-aaa2-25714b0d2716,USR-0083,2024-01-15 07:58:00,fingerprint,0.745,DEV-0050,New York,1,success,169,False,
b91a7793-5e7a-4fce-b530-57b9295026e5,USR-0163,2024-01-15 07:59:00,voice,0.8017,DEV-0049,Manchester,1,success,204,False,
48d3d2ce-fba3-491f-88df-aaf8b9efaad6,USR-0066,2024-01-15 08:05:00,face,0.8527,DEV-0046,London,1,success,93,False,
3c3c9c08-e523-48a9-9223-d9061db67101,USR-0080,2024-01-15 08:08:00,voice,0.8806,DEV-0010,London,1,success,178,False,
3664cafa-0f6d-4751-be9e-7b8af8c59ac6,USR-0138,2024-01-15 08:15:00,fingerprint,0.8772,DEV-0030,London,1,success,266,False,
65f76d06-5a2d-465b-87ce-baaaf713c245,USR-0136,2024-01-15 08:22:00,face,0.788,DEV-0014,London,1,success,205,False,
3f569381-4119-4559-a5b9-de82ae5a5f99,USR-0114,2024-01-15 08:32:00,face,0.8873,DEV-0030,Manchester,1,success,212,False,
9d66e815-5a41-43b3-a95f-176cdebac186,USR-0022,2024-01-15 08:40:00,fingerprint,0.7869,DEV-0026,London,1,success,282,False,
a197339c-913a-4b6c-a8df-e59a2dbdc7cf,USR-0135,2024-01-15 08:41:00,keystroke_dynamics,0.8506,DEV-0012,Manchester,1,success,172,False,
b379cb1e-e8cd-40cc-b6da-3ca0d2e82f38,USR-0014,2024-01-15 08:44:00,fingerprint,0.8704,DEV-0011,London,1,success,153,False,
ee87905e-4ca4-45ea-8dfa-6a56d12dbc9a,USR-0005,2024-01-15 08:45:00,voice,0.9065,DEV-0016,London,1,success,122,False,
eee5b33e-2dd3-4f8e-9fcb-f48261e8baa5,USR-0156,2024-01-15 08:46:00,fingerprint,0.9134,DEV-0043,Manchester,1,success,217,False,
5168bbf2-97af-4bde-bc8e-9d782d14e9f4,USR-0042,2024-01-15 08:46:00,fingerprint,0.729,DEV-0012,Manchester,1,success,210,False,
a2ef0f53-8138-4447-a376-324fc30f3c69,USR-0098,2024-01-15 08:47:00,voice,0.9163,DEV-0042,London,1,success,96,False,
8e8c71d8-359d-45ae-bc16-89c24dbc217c,USR-0096,2024-01-15 08:48:00,face,0.7853,DEV-0032,New York,1,success,169,False,
c9e26074-4f16-49a0-8a17-991ea5769411,USR-0013,2024-01-15 08:51:00,voice,0.8917,DEV-0043,Manchester,1,success,119,False,
de8ede0b-a85c-4e4a-804b-6fabfcf56188,USR-0011,2024-01-15 08:51:00,voice,0.763,DEV-0046,London,1,success,285,False,
e5508ea2-6133-434d-8b0e-8eb1ad371d9e,USR-0026,2024-01-15 08:51:00,fingerprint,0.7942,DEV-0019,New York,1,success,152,False,
42067d80-de4b-4b12-afa2-2f9290c97f00,USR-0085,2024-01-15 08:57:00,voice,0.9154,DEV-0023,London,1,success,157,False,
2ec46bfe-bd4b-49cd-8c19-e0ac418df073,USR-0167,2024-01-15 09:00:00,voice,0.7817,DEV-0049,London,1,success,136,False,
c9ac376c-fe11-430e-90fc-fdaa274b369e,USR-0121,2024-01-15 09:09:00,fingerprint,0.9516,DEV-0019,New York,1,success,218,False,
a03c67ff-4f0d-47bc-80c8-b0838faf04ba,USR-0167,2024-01-15 09:10:00,fingerprint,0.935,DEV-0007,London,1,success,213,False,
6e025590-0f32-4b39-bce7-c8078c2d23a9,USR-0177,2024-01-15 09:12:00,keystroke_dynamics,0.6185,DEV-0047,Manchester,10,success,164,True,rapid_retry
7f8a1fca-9ef1-4e4f-a2f0-77e330405cc4,USR-0177,2024-01-15 09:12:00,keystroke_dynamics,0.8803,DEV-0047,Manchester,1,success,164,False,
737cf8b5-6356-4add-a85a-9f2b4236c0bf,USR-0054,2024-01-15 09:15:00,face,0.7712,DEV-0048,New York,1,success,212,False,
d37ee471-6e3b-4507-a21c-1209c3a1962d,USR-0066,2024-01-15 09:16:00,face,0.8326,DEV-0033,London,1,success,140,False,
27d54ab0-86d6-4946-9397-abdfaa399b2c,USR-0066,2024-01-15 09:16:00,face,0.5025,DEV-0033,London,13,success,140,True,rapid_retry
40b374f8-8c1a-42c7-9fa3-ed1f61584f88,USR-0049,2024-01-15 09:24:00,voice,0.8032,DEV-0009,New York,1,success,141,False,
e237c877-2e0e-4673-8ed7-cd177e14c595,USR-0071,2024-01-15 09:28:00,voice,0.864,DEV-0030,London,1,success,129,False,
2294fa0a-8482-4c08-842c-65ad9883e9b1,USR-0066,2024-01-15 09:30:00,voice,0.8195,DEV-0011,London,1,success,186,False,
3b45d977-c289-4a30-92db-575a79f633e8,USR-0143,2024-01-15 09:33:00,face,0.8761,DEV-0016,New York,1,success,194,False,
7d9def75-1138-48db-af2f-841100d190bd,USR-0153,2024-01-15 09:36:00,keystroke_dynamics,0.8664,DEV-0026,New York,1,success,137,False,
65637d1f-5763-4902-9552-0712af92ef22,USR-0072,2024-01-15 09:43:00,face,0.8973,DEV-0012,Manchester,1,success,180,False,
1a6b6a7d-1a38-4ad6-8e53-2ffdbb134f02,USR-0037,2024-01-15 09:44:00,face,0.9079,DEV-0038,Manchester,1,success,219,False,
db6a34ea-c3a5-4237-81b2-16cf9d23c3cf,USR-0059,2024-01-15 09:45:00,fingerprint,0.8367,DEV-0045,Manchester,1,success,159,False,
b819b15d-4f96-4a84-a0d4-4d244d074581,USR-0142,2024-01-15 09:45:00,keystroke_dynamics,0.9583,DEV-0017,Manchester,1,success,139,False,
c75f41dc-9a6a-4bb1-9cda-038513eb4358,USR-0131,2024-01-15 09:47:00,face,0.8354,DEV-0020,New York,1,success,170,False,
58f42098-591c-4524-953b-0f1fea3e072a,USR-0058,2024-01-15 09:49:00,fingerprint,0.9178,DEV-0046,New York,1,success,165,False,
9f8d367d-6cfa-42dd-ae28-dccd9abbe46b,USR-0075,2024-01-15 09:53:00,keystroke_dynamics,0.747,DEV-0016,Manchester,1,success,234,False,
f5159494-3818-4fd3-b889-936a9d5817e8,USR-0028,2024-01-15 09:55:00,keystroke_dynamics,0.7916,DEV-0038,Manchester,1,success,179,False,
00926d61-368b-4d68-83c6-b5324b25c483,USR-0122,2024-01-15 10:00:00,voice,0.9529,DEV-0002,Manchester,1,success,126,False,
7e984064-e3b1-4fd8-806c-bd3fac334f9c,USR-0190,2024-01-15 10:06:00,keystroke_dynamics,0.7273,DEV-0036,London,1,success,226,False,
47802d60-968c-47f1-b8f7-ef4882380358,USR-0151,2024-01-15 10:08:00,face,0.8733,DEV-0025,New York,1,success,235,False,
e42c0aea-23d7-463d-9391-d017dbd4a86d,USR-0055,2024-01-15 10:16:00,face,0.7929,DEV-0004,London,1,success,148,False,
c478f6f1-b88e-4318-816d-83edad81f8bd,USR-0013,2024-01-15 10:39:00,voice,0.7932,DEV-0045,Manchester,1,success,187,False,
590c3cdc-7455-467a-9623-d84810b72ccf,USR-0013,2024-01-15 10:39:00,voice,0.4196,DEV-0045,Manchester,20,success,187,True,rapid_retry
3e2613ab-a98c-49cf-b25f-3382dbad54e6,USR-0074,2024-01-15 10:46:00,keystroke_dynamics,0.3862,DEV-0024,London,1,success,162,True,low_score_bypass
7b7ce7cc-f950-47fa-a8b5-8db58c466308,USR-0074,2024-01-15 10:46:00,keystroke_dynamics,0.7092,DEV-0024,London,1,success,162,False,
8e485223-46b9-4991-a14e-b70db380c73a,USR-0008,2024-01-15 10:54:00,voice,0.8038,DEV-0007,New York,1,success,140,False,
725d4259-3c4b-4eec-a231-ee7342c2d2eb,USR-0028,2024-01-15 10:58:00,keystroke_dynamics,0.7545,DEV-0048,Manchester,1,success,163,False,
fdab0afa-dbc7-445d-8994-41c5ad8f6932,USR-0149,2024-01-15 11:02:00,keystroke_dynamics,0.8811,DEV-0007,Manchester,1,success,128,False,
99b3568d-6dcc-4c60-9e35-836f66aa394c,USR-0092,2024-01-15 11:02:00,fingerprint,0.7584,DEV-0034,New York,1,success,195,False,
2d5f60d9-19bb-4bf0-9b63-9a38049ffb5f,USR-0111,2024-01-15 11:10:00,face,0.7429,DEV-0021,Manchester,1,success,115,False,
e10b1a47-7fae-4748-b781-321e83c501cb,USR-0024,2024-01-15 11:14:00,fingerprint,0.8403,DEV-0013,Manchester,1,success,168,False,
7c8dc9d0-a1a2-42d0-941f-b001f7bcbc14,USR-0162,2024-01-15 11:17:00,keystroke_dynamics,0.8737,DEV-0015,New York,1,success,193,False,
6fa17735-b572-43d0-8b5c-ea6a41357e8c,USR-0006,2024-01-15 11:19:00,voice,0.8334,DEV-0015,New York,1,success,180,False,
e6e005dd-31c2-4ddb-b2c5-b9b954c06524,USR-0185,2024-01-15 11:20:00,keystroke_dynamics,0.852,DEV-0042,London,1,success,121,False,
2233212a-f526-4ea2-b953-3cb78ef1a114,USR-0130,2024-01-15 11:21:00,voice,0.6906,DEV-0027,New York,1,success,165,False,
420fd9a8-d45b-4e9b-b61e-c0ed8ddd2994,USR-0130,2024-01-15 11:37:00,face,0.8576,DEV-0026,New York,1,success,178,False,
89628f6e-929c-43b3-b3c0-8bf18167999f,USR-0029,2024-01-15 11:43:00,keystroke_dynamics,0.924,DEV-0038,London,1,success,269,False,
d8d994b8-d90f-44e9-86dd-f6cab0c30a59,USR-0037,2024-01-15 11:44:00,keystroke_dynamics,0.8591,DEV-0013,Manchester,1,success,134,False,
f1e34d6c-6c02-4976-9e73-b307f37590d3,USR-0192,2024-01-15 11:54:00,keystroke_dynamics,0.8986,DEV-0024,London,1,success,214,False,
88a613b4-a3b8-4f92-a3c9-0c6a86017633,USR-0062,2024-01-15 12:00:00,keystroke_dynamics,0.8765,DEV-0013,Manchester,1,success,187,False,
3ae28023-5472-4d2d-b239-9ffb27046f25,USR-0031,2024-01-15 12:07:00,keystroke_dynamics,0.7334,DEV-0048,London,1,success,88,False,
01e187d8-1a31-4044-95a0-f35665abc9ff,USR-0047,2024-01-15 12:14:00,voice,0.837,DEV-0017,New York,1,success,140,False,
20d1968f-0b8c-421f-9728-9c5e0734a403,USR-0089,2024-01-15 12:15:00,keystroke_dynamics,0.8375,DEV-0008,New York,1,success,165,False,
69eb337c-059e-48d8-8ba2-0d387db4990d,USR-0135,2024-01-15 12:16:00,voice,0.8258,DEV-0036,Manchester,1,success,115,False,
b33d9c7c-4e73-4dcc-8664-82ee6844a0e3,USR-0124,2024-01-15 12:19:00,face,0.9318,DEV-0029,London,1,success,94,False,
8d7248e2-951f-48d0-9e84-f058d5a804eb,USR-0005,2024-01-15 12:21:00,keystroke_dynamics,0.8648,DEV-0018,London,1,success,204,False,
e726be23-e776-4886-9534-ee1d7f2984f5,USR-0012,2024-01-15 12:23:00,keystroke_dynamics,0.8015,DEV-0049,New York,1,success,188,False,
e6647803-32f9-430d-9e6e-5122a47cacbf,USR-0109,2024-01-15 12:26:00,face,0.5268,DEV-0014,New York,17,success,144,True,rapid_retry
a8b97820-e92c-4b92-a279-67a3753439c0,USR-0109,2024-01-15 12:26:00,face,0.7779,DEV-0014,New York,1,success,144,False,
f62162ab-6ba6-4252-b76f-fd036d7bba17,USR-0142,2024-01-15 12:34:00,fingerprint,0.8124,DEV-0037,Manchester,1,success,157,False,
478b640b-3868-4ee5-aae9-81cb2c6d523b,USR-0196,2024-01-15 12:42:00,keystroke_dynamics,0.8231,DEV-0014,Manchester,1,success,186,False,
7e8adee7-0758-4201-961e-16d16105716b,USR-0008,2024-01-15 12:42:00,keystroke_dynamics,0.8698,DEV-0038,New York,1,success,145,False,
f9012b9c-6057-453a-8067-f79084440504,USR-0055,2024-01-15 12:45:00,keystroke_dynamics,0.8776,DEV-0030,London,1,success,198,False,
706ad042-ae6b-4455-9cdd-d7c2d25a0b3f,USR-0143,2024-01-15 12:47:00,face,0.8094,DEV-0013,New York,1,success,118,False,
685707ac-3a40-4e39-83a5-f42136daa93a,USR-0087,2024-01-15 12:47:00,fingerprint,0.8488,DEV-0045,Manchester,1,success,145,False,
3451cf94-ee8b-46d3-8b94-6541d4cae432,USR-0113,2024-01-15 12:49:00,voice,0.8716,DEV-0010,New York,1,success,212,False,
3defa7ba-07d2-4d4d-ae61-716a1fb621ae,USR-0046,2024-01-15 12:51:00,face,0.7538,DEV-0017,Manchester,1,success,166,False,
efd1b588-1054-42d5-9876-35761a5ed196,USR-0061,2024-01-15 12:59:00,face,0.7822,DEV-0029,London,1,success,209,False,
2aefcf3b-43b7-40ef-82c4-1c54a8debd88,USR-0057,2024-01-15 13:05:00,keystroke_dynamics,0.9018,DEV-0020,Manchester,1,success,245,False,
13ed280a-d5e1-4d1f-a5f2-2dfba741104b,USR-0055,2024-01-15 13:07:00,keystroke_dynamics,0.8042,DEV-0003,London,1,success,166,False,
3f010e25-6ac0-4ccb-9eb8-e0db7273b7af,USR-0185,2024-01-15 13:08:00,voice,0.8913,DEV-0037,London,1,success,250,False,
7808a004-02a4-48e1-95f2-f85a754a3e48,USR-0093,2024-01-15 13:10:00,keystroke_dynamics,0.8212,DEV-0001,Manchester,1,success,147,False,
7cdfa469-82ed-4aad-b84c-2537f2d0a15c,USR-0194,2024-01-15 13:11:00,voice,0.744,DEV-0042,Manchester,1,success,226,False,
44087701-aa66-40ed-af0b-5b2b97514f49,USR-0174,2024-01-15 13:15:00,fingerprint,0.7402,DEV-0035,London,1,success,168,False,
4fe54745-5827-4e80-a082-1918b18ad67d,USR-0048,2024-01-15 13:15:00,face,0.7381,DEV-0040,Manchester,1,success,174,False,
35c606b5-4e00-4d55-95ca-dfaff26d3dd3,USR-0054,2024-01-15 13:16:00,fingerprint,0.7664,DEV-0032,New York,1,success,200,False,
3139d32c-93cd-49bf-9c94-1cf0dc98d2c1,USR-0001,2024-01-15 13:17:00,face,0.7403,DEV-0044,New York,1,success,187,False,
c69e17c9-6018-4b17-bec5-715ca71db3a6,USR-0119,2024-01-15 13:21:00,keystroke_dynamics,0.7777,DEV-0023,London,1,success,126,False,
79fee842-e4cc-4065-abd7-f764f8d592a7,USR-0172,2024-01-15 13:27:00,voice,0.7652,DEV-0009,Manchester,1,success,168,False,
1dde7969-6886-43db-a634-8e784d5c55c7,USR-0014,2024-01-15 13:30:00,keystroke_dynamics,0.7932,DEV-0014,London,1,success,104,False,
cd840a47-fd7b-4279-9253-55159dc0a8b5,USR-0068,2024-01-15 13:32:00,keystroke_dynamics,0.815,DEV-0049,London,1,success,189,False,
1993edfe-583f-497d-a8c9-d68c7a3338e0,USR-0159,2024-01-15 13:34:00,keystroke_dynamics,0.7619,DEV-0011,London,1,success,189,False,
37f25d36-8bdd-4ee3-b0fd-6672b80f16c5,USR-0036,2024-01-15 13:36:00,keystroke_dynamics,0.8609,DEV-0050,New York,1,success,239,False,
09f7e468-4b1f-4028-acf6-c879d27960a4,USR-0159,2024-01-15 13:36:00,keystroke_dynamics,0.7619,DEV-0011,Singapore,1,success,189,True,geo_jump
592448ee-7ac1-44f9-8472-f9f6ec6494e0,USR-0086,2024-01-15 13:36:00,voice,0.9521,DEV-0011,London,1,success,165,False,
844e250b-e684-490c-923b-78208089b8c5,USR-0045,2024-01-15 13:37:00,keystroke_dynamics,0.702,DEV-0016,Manchester,1,success,135,False,
ba85e403-6c80-444b-a5d1-36e2f8698e93,USR-0085,2024-01-15 13:40:00,keystroke_dynamics,0.8936,DEV-0005,London,1,success,116,False,
c78e0272-c43b-47af-8120-053d1aefff21,USR-0109,2024-01-15 13:49:00,face,0.8467,DEV-0050,New York,1,success,214,False,
21962a11-c90c-41d3-b28e-10025766fe0c,USR-0131,2024-01-15 13:49:00,face,0.8083,DEV-0041,New York,1,success,206,False,
a800d519-ca3d-41cc-b88a-a20e111b0acd,USR-0193,2024-01-15 13:50:00,fingerprint,0.8654,DEV-0012,Manchester,1,success,174,False,
f262e145-2731-460c-a149-ee42642d03af,USR-0179,2024-01-15 13:52:00,fingerprint,0.8386,DEV-0016,New York,1,success,171,False,
e5de9e28-53ba-440f-b21e-246255a0db97,USR-0188,2024-01-15 13:53:00,keystroke_dynamics,0.8092,DEV-0019,New York,1,success,273,False,
cebeabaa-2859-4b34-9725-d2c71eb2a7b8,USR-0041,2024-01-15 14:01:00,voice,0.841,DEV-0014,Manchester,1,success,139,False,
f7336094-6b2b-48b9-85c7-f3bed183010f,USR-0045,2024-01-15 14:01:00,fingerprint,0.8321,DEV-0031,Manchester,1,success,245,False,
7ed70ed7-b194-490b-a961-929e546e035a,USR-0011,2024-01-15 14:02:00,fingerprint,0.7825,DEV-0024,London,1,success,181,False,
9bfc24bd-b647-458d-ba68-f42949af5000,USR-0162,2024-01-15 14:10:00,keystroke_dynamics,0.8156,DEV-0050,New York,1,success,163,False,
689ab92d-37c4-46a1-8e7d-e390d825b478,USR-0149,2024-01-15 14:16:00,fingerprint,0.7803,DEV-0050,Manchester,1,success,171,False,
90a67567-23f2-468f-876a-25332d91ac23,USR-0157,2024-01-15 14:16:00,face,0.8307,DEV-0026,London,1,success,148,False,
0937a982-96f4-4688-b33b-5a5d0a45f604,USR-0188,2024-01-15 14:18:00,keystroke_dynamics,0.7233,DEV-0030,New York,1,success,143,False,
88f7f097-57f2-445f-a751-5d4b0d829d52,USR-0076,2024-01-15 14:20:00,keystroke_dynamics,0.8319,DEV-0025,London,1,success,179,False,
6b2b0c27-1eec-4480-aab1-803803f89c7b,USR-0151,2024-01-15 14:22:00,keystroke_dynamics,0.9344,DEV-0038,New York,1,success,140,False,
2e0fb5b3-8bae-491e-bf4c-c10f979c30cf,USR-0033,2024-01-15 14:22:00,voice,0.867,DEV-0032,Manchester,1,success,169,False,
bfb8abb9-a18c-4492-b4e0-079a98fb4727,USR-0062,2024-01-15 14:23:00,fingerprint,0.7203,DEV-0047,Manchester,1,success,200,False,
c605e58a-4845-4343-9db4-49dc77106966,USR-0040,2024-01-15 14:25:00,fingerprint,0.8939,DEV-0047,New York,1,success,247,False,
1fb235c4-5abe-43fa-81eb-7abba08262df,USR-0097,2024-01-15 14:25:00,face,0.8393,DEV-0014,New York,1,success,220,False,
b972393a-5bb0-4d76-a0b5-7717b072afc8,USR-0065,2024-01-15 14:27:00,keystroke_dynamics,0.7923,DEV-0024,Manchester,1,success,210,False,
7fb63b12-4cf2-4624-8243-0329f09fe936,USR-0097,2024-01-15 14:31:00,face,0.8393,DEV-0014,Lagos,1,success,220,True,geo_jump
14fcdd54-9e8f-4965-8a2c-827e98326856,USR-0004,2024-01-15 14:43:00,face,0.7803,DEV-0033,London,1,success,214,False,
0f3f0f48-52d6-4779-9e43-79cbd8230076,USR-0043,2024-01-15 14:54:00,keystroke_dynamics,0.8721,DEV-0035,London,1,success,161,False,
277529a2-8d2c-4e83-8407-26547f5f61aa,USR-0065,2024-01-15 14:54:00,fingerprint,0.7488,DEV-0024,Manchester,1,success,222,False,
d0d70956-2205-4294-b319-c9c052d61c9a,USR-0150,2024-01-15 14:56:00,fingerprint,0.4384,DEV-0045,New York,1,success,132,True,low_score_bypass
1b3206f0-0689-4b1c-975a-ae69e9707c9e,USR-0150,2024-01-15 14:56:00,fingerprint,0.8773,DEV-0045,New York,1,success,132,False,
6e6b34b9-07ef-4ba8-b45a-6ab37b94a34d,USR-0044,2024-01-15 15:01:00,keystroke_dynamics,0.7929,DEV-0033,New York,1,success,202,False,
d9347309-b72f-4d06-bb44-f3d7cabe2348,USR-0190,2024-01-15 15:03:00,face,0.8566,DEV-0015,London,1,success,174,False,
6c307511-b2b9-437a-a8df-6ec4ce4a2bbd,USR-0001,2024-01-15 15:07:00,keystroke_dynamics,0.9079,DEV-0006,New York,1,success,170,False,
a93c9413-1396-4289-829a-988f18a95210,USR-0088,2024-01-15 15:08:00,keystroke_dynamics,0.845,DEV-0019,London,1,success,226,False,
3a5b171c-b7a4-4108-8dac-20f90abd99fd,USR-0149,2024-01-15 15:16:00,face,0.8364,DEV-0038,Manchester,1,success,221,False,
592c6a0e-14d4-4d3a-8b40-fcdd9cd2da08,USR-0117,2024-01-15 15:21:00,face,0.8221,DEV-0017,New York,1,success,165,False,
e44cbd41-ce36-492a-98e9-d0aac1b6edd4,USR-0065,2024-01-15 15:22:00,face,0.8977,DEV-0038,Manchester,1,success,201,False,
17eaec83-8892-442f-9d4b-2bf94d85e9c7,USR-0024,2024-01-15 15:23:00,fingerprint,0.8571,DEV-0032,Manchester,1,success,262,False,
027deb45-da64-45b5-82a0-72ddade03e6c,USR-0139,2024-01-15 15:23:00,keystroke_dynamics,0.8417,DEV-0001,Manchester,1,success,159,False,
64b078a7-a4f9-467f-9dc3-bbee31523136,USR-0134,2024-01-15 15:28:00,voice,0.7045,DEV-0020,New York,1,success,239,False,
f1578470-0182-47c4-ba1b-58066160a6b4,USR-0007,2024-01-15 15:30:00,voice,0.8123,DEV-0022,Manchester,1,success,141,False,
6c521d13-b719-4b68-a775-ee42a89e22f2,USR-0034,2024-01-15 15:32:00,fingerprint,0.797,DEV-0026,New York,1,success,190,False,
f66a015b-6063-4b32-bbd6-b0b5a5278097,USR-0143,2024-01-15 15:32:00,voice,0.8228,DEV-0035,New York,1,success,170,False,
56fb9a22-e2b6-4f5d-9805-2a559118b0e6,USR-0181,2024-01-15 15:34:00,fingerprint,0.8245,DEV-0010,Manchester,1,success,199,False,
c6f903cf-4027-4514-ba40-662f9243a301,USR-0077,2024-01-15 15:37:00,fingerprint,0.9376,DEV-0043,Manchester,1,success,198,False,
177d6e7e-07d9-44ce-b8c8-8faea2178f84,USR-0017,2024-01-15 15:45:00,voice,0.8558,DEV-0005,London,1,success,208,False,
91ed554a-3fae-4f01-a829-0f3c86b4852c,USR-0066,2024-01-15 16:02:00,fingerprint,0.7597,DEV-0019,London,1,success,194,False,
91ae757c-8607-4228-920b-58cfbb916d1c,USR-0162,2024-01-15 16:03:00,keystroke_dynamics,0.7416,DEV-0047,New York,1,success,187,False,
2e2bdc6c-b736-4c4f-9cc5-d97550fe8199,USR-0048,2024-01-15 16:10:00,fingerprint,0.8519,DEV-0007,Manchester,1,success,194,False,
9a1de644-815e-46d1-bb8f-aa1837f8a88b,USR-0001,2024-01-15 16:17:00,fingerprint,0.7922,DEV-0049,New York,1,success,161,False,
53cdc93f-b84f-481c-a379-6fa5b84e203d,USR-0188,2024-01-15 16:20:00,voice,0.7976,DEV-0005,New York,1,success,136,False,
9136d4ad-f27e-4ce7-ab8d-2c495e3003e1,USR-0092,2024-01-15 16:20:00,voice,0.816,DEV-0037,New York,1,success,165,False,
e33fc52c-4570-43e4-a53c-8f74a5076897,USR-0061,2024-01-15 16:21:00,fingerprint,0.8505,DEV-0045,London,1,success,162,False,
a5d83148-0deb-483b-b6ba-45725c667438,USR-0188,2024-01-15 16:32:00,fingerprint,0.7395,DEV-0010,New York,1,success,241,False,
c4ddfe54-917c-4f11-b81e-d083929614b5,USR-0149,2024-01-15 16:35:00,fingerprint,0.7831,DEV-0023,Manchester,1,success,146,False,
1064005c-3985-43cf-bf76-be1d1efa2197,USR-0002,2024-01-15 16:36:00,fingerprint,0.8376,DEV-0005,New York,1,success,151,False,
fd8fb938-fbac-4ade-bfe4-36d1994f7c31,USR-0111,2024-01-15 16:41:00,keystroke_dynamics,0.8268,DEV-0014,Manchester,1,success,148,False,
4d57d880-d865-469a-b4f3-310340066ff2,USR-0012,2024-01-15 16:45:00,keystroke_dynamics,0.884,DEV-0011,New York,1,success,226,False,
638e1388-8faf-4d4a-a5a9-9ebcbe0ec2da,USR-0053,2024-01-15 16:47:00,voice,0.7606,DEV-0044,Manchester,1,success,178,False,
aa528f85-01d9-4b33-b488-e328c075e119,USR-0116,2024-01-15 16:53:00,face,0.776,DEV-0048,London,1,success,150,False,
a41f0d38-ca80-4df8-b182-fcf2a151ed02,USR-0092,2024-01-15 16:53:00,fingerprint,0.7491,DEV-0037,New York,1,success,219,False,
91519998-f293-4585-9a07-d758b357f3f9,USR-0042,2024-01-15 16:57:00,face,0.7879,DEV-0030,Manchester,1,success,194,False,
44296ca2-1257-429e-be08-5cb73f09f7a6,USR-0067,2024-01-15 17:00:00,fingerprint,0.8616,DEV-0032,London,1,success,224,False,
bf4113cb-32e1-4f17-ab47-ed615372ebed,USR-0080,2024-01-15 17:07:00,face,0.8167,DEV-0037,London,1,success,143,False,
f1f71605-a79e-4626-b707-ac0e0d96feb3,USR-0068,2024-01-15 17:09:00,voice,0.9156,DEV-0016,London,1,success,180,False,
6c8c4bac-9c13-4aa7-b483-6de8f1337e7d,USR-0172,2024-01-15 17:11:00,keystroke_dynamics,0.8224,DEV-0004,Manchester,1,success,210,False,
6d7fd4e2-85e9-4c6c-bfa7-c199d76f0813,USR-0094,2024-01-15 17:11:00,fingerprint,0.7522,DEV-0025,Manchester,1,success,147,False,
07f194f9-c115-4d6d-8a4e-5b70a6d964a3,USR-0008,2024-01-15 17:16:00,keystroke_dynamics,0.7742,DEV-0017,New York,1,success,107,False,
ea74bb18-de3b-496f-ac45-96f6c012a0ff,USR-0016,2024-01-15 17:16:00,face,0.8865,DEV-0001,New York,1,success,138,False,
292bd156-db94-4570-9ac7-0ec0ab8ddeb4,USR-0010,2024-01-15 17:19:00,voice,0.7095,DEV-0038,New York,1,success,128,False,
8ac8ad93-7e02-421d-b86b-543ae1b243cc,USR-0042,2024-01-15 17:23:00,fingerprint,0.8095,DEV-0034,Manchester,1,success,206,False,
8f962ff2-186b-4a71-9569-12ddf9cf2bd2,USR-0154,2024-01-15 17:24:00,fingerprint,0.8373,DEV-0030,New York,1,success,194,False,
0227b8d5-b070-4a53-90ce-857f75c72fb6,USR-0060,2024-01-15 17:28:00,face,0.8496,DEV-0047,New York,1,success,65,False,
15936f42-4d31-49b3-a187-8e933281f976,USR-0097,2024-01-15 17:42:00,face,0.7321,DEV-0050,New York,1,success,153,False,
7222534d-b309-4e0d-b0ac-0677d60f8680,USR-0073,2024-01-15 17:45:00,fingerprint,0.8125,DEV-0028,Manchester,1,success,171,False,
a4f954fc-c449-41b6-8fef-7811e124c3f2,USR-0092,2024-01-15 17:45:00,fingerprint,0.7311,DEV-0021,New York,1,success,126,False,
fd9f45f4-0816-4739-8393-3447f3dc50bf,USR-0088,2024-01-15 17:47:00,fingerprint,0.8021,DEV-0046,London,1,success,165,False,
51cbf9e5-fb7d-4ba1-98c8-8c483ced4d1f,USR-0043,2024-01-15 17:50:00,fingerprint,0.8958,DEV-0048,London,1,success,146,False,
2ff8107a-63ba-4d86-9b0e-70ad922bda48,USR-0072,2024-01-15 17:53:00,keystroke_dynamics,0.8646,DEV-0011,Manchester,1,success,171,False,
8b1d2284-5b6c-4b7a-990c-2e2a6467e0c0,USR-0153,2024-01-15 17:54:00,face,0.8039,DEV-0008,New York,1,success,151,False,
41afeb2a-62c8-43f4-9d06-149ef1eab64a,USR-0053,2024-01-15 17:55:00,keystroke_dynamics,0.7217,DEV-0037,Manchester,1,success,108,False,
6610ba20-f0b0-4031-898a-ef7285d3f3ee,USR-0174,2024-01-15 18:00:00,keystroke_dynamics,0.7979,DEV-0020,London,1,success,163,False,
7458d92c-a1da-4c7a-9b88-26edff4a9185,USR-0156,2024-01-15 18:10:00,face,0.7155,DEV-0043,Manchester,1,success,161,False,
1b98a0e3-9a06-4a93-8ac7-256b61f13c8c,USR-0174,2024-01-15 18:10:00,keystroke_dynamics,0.7886,DEV-0012,London,1,success,121,False,
349b5089-2733-4670-b3ad-a2ba797209c0,USR-0049,2024-01-15 18:12:00,voice,0.8504,DEV-0018,New York,1,success,150,False,
13aae9c8-efb2-48fd-a391-ffdb8794ac7e,USR-0085,2024-01-15 18:19:00,voice,0.8072,DEV-0050,London,1,success,213,False,
ce9205ae-cdb5-482a-a78b-941fdcca9a71,USR-0161,2024-01-15 18:19:00,face,0.8419,DEV-0038,Manchester,1,success,189,False,
8e969227-72e7-4b51-ae54-ac6d2ff8e87e,USR-0033,2024-01-15 18:21:00,fingerprint,0.9052,DEV-0006,Manchester,1,success,155,False,
e94053af-d488-4dff-9c35-25775193412d,USR-0090,2024-01-15 18:30:00,fingerprint,0.789,DEV-0007,London,1,success,204,False,
0b531932-bd94-49aa-bea6-e5b20c760d28,USR-0030,2024-01-15 18:33:00,voice,0.8772,DEV-0028,Manchester,1,success,200,False,
57549c43-ce96-4698-bc8b-7eb7037146f7,USR-0183,2024-01-15 18:38:00,voice,0.779,DEV-0015,London,1,success,224,False,
eba0330c-6a9a-4f4b-ae39-c29a921f266f,USR-0094,2024-01-15 18:39:00,face,0.866,DEV-0047,Manchester,1,success,179,False,
d7aa0f83-59f6-464d-bfce-50b36151bd93,USR-0101,2024-01-15 18:40:00,voice,0.8226,DEV-0050,New York,1,success,207,False,
2c3aacdc-aed5-4a46-8bde-005b5d8babd7,USR-0038,2024-01-15 18:49:00,fingerprint,0.8318,DEV-0034,Manchester,1,success,192,False,
62c965b2-7eb0-462a-bd45-74ebf4655a21,USR-0038,2024-01-15 18:50:00,fingerprint,0.8623,DEV-0022,Manchester,1,success,211,False,
d9750f00-d5ab-48ae-9112-fbc03d8f95f4,USR-0032,2024-01-15 18:59:00,face,0.8092,DEV-0003,London,1,success,234,False,
c46268d6-b22d-4bfe-8ab3-5cb1653d6c17,USR-0178,2024-01-15 19:02:00,fingerprint,0.779,DEV-0031,New York,1,success,165,False,
c074718e-425a-409f-b337-c59979844388,USR-0007,2024-01-15 19:03:00,face,0.7609,DEV-0018,Manchester,1,success,200,False,
846af2e6-5c89-4b2a-bedd-fc1777723a5a,USR-0103,2024-01-15 19:06:00,voice,0.8273,DEV-0002,London,1,success,163,False,
74eda60e-3b2d-420b-a4f3-418541822509,USR-0050,2024-01-15 19:08:00,keystroke_dynamics,0.8704,DEV-0012,London,1,success,188,False,
889dc47e-2718-4112-adcd-f65db924312e,USR-0197,2024-01-15 19:17:00,voice,0.9254,DEV-0029,London,1,success,241,False,
e99d6b91-0715-42d9-b616-b5036906b588,USR-0142,2024-01-15 19:19:00,voice,0.7348,DEV-0015,Manchester,1,success,145,False,
d6a7aa06-2bab-4a12-a94f-513fd770a46e,USR-0110,2024-01-15 19:20:00,fingerprint,0.9182,DEV-0018,Manchester,1,success,122,False,
17c95aaa-21bd-45eb-915a-a3c07737cfb5,USR-0073,2024-01-15 19:32:00,keystroke_dynamics,0.8282,DEV-0036,Manchester,1,success,296,False,
ac93281a-92eb-4ab0-a4ee-c67c1a57f9e4,USR-0039,2024-01-15 19:40:00,fingerprint,0.8432,DEV-0024,Manchester,1,success,223,False,
b75d2f0c-472e-4f3b-8f9a-fd511a58fa44,USR-0137,2024-01-15 19:42:00,face,0.8375,DEV-0004,New York,1,success,191,False,
58c6d166-fe65-4782-97c2-6cfdf9d59f7f,USR-0135,2024-01-15 19:45:00,face,0.822,DEV-0037,Manchester,1,success,180,False,
d8528abb-1a87-4c25-a29f-1962ebd795f5,USR-0174,2024-01-15 19:49:00,face,0.7716,DEV-0002,London,1,success,177,False,
7a3a6e96-23ff-43d3-bb4f-b88a2f4dd219,USR-0028,2024-01-15 19:52:00,voice,0.8983,DEV-0018,Manchester,1,success,113,False,
3a0761d9-0624-4bdf-b96c-8f79e983c62e,USR-0128,2024-01-15 20:02:00,keystroke_dynamics,0.771,DEV-0019,Manchester,1,success,133,False,
38f1f1ab-cb17-4945-be88-f8e4143dbd6c,USR-0152,2024-01-15 20:17:00,face,0.8202,DEV-0016,Manchester,1,success,187,False,
078c7f1d-2e65-4eb1-95f3-04a02de94792,USR-0175,2024-01-15 20:27:00,face,0.7805,DEV-0015,New York,1,success,186,False,
9d719800-e30d-4d83-8844-cc496761f64e,USR-0171,2024-01-15 20:32:00,fingerprint,0.9162,DEV-0001,London,1,success,207,False,
3902d8a7-e5ae-488f-9942-339503d301cf,USR-0170,2024-01-15 20:33:00,voice,0.8448,DEV-0024,London,1,success,189,False,
16de66c9-6210-4ef6-ba9c-43081221cddf,USR-0037,2024-01-15 20:34:00,voice,0.9772,DEV-0036,Manchester,1,success,135,False,
5a2d6aee-6e29-4319-814d-98294e4a516f,USR-0141,2024-01-15 20:35:00,face,0.7393,DEV-0007,London,1,success,136,False,
e79f9f3d-19ee-4c3b-b93c-4b0bb93b770c,USR-0050,2024-01-15 20:36:00,fingerprint,0.787,DEV-0030,London,1,success,174,False,
06b19eec-05d1-47ad-a828-b0b74cc1032d,USR-0050,2024-01-15 20:39:00,fingerprint,0.787,DEV-0030,Singapore,1,success,174,True,geo_jump
4feeea91-8003-44a8-9c7a-b4e3ee8b09a3,USR-0146,2024-01-15 20:40:00,face,0.7592,DEV-0025,London,1,success,109,False,
6a241f46-3af7-4a21-a93e-7b5b1e4ae3a7,USR-0056,2024-01-15 20:45:00,keystroke_dynamics,0.7953,DEV-0030,New York,1,success,216,False,
a5accd5a-48f1-4eed-a703-7089c78cd2c3,USR-0094,2024-01-15 20:47:00,keystroke_dynamics,0.8133,DEV-0014,Manchester,1,success,191,False,
17584f23-1fa0-4802-bbb7-1494b7e767d4,USR-0070,2024-01-15 20:52:00,keystroke_dynamics,0.8587,DEV-0018,Manchester,1,success,217,False,
0f67a174-0023-44e2-aad9-8682f8da5a79,USR-0101,2024-01-15 20:57:00,voice,0.7951,DEV-0023,New York,1,success,151,False,
34dbda6b-dd9e-4b6d-a751-82a4f48138b5,USR-0108,2024-01-15 20:57:00,keystroke_dynamics,0.7934,DEV-0029,New York,1,success,180,False,
64953d5f-0cb4-4891-988d-f23b3ccff6eb,USR-0044,2024-01-15 21:02:00,fingerprint,0.8472,DEV-0034,New York,1,success,140,False,
235fc3d5-2224-4806-8e07-2a5273edb223,USR-0052,2024-01-15 21:04:00,fingerprint,0.8841,DEV-0009,Manchester,1,success,204,False,
4b8fb475-e2eb-42d2-b848-52b657f498e0,USR-0080,2024-01-15 21:06:00,fingerprint,0.8241,DEV-0016,London,1,success,110,False,
0d394b57-a4d4-4f15-ad54-a50182866d40,USR-0124,2024-01-15 21:08:00,fingerprint,0.9362,DEV-0050,London,1,success,185,False,
0a054950-1f7f-45b0-9075-b55accee6b1c,USR-0120,2024-01-15 21:09:00,fingerprint,0.8729,DEV-0045,New York,1,success,221,False,
4d71c366-b41b-4143-8b10-550cd5704f32,USR-0005,2024-01-15 21:10:00,keystroke_dynamics,0.8048,DEV-0029,London,1,success,130,False,
67c3bd9e-2f54-40e5-899a-5349cb93dab6,USR-0119,2024-01-15 21:10:00,keystroke_dynamics,0.7526,DEV-0008,London,1,success,195,False,
a34b6cf6-2053-4a42-b1af-db65b289f224,USR-0009,2024-01-15 21:14:00,keystroke_dynamics,0.8044,DEV-0022,Manchester,1,success,119,False,
8e07d8fc-83b1-41ec-bba5-a5dfb5786277,USR-0154,2024-01-15 21:19:00,fingerprint,0.898,DEV-0027,New York,1,success,151,False,
ce31ce5c-213b-4241-83c5-9c143824c62b,USR-0171,2024-01-15 21:26:00,fingerprint,0.7098,DEV-0001,London,1,success,162,False,
639509c4-119a-4396-be3e-9a907a6eaaa5,USR-0108,2024-01-15 21:29:00,voice,0.6959,DEV-0026,New York,1,success,183,False,
82278cac-0cfe-4cdf-a872-c5573d9049bb,USR-0171,2024-01-15 21:32:00,fingerprint,0.7098,DEV-0001,Singapore,1,success,162,True,geo_jump
9b6fbe20-4b3a-4a83-a286-16f4bbf9a04b,USR-0117,2024-01-15 21:35:00,voice,0.815,DEV-0033,New York,1,success,225,False,
3f5e3b8c-c058-4da5-a757-075bd47f83b1,USR-0036,2024-01-15 21:37:00,fingerprint,0.85,DEV-0031,New York,1,success,198,False,
78a118df-0088-4a76-8d25-c8d0fde90c2d,USR-0134,2024-01-15 21:40:00,keystroke_dynamics,0.4903,DEV-0047,New York,13,success,151,True,rapid_retry
a70bba9c-3d5e-49df-afc2-147c5badd755,USR-0134,2024-01-15 21:40:00,keystroke_dynamics,0.7744,DEV-0047,New York,1,success,151,False,
811317a8-f4c8-4393-96dd-6c82a8909e31,USR-0052,2024-01-15 21:44:00,face,0.8775,DEV-0023,Manchester,1,success,182,False,
78ac9c5e-5b5c-47cf-960d-cb39db988c39,USR-0117,2024-01-15 21:47:00,voice,0.815,DEV-0033,Singapore,1,success,225,True,geo_jump
334a34a8-8bf3-49a3-b31a-dd22bdddbd36,USR-0143,2024-01-15 21:49:00,keystroke_dynamics,0.9499,DEV-0049,New York,1,success,222,False,
e67410de-479f-45f3-93b6-81500205e16a,USR-0097,2024-01-15 21:56:00,face,0.7942,DEV-0042,New York,1,success,127,False,
7b2413e8-005f-4765-975f-310891653dbc,USR-0097,2024-01-15 22:09:00,face,0.7942,DEV-0042,Singapore,1,success,127,True,geo_jump
5ef1cb5b-37ed-4e1a-b6eb-aef4bcef2c15,USR-0096,2024-01-16 02:27:00,fingerprint,0.7679,DEV-0038,New York,1,success,202,True,off_hours
cc361369-2636-4245-a9b8-8f333c5d815e,USR-0016,2024-01-16 02:54:00,voice,0.8496,DEV-0036,New York,1,success,190,True,off_hours
6b732c7a-8dca-44bd-850a-2d22b08c19fa,USR-0041,2024-01-16 04:45:00,face,0.7178,DEV-0002,Manchester,1,success,143,True,off_hours
c6642ca9-10fa-42fc-a9b2-a838edac4484,USR-0006,2024-01-16 04:49:00,keystroke_dynamics,0.8189,DEV-0029,New York,1,success,168,True,off_hours
89131a4a-c5c6-4d8a-a022-7afc4ba82162,USR-0019,2024-01-16 04:57:00,voice,0.7728,DEV-0037,Manchester,1,success,126,True,off_hours
d65e59dd-e62d-4d06-8f9b-85581a7f195b,USR-0019,2024-01-16 07:00:00,keystroke_dynamics,0.8523,DEV-0001,Manchester,1,success,143,False,
2620f9a9-74fd-43d1-84f2-fd0f79474bfa,USR-0026,2024-01-16 07:05:00,voice,0.8508,DEV-0025,London,1,success,187,False,
fa926f97-bd87-4f11-a1ca-afcd23a2f59c,USR-0192,2024-01-16 07:06:00,voice,0.9023,DEV-0005,London,1,success,180,False,
6c5540f0-cc9c-441c-8696-99010ddca788,USR-0060,2024-01-16 07:07:00,voice,0.8858,DEV-0005,New York,1,success,117,False,
af4637b3-c9a6-4c37-b507-8c5dcb62f5b6,USR-0082,2024-01-16 07:15:00,keystroke_dynamics,0.7889,DEV-0024,Manchester,1,success,214,False,
d73cad84-5fd9-4dfe-8a5e-df3827439b53,USR-0134,2024-01-16 07:17:00,voice,0.7716,DEV-0009,New York,1,success,247,False,
641e7f8c-4c25-498e-8ad7-3d36b62e8f02,USR-0108,2024-01-16 07:19:00,face,0.865,DEV-0022,New York,1,success,99,False,
5c85a58c-d029-4d6b-abe5-5cc408d57cf7,USR-0114,2024-01-16 07:20:00,voice,0.9097,DEV-0036,London,1,success,168,False,
a87d21ff-f1fa-4e6a-ba23-6dbb6c4d1774,USR-0120,2024-01-16 07:21:00,voice,0.7345,DEV-0008,New York,1,success,256,False,
8eb7c306-8f73-498e-9c3d-0d5f5c6801d6,USR-0061,2024-01-16 07:26:00,face,0.7698,DEV-0002,Manchester,1,success,236,False,
1c2b498f-054d-4360-a24d-347360bc6cbc,USR-0128,2024-01-16 07:26:00,face,0.8809,DEV-0016,Manchester,1,success,187,False,
91d51b06-3059-4fbc-ad15-94cbdcc31cb2,USR-0128,2024-01-16 07:32:00,keystroke_dynamics,0.814,DEV-0030,Manchester,1,success,169,False,
358fb73f-b0bd-414f-84a5-24d9016d26d9,USR-0154,2024-01-16 07:45:00,fingerprint,0.8969,DEV-0001,New York,1,success,104,False,
eededb07-e623-4689-9d59-cd2a4eea04e7,USR-0005,2024-01-16 07:47:00,fingerprint,0.8967,DEV-0023,London,1,success,156,False,
65db6e43-47bf-4db7-82d9-a774ea7f6c7d,USR-0059,2024-01-16 07:50:00,face,0.897,DEV-0010,Manchester,1,success,82,False,
1b37ef19-b3bc-412f-9fb7-474e85a0d089,USR-0052,2024-01-16 07:52:00,voice,0.8728,DEV-0038,Manchester,1,success,136,False,
855c0a97-9640-4fcd-bf76-14495cf85eeb,USR-0061,2024-01-16 07:57:00,fingerprint,0.8924,DEV-0044,Manchester,1,success,118,False,
1d96dc53-2344-4c54-8cae-f9ec6d44f723,USR-0146,2024-01-16 08:03:00,voice,0.7014,DEV-0036,London,1,success,160,False,
0cf173f9-74d9-41f5-8877-58043fde9814,USR-0046,2024-01-16 08:08:00,fingerprint,0.7599,DEV-0018,Manchester,1,success,149,False,
d0095507-07fc-484e-a1b2-462781d67019,USR-0055,2024-01-16 08:14:00,face,0.8284,DEV-0013,London,1,success,219,False,
909e21ba-8a38-45aa-91be-ba8e0a8aeb94,USR-0067,2024-01-16 08:21:00,fingerprint,0.7364,DEV-0039,London,1,success,178,False,
9fbc879e-869c-4a8e-bd6a-b7c2a86d8706,USR-0065,2024-01-16 08:21:00,keystroke_dynamics,0.7367,DEV-0041,Manchester,1,success,210,False,
85406adb-983a-4235-9891-f8cfd7d050be,USR-0067,2024-01-16 08:23:00,fingerprint,0.7364,DEV-0039,Lagos,1,success,178,True,geo_jump
13ffe66e-6ef2-4516-9f42-ca29a747520f,USR-0199,2024-01-16 08:32:00,voice,0.8078,DEV-0023,Manchester,1,success,177,False,
26087b53-ca22-4cfe-8b4f-8f748914741c,USR-0106,2024-01-16 08:34:00,keystroke_dynamics,0.9351,DEV-0020,Manchester,1,success,165,False,
f5a98c9a-6a71-4ec5-a162-d1b7769ac892,USR-0199,2024-01-16 08:38:00,fingerprint,0.8157,DEV-0001,Manchester,1,success,140,False,
397a284f-76a4-479b-bd67-34588f2d0b17,USR-0085,2024-01-16 08:51:00,fingerprint,0.9021,DEV-0023,London,1,success,185,False,
67e54646-8430-40fa-b90f-ecf5e8410a39,USR-0055,2024-01-16 08:54:00,face,0.7492,DEV-0008,London,1,success,186,False,
5c70ee97-fca4-4567-8316-d2d6fa4a58ef,USR-0038,2024-01-16 09:12:00,voice,0.9042,DEV-0025,New York,1,success,207,False,
fc31654d-f6ae-4936-8071-4e0f2b23ace0,USR-0176,2024-01-16 09:14:00,voice,0.878,DEV-0023,London,1,success,151,False,
a3fb6d0b-f4be-48b4-8cd7-e6f7433ecd2c,USR-0085,2024-01-16 09:17:00,fingerprint,0.8403,DEV-0007,London,1,success,156,False,
0d574085-0f0a-4450-8e97-8ce118643b6a,USR-0093,2024-01-16 09:22:00,fingerprint,0.789,DEV-0031,Manchester,1,success,139,False,
b4586ea4-15b8-4fa6-8fca-b2a910fb436c,USR-0194,2024-01-16 09:24:00,fingerprint,0.7653,DEV-0031,Manchester,1,success,190,False,
6c99ce56-a58a-4bb5-9f19-30e0cda7a451,USR-0131,2024-01-16 09:25:00,fingerprint,0.8772,DEV-0030,New York,1,success,168,False,
9bfe970a-2591-4ffa-89cd-33a65f6f83c5,USR-0162,2024-01-16 09:26:00,fingerprint,0.8423,DEV-0002,New York,1,success,140,False,
5afa0fb3-5a16-49d9-af2f-077358c69158,USR-0068,2024-01-16 09:32:00,fingerprint,0.7302,DEV-0029,London,1,success,231,False,
6a36af18-06d3-4b93-ae33-688d597e6845,USR-0020,2024-01-16 09:40:00,voice,0.7377,DEV-0016,London,1,success,115,False,
cc5732f2-871b-4b1f-a0e4-0a11d8fbfda5,USR-0150,2024-01-16 09:45:00,fingerprint,0.8229,DEV-0025,New York,1,success,125,False,
fc737d92-11ab-4d11-a4eb-8000ef40d162,USR-0030,2024-01-16 09:47:00,voice,0.8352,DEV-0047,Manchester,1,success,198,False,
b546c5c0-d6de-40c5-ace4-599df92408c3,USR-0083,2024-01-16 09:52:00,face,0.7371,DEV-0035,New York,1,success,108,False,
b717548d-5f57-4d27-8419-99b615d1e2f8,USR-0097,2024-01-16 09:56:00,fingerprint,0.7768,DEV-0021,New York,1,success,134,False,
0316cde5-9590-4901-a5fb-24214d8e8fdb,USR-0165,2024-01-16 10:00:00,voice,0.7395,DEV-0010,Manchester,1,success,201,False,
f99cea5c-b65a-40f1-8350-ab061059ea28,USR-0039,2024-01-16 10:06:00,fingerprint,0.759,DEV-0037,Manchester,1,success,170,False,
98eeac2b-fe9f-4caa-a182-f347533f5a72,USR-0016,2024-01-16 10:12:00,voice,0.7919,DEV-0036,New York,1,success,193,False,
7d34d5ec-c36f-4008-8cdc-ffaf7fec01d8,USR-0184,2024-01-16 10:13:00,face,0.653,DEV-0010,London,1,success,176,False,
2a32e553-7370-4a7e-a8fc-0e45537598d4,USR-0110,2024-01-16 10:14:00,fingerprint,0.8735,DEV-0021,Manchester,1,success,135,False,
a4b1f991-7542-4646-8d37-a539857dd3b3,USR-0016,2024-01-16 10:15:00,voice,0.8496,DEV-0036,New York,1,success,190,False,
c7610e83-84d9-4451-8f18-8e729696dc6c,USR-0098,2024-01-16 10:19:00,keystroke_dynamics,0.8015,DEV-0041,London,1,success,196,False,
4f67448e-10ec-4b1f-a4a5-c736ae59aa52,USR-0038,2024-01-16 10:20:00,voice,0.7495,DEV-0029,New York,1,success,144,False,
31274148-7c7c-404e-8422-d03ef29a6339,USR-0019,2024-01-16 10:22:00,keystroke_dynamics,0.9034,DEV-0028,Manchester,1,success,202,False,
bf0aabdf-d708-4dc7-831f-9724e80368e2,USR-0166,2024-01-16 10:35:00,keystroke_dynamics,0.7342,DEV-0029,Manchester,1,success,123,False,
3f4574d4-401a-45cd-972b-81545594d9c6,USR-0103,2024-01-16 10:38:00,face,0.8581,DEV-0040,London,1,success,175,False,
e5d20eae-5104-4a0c-a650-8af4d9259a4b,USR-0157,2024-01-16 10:40:00,face,0.7924,DEV-0029,London,1,success,166,False,
2d90e4ee-0de4-433e-92c0-620c1667c518,USR-0054,2024-01-16 10:42:00,keystroke_dynamics,0.8262,DEV-0018,London,1,success,261,False,
7b814ce1-b22a-4428-b11f-4ae4233731e0,USR-0119,2024-01-16 10:48:00,fingerprint,0.7728,DEV-0014,London,1,success,140,False,
4439940d-0e58-4770-a566-0316f39ef1be,USR-0062,2024-01-16 10:58:00,fingerprint,0.7799,DEV-0041,Manchester,1,success,177,False,
aee1e86b-9ea5-46aa-a1ee-6c5bdeef580f,USR-0012,2024-01-16 11:02:00,face,0.818,DEV-0019,New York,1,success,251,False,
39f18027-6f88-42c0-b968-ab06b0067b61,USR-0137,2024-01-16 11:03:00,face,0.8363,DEV-0039,New York,1,success,243,False,
cfc91b52-4aff-40a0-8f4e-2726b9dd378e,USR-0164,2024-01-16 11:08:00,voice,0.7137,DEV-0023,Manchester,1,success,130,False,
00c59f30-d103-4424-8124-1bb4655ce508,USR-0029,2024-01-16 11:16:00,keystroke_dynamics,0.8861,DEV-0026,London,1,success,258,False,
b506c24d-8fff-49f7-b485-0fcd2f3b2b18,USR-0083,2024-01-16 11:18:00,fingerprint,0.786,DEV-0038,New York,1,success,156,False,
a0970ff4-dc42-4980-8059-5e29a226a75b,USR-0082,2024-01-16 11:23:00,keystroke_dynamics,0.8189,DEV-0001,Manchester,1,success,140,False,
1ed68b71-3ab8-4c3f-a612-e9e5a26d18f6,USR-0123,2024-01-16 11:27:00,fingerprint,0.821,DEV-0017,London,1,success,140,False,
0ec5bad7-b24a-46e3-9e41-1475b040d75a,USR-0114,2024-01-16 11:34:00,fingerprint,0.8095,DEV-0006,London,1,success,234,False,
fae45d7c-a1b1-487e-ba4c-b5590ecc9ff5,USR-0097,2024-01-16 11:36:00,voice,0.8213,DEV-0041,New York,1,success,134,False,
a70a409d-ac50-4260-b0f2-4933d544c79b,USR-0096,2024-01-16 11:36:00,fingerprint,0.7679,DEV-0038,New York,1,success,202,False,
4838a888-1a2e-4864-b8ea-ca362f999b2a,USR-0062,2024-01-16 11:38:00,voice,0.8704,DEV-0019,Manchester,1,success,125,False,
7832b59c-25bc-49ae-a547-a8dcc686e251,USR-0104,2024-01-16 11:38:00,fingerprint,0.801,DEV-0041,Manchester,1,success,192,False,
21bddb41-0699-4731-9dcf-8766a93b12cd,USR-0015,2024-01-16 11:41:00,face,0.844,DEV-0047,London,1,success,205,False,
2f160f3d-05ba-4c78-a696-dea06c2aeb89,USR-0162,2024-01-16 11:42:00,voice,0.7689,DEV-0028,New York,1,success,218,False,
0d722918-1db1-4e86-91cc-c8d3c1676505,USR-0076,2024-01-16 11:48:00,keystroke_dynamics,0.7655,DEV-0042,London,1,success,247,False,
e8e977f0-dc15-47c5-93a7-55812bfcc524,USR-0108,2024-01-16 11:48:00,keystroke_dynamics,0.9311,DEV-0021,New York,1,success,163,False,
abe05b22-13dc-4154-ab1f-c2ab640eb68e,USR-0111,2024-01-16 12:09:00,voice,0.9126,DEV-0047,Manchester,1,success,189,False,
17e6ae99-32d8-4c29-9370-7fcbb21534f7,USR-0174,2024-01-16 12:14:00,keystroke_dynamics,0.8376,DEV-0009,London,1,success,119,False,
79900a27-6c7c-4eb7-8bb5-f24251057c35,USR-0091,2024-01-16 12:19:00,voice,0.7658,DEV-0034,New York,1,success,212,False,
c350bf4f-31b8-4079-a990-94c090cbb982,USR-0113,2024-01-16 12:22:00,fingerprint,0.8009,DEV-0017,New York,1,success,204,False,
8f15ba58-fce6-4504-87f8-424daae65fc1,USR-0006,2024-01-16 12:26:00,voice,0.843,DEV-0021,New York,1,success,178,False,
8eb4b40e-b1e6-4f11-946c-4404e2edbb63,USR-0189,2024-01-16 12:29:00,keystroke_dynamics,0.8415,DEV-0034,Manchester,1,success,94,False,
39b86bb2-b596-4a7c-af4a-fa885299e505,USR-0024,2024-01-16 12:33:00,voice,0.8306,DEV-0011,London,1,success,165,False,
b65feea9-7d82-4264-9ba3-62e7afa415e5,USR-0016,2024-01-16 12:35:00,voice,0.8526,DEV-0019,New York,1,success,165,False,
50aefe0d-f836-43b0-81e7-719cd667a724,USR-0022,2024-01-16 12:37:00,fingerprint,0.4047,DEV-0050,London,14,success,260,True,rapid_retry
402758b2-f44c-4255-aa07-a49fc8803bae,USR-0022,2024-01-16 12:37:00,fingerprint,0.4824,DEV-0050,London,1,success,260,True,low_score_bypass
0eaf04b5-f2a9-4c8a-8a9e-4a62fae3114b,USR-0022,2024-01-16 12:37:00,fingerprint,0.9125,DEV-0050,London,1,success,260,False,
6906d118-6f75-43b2-9818-61124cdedddb,USR-0090,2024-01-16 12:41:00,face,0.7905,DEV-0021,London,1,success,123,False,
fa5fafdb-5123-49fa-aa61-b32f08e1624e,USR-0083,2024-01-16 12:42:00,voice,0.7806,DEV-0026,New York,1,success,152,False,
06e2ac94-9620-4553-b860-b58fbd8cc32e,USR-0160,2024-01-16 12:45:00,fingerprint,0.8395,DEV-0026,Manchester,1,success,227,False,
632c817e-8ec5-4d47-8a0c-64e5bc341b4f,USR-0070,2024-01-16 12:48:00,keystroke_dynamics,1.0,DEV-0026,Manchester,1,success,234,False,
86c45e42-955b-4346-b1f5-5560a42d10f5,USR-0084,2024-01-16 12:48:00,face,0.7664,DEV-0050,New York,1,success,164,False,
17a85108-43b9-4b02-b089-8400b2932bfb,USR-0157,2024-01-16 12:50:00,face,0.9051,DEV-0011,London,1,success,102,False,
eca04629-e05b-47ea-80a1-5dbc695f34ff,USR-0115,2024-01-16 12:50:00,keystroke_dynamics,0.7957,DEV-0002,New York,1,success,225,False,
2be26bd1-17de-4ce8-8dfd-3ecde50dede5,USR-0108,2024-01-16 12:57:00,fingerprint,0.7412,DEV-0040,New York,1,success,195,False,
9b72a9fe-669e-498d-a3e7-3896c784ef4b,USR-0126,2024-01-16 13:00:00,face,0.7995,DEV-0024,New York,1,success,216,False,
b1b2b9c6-7120-421e-86cd-6214237befd1,USR-0142,2024-01-16 13:03:00,voice,0.7555,DEV-0028,Manchester,1,success,193,False,
fba6abf7-cdbc-4653-b7a7-e8b75e70f65f,USR-0023,2024-01-16 13:07:00,face,0.9096,DEV-0032,Manchester,1,success,169,False,
aeeb5608-b2ed-403d-9641-aee399d81764,USR-0196,2024-01-16 13:10:00,face,0.7648,DEV-0033,Manchester,1,success,240,False,
82330e6e-b89c-46e9-9d39-b50542696d14,USR-0165,2024-01-16 13:13:00,keystroke_dynamics,0.9133,DEV-0009,Manchester,1,success,234,False,
a5fc00b5-7c39-415f-ad13-bac8dd8b6c69,USR-0165,2024-01-16 13:16:00,fingerprint,0.8064,DEV-0037,Manchester,1,success,205,False,
74b8b222-4607-41e5-afd8-dfa91b952ae5,USR-0187,2024-01-16 13:17:00,fingerprint,0.7768,DEV-0001,Manchester,1,success,154,False,
f51ed666-6e4a-4daa-ba42-87f37e3f1d45,USR-0052,2024-01-16 13:21:00,face,0.6433,DEV-0007,Manchester,13,success,128,True,rapid_retry
5bc07988-21f9-49e9-b7cf-45f6f32ede3c,USR-0082,2024-01-16 13:21:00,fingerprint,0.8113,DEV-0012,Manchester,1,success,181,False,
b148b2a6-ea79-47e1-9be7-02abfac08fc4,USR-0052,2024-01-16 13:21:00,face,0.8243,DEV-0007,Manchester,1,success,128,False,
dbc21e42-fd0d-4cb1-8916-7a93ada63c4b,USR-0119,2024-01-16 13:29:00,keystroke_dynamics,0.8527,DEV-0024,London,1,success,197,False,
893e2b89-dadf-4499-82e4-bf0140ee131d,USR-0057,2024-01-16 13:31:00,keystroke_dynamics,0.8323,DEV-0015,Manchester,1,success,210,False,
2a29e752-f139-4895-aa25-a5788cea3275,USR-0191,2024-01-16 13:44:00,fingerprint,0.7889,DEV-0046,London,1,success,108,False,
c572aa5b-51d4-4f72-ac77-8135fad76ab7,USR-0118,2024-01-16 13:46:00,keystroke_dynamics,0.8851,DEV-0028,Manchester,1,success,178,False,
f004e897-a15b-4e18-afb0-64065f4b1a97,USR-0041,2024-01-16 13:47:00,face,0.7178,DEV-0002,Manchester,1,success,143,False,
3bbdf80c-cef6-4a14-afdc-c21bdb2c0eb7,USR-0117,2024-01-16 13:50:00,voice,0.8727,DEV-0021,New York,1,success,142,False,
3aa06694-0610-442d-8024-1ac149d83188,USR-0112,2024-01-16 13:53:00,keystroke_dynamics,0.8595,DEV-0027,London,1,success,164,False,
1049f904-9d25-4dc4-922d-ef06fa33dca5,USR-0175,2024-01-16 13:55:00,face,0.7343,DEV-0026,London,1,success,143,False,
c4502052-86a8-421a-810e-622bf8bc920c,USR-0094,2024-01-16 13:57:00,voice,0.7464,DEV-0023,Manchester,1,success,267,False,
35c0c003-d2cb-43eb-bd52-3fad3fbefe33,USR-0126,2024-01-16 13:58:00,face,0.9155,DEV-0004,New York,1,success,156,False,
08683cbf-aa0b-4687-9d12-4a2233d9014f,USR-0166,2024-01-16 14:00:00,voice,0.8563,DEV-0007,Manchester,1,success,168,False,
8fc3d7d3-f6bd-40c7-a24a-2a50d0b1fde0,USR-0035,2024-01-16 14:00:00,face,0.8875,DEV-0043,New York,1,success,166,False,
6d4772f8-d46a-47af-aa73-6a676c461d48,USR-0114,2024-01-16 14:15:00,fingerprint,0.7822,DEV-0025,London,1,success,245,False,
0f5f9707-a008-4c20-8272-88e6ff39a117,USR-0064,2024-01-16 14:17:00,keystroke_dynamics,0.8706,DEV-0041,New York,1,success,226,False,
aa38d0a1-6ba2-4efe-b11c-6eb62095eef6,USR-0006,2024-01-16 14:21:00,face,0.8405,DEV-0004,New York,1,success,255,False,
a205e54f-b1e8-409d-bc20-b9f24a9c589e,USR-0033,2024-01-16 14:21:00,voice,0.8608,DEV-0045,Manchester,1,success,134,False,
f3f48d53-1120-41b7-9b23-91f0f620e4c0,USR-0185,2024-01-16 14:29:00,keystroke_dynamics,0.8298,DEV-0014,London,1,success,121,False,
c161b06c-1397-4542-9e65-3990fecd0ded,USR-0109,2024-01-16 14:38:00,voice,0.8819,DEV-0005,New York,1,success,123,False,
6dd013f3-87a2-4e22-b298-b8110b1ec578,USR-0057,2024-01-16 14:44:00,keystroke_dynamics,0.8214,DEV-0043,Manchester,1,success,123,False,
d4c2459b-bfac-4af7-be28-40a17a506f60,USR-0171,2024-01-16 14:49:00,fingerprint,0.7991,DEV-0035,New York,1,success,146,False,
60b759a9-f88a-4c64-974e-bb877ea413e5,USR-0089,2024-01-16 14:50:00,keystroke_dynamics,0.8512,DEV-0039,New York,1,success,166,False,
567b9583-e679-4a4b-b3ce-cf7c90d5e87e,USR-0098,2024-01-16 14:54:00,voice,0.7773,DEV-0013,London,1,success,184,False,
da4bdf2d-56a0-48b4-9179-2ee0bc731d47,USR-0128,2024-01-16 14:56:00,face,0.7759,DEV-0034,Manchester,1,success,218,False,
8f1c5f8c-f1ae-4af9-a826-a561bf1a61d7,USR-0098,2024-01-16 14:57:00,voice,0.9163,DEV-0009,London,1,success,228,False,
7dc4f12b-f2c5-42da-8094-4f952f51aca6,USR-0124,2024-01-16 15:00:00,face,0.6695,DEV-0002,London,1,success,149,False,
6035d9af-4a68-4bad-9af4-cf72da622059,USR-0132,2024-01-16 15:06:00,face,0.7561,DEV-0030,New York,1,success,112,False,
ff50bde4-3825-47b8-9cab-cc97663f1c97,USR-0001,2024-01-16 15:10:00,voice,0.7715,DEV-0034,New York,1,success,159,False,
a43e558c-2215-4f00-9fdf-0e05c0cef31b,USR-0037,2024-01-16 15:14:00,fingerprint,0.8168,DEV-0029,Manchester,1,success,228,False,
1966d047-db64-4c52-a7e7-eec3ecd5afa3,USR-0134,2024-01-16 15:16:00,keystroke_dynamics,0.8348,DEV-0036,New York,1,success,215,False,
dc6bf2c8-db18-4d46-8029-d6335b9559d0,USR-0143,2024-01-16 15:18:00,fingerprint,0.8518,DEV-0028,New York,1,success,137,False,
ebf484d0-ce6d-49bf-bc63-3d6c6eaf0a90,USR-0094,2024-01-16 15:22:00,fingerprint,0.7768,DEV-0014,Manchester,1,success,143,False,
40d1ff56-0c78-4409-b96d-c079a75908f0,USR-0192,2024-01-16 15:26:00,face,0.8529,DEV-0041,London,1,success,209,False,
68a650ce-f7fb-48d5-8e28-a0886771dc17,USR-0167,2024-01-16 15:27:00,keystroke_dynamics,0.8805,DEV-0009,London,1,success,183,False,
af95be79-c971-4f51-8a32-bb221b2bb2ec,USR-0054,2024-01-16 15:27:00,keystroke_dynamics,0.7101,DEV-0042,London,1,success,130,False,
7a6e43d0-d9c5-4cd9-b09d-721b62be4009,USR-0051,2024-01-16 15:33:00,fingerprint,0.8617,DEV-0031,London,1,success,134,False,
82d29bf8-61e3-478b-b2eb-de4e95c4fab0,USR-0111,2024-01-16 15:38:00,voice,0.8293,DEV-0043,Manchester,1,success,164,False,
115db44f-ca4a-40bc-8121-81a34818b004,USR-0071,2024-01-16 15:43:00,fingerprint,0.8088,DEV-0026,London,1,success,116,False,
25f93ab9-5e5f-410c-af14-4dc6b9ede33f,USR-0128,2024-01-16 15:58:00,fingerprint,0.7749,DEV-0010,Manchester,1,success,240,False,
10b6a662-2ac1-45ca-8e5d-8f1296b31f4a,USR-0048,2024-01-16 16:05:00,voice,0.8624,DEV-0023,Manchester,1,success,170,False,
e00bd534-3158-41fb-ac7a-0d3107692583,USR-0046,2024-01-16 16:10:00,fingerprint,0.7633,DEV-0043,Manchester,1,success,204,False,
e6f8dac3-b8ef-4250-b9fe-60c6b2b302d3,USR-0109,2024-01-16 16:30:00,fingerprint,0.8446,DEV-0021,New York,1,success,156,False,
6a961ac0-8651-42a6-8fe9-17808b8c6b6e,USR-0187,2024-01-16 16:31:00,keystroke_dynamics,0.8088,DEV-0009,Manchester,1,success,213,False,
8429e12c-347f-4a8c-b39a-442b0d92bc7e,USR-0142,2024-01-16 16:33:00,keystroke_dynamics,0.7846,DEV-0031,Manchester,1,success,229,False,
2dc09158-7b83-41cf-8ebc-6d7ec8a65b85,USR-0057,2024-01-16 16:41:00,voice,0.8137,DEV-0029,Manchester,1,success,195,False,
0a42be3f-e671-4582-ba9e-8394bb4ccb14,USR-0083,2024-01-16 16:42:00,face,0.8471,DEV-0037,New York,1,success,220,False,
96bf02dd-52f6-4f5a-b2a0-f8512121cc4f,USR-0143,2024-01-16 16:44:00,face,0.8354,DEV-0031,New York,1,success,135,False,
c5954f39-cc5d-46e4-bbc1-0bbeed1c4d70,USR-0143,2024-01-16 16:44:00,face,0.4935,DEV-0031,New York,1,success,135,True,low_score_bypass
29f5010c-8b6a-4c97-b8f4-223bd21a5375,USR-0190,2024-01-16 16:51:00,voice,0.784,DEV-0002,London,1,success,197,False,
71d79665-7181-4dcf-b79e-fc6e5edb0d3c,USR-0015,2024-01-16 16:56:00,keystroke_dynamics,0.9279,DEV-0019,London,1,success,205,False,
c124b471-b64d-458c-8d8f-808d9c0e6192,USR-0175,2024-01-16 17:02:00,voice,0.8508,DEV-0026,London,1,success,256,False,
0b90b03d-1c00-4895-b8fa-3b843f5cd7ed,USR-0139,2024-01-16 17:05:00,face,0.8311,DEV-0013,Manchester,1,success,276,False,
c9c1ad45-f4ea-4b97-aaa4-15b56336c815,USR-0053,2024-01-16 17:06:00,keystroke_dynamics,0.8445,DEV-0029,Manchester,1,success,202,False,
7317591a-3283-4aa4-a212-ab7c9d361cb6,USR-0035,2024-01-16 17:08:00,fingerprint,0.7984,DEV-0050,New York,1,success,126,False,
db9eb2e6-18f4-46dd-9071-ce940ff48fe8,USR-0156,2024-01-16 17:09:00,voice,0.7855,DEV-0033,Manchester,1,success,179,False,
6e417d47-5ff5-45ea-9bc4-40f14b1a269b,USR-0012,2024-01-16 17:11:00,face,0.8372,DEV-0005,New York,1,success,193,False,
13365c0c-82ff-4f2e-878f-07cf170fa87b,USR-0050,2024-01-16 17:19:00,face,0.9395,DEV-0046,London,1,success,146,False,
f2dcb12b-0f7a-4302-ac2e-28150a3217d2,USR-0038,2024-01-16 17:19:00,face,0.9286,DEV-0024,New York,1,success,171,False,
acdcb47b-dcdb-4021-97ea-f79c20ddc8b1,USR-0192,2024-01-16 17:27:00,keystroke_dynamics,0.8273,DEV-0007,London,1,success,141,False,
421becca-0f60-40f3-bef7-24105528dc45,USR-0077,2024-01-16 17:29:00,keystroke_dynamics,0.8854,DEV-0027,Manchester,1,success,150,False,
3ae56c8d-5360-46e7-a5fb-c1c0ad463549,USR-0080,2024-01-16 17:31:00,voice,0.8204,DEV-0021,London,1,success,120,False,
ac6c2e1b-708d-4094-af64-672f96e1a522,USR-0087,2024-01-16 17:33:00,keystroke_dynamics,0.9603,DEV-0021,Manchester,1,success,145,False,
b993ff63-c6b1-4d94-b24b-cc3d9a7791a2,USR-0053,2024-01-16 17:38:00,keystroke_dynamics,0.8639,DEV-0032,Manchester,1,success,203,False,
16476e3f-1127-4207-8eae-1325ea074d80,USR-0045,2024-01-16 17:42:00,fingerprint,0.919,DEV-0006,New York,1,success,222,False,
55cf37ba-e989-45f2-abbf-1e35c4acb57d,USR-0070,2024-01-16 17:44:00,keystroke_dynamics,0.8838,DEV-0020,Manchester,1,success,164,False,
09cb3942-43f5-4a85-bbc9-f87af668a617,USR-0006,2024-01-16 17:45:00,keystroke_dynamics,0.8189,DEV-0029,New York,1,success,168,False,
5fb8944d-de00-48aa-8439-6fc0c26e2706,USR-0045,2024-01-16 17:47:00,fingerprint,0.7836,DEV-0044,New York,1,success,198,False,
c355853e-b0d9-451c-acc0-067f141f746e,USR-0086,2024-01-16 17:54:00,face,0.823,DEV-0027,New York,1,success,208,False,
2b76a718-566c-43cc-9d4d-fdb14e0ebe2e,USR-0089,2024-01-16 18:14:00,voice,0.7183,DEV-0041,New York,1,success,220,False,
72557e4e-d408-4cd1-a78e-4df0955ce1d2,USR-0181,2024-01-16 18:15:00,face,0.7452,DEV-0035,Manchester,1,success,134,False,
d89939ba-da7a-4e9f-8265-1976e0880267,USR-0125,2024-01-16 18:17:00,face,0.6878,DEV-0043,London,1,success,171,False,
cf89569d-e550-4736-8780-6e713811b519,USR-0042,2024-01-16 18:20:00,keystroke_dynamics,0.7836,DEV-0016,Manchester,1,success,198,False,
aa757eeb-97e6-42d6-bc74-38955388d128,USR-0083,2024-01-16 18:21:00,fingerprint,0.8311,DEV-0008,New York,1,success,163,False,
b432ece9-76dc-46b5-a076-aed65ed3e00e,USR-0082,2024-01-16 18:22:00,voice,0.797,DEV-0043,Manchester,1,success,188,False,
9dec2b83-3885-4f7e-af1a-25a829344e15,USR-0054,2024-01-16 18:23:00,voice,0.7686,DEV-0002,London,1,success,183,False,
574aa942-415a-41ff-afb2-a0d7e47ca3af,USR-0171,2024-01-16 18:23:00,keystroke_dynamics,0.846,DEV-0045,New York,1,success,115,False,
11489054-7b6c-4596-aa97-435dd9ff74eb,USR-0111,2024-01-16 18:24:00,voice,0.9184,DEV-0030,Manchester,1,success,103,False,
5c3bd3b5-ecaa-4afb-97e4-527a6274d240,USR-0075,2024-01-16 18:26:00,voice,0.7398,DEV-0009,London,1,success,208,False,
d58c449e-57e0-457b-b3ab-800b8523d070,USR-0141,2024-01-16 18:26:00,fingerprint,0.7732,DEV-0022,Manchester,1,success,219,False,
44007d5a-e88d-4719-a624-2b40a5cb63a2,USR-0010,2024-01-16 18:27:00,face,0.7886,DEV-0009,New York,1,success,221,False,
ece42aa5-930e-4549-924f-7225c519fd78,USR-0169,2024-01-16 18:27:00,keystroke_dynamics,0.9106,DEV-0049,New York,1,success,61,False,
1f7bd82f-2345-4e72-91b4-856255a8d6a1,USR-0097,2024-01-16 18:37:00,keystroke_dynamics,0.7314,DEV-0003,New York,1,success,252,False,
2067902b-f099-42b6-b10c-cf77ba4d6c8e,USR-0135,2024-01-16 18:41:00,keystroke_dynamics,0.8596,DEV-0048,Manchester,1,success,209,False,
34ec5264-ad7d-4f81-b9a0-f145a5bab050,USR-0046,2024-01-16 18:48:00,face,0.8311,DEV-0025,Manchester,1,success,197,False,
12068ad6-12aa-4a4b-88ec-a4c81a71064d,USR-0077,2024-01-16 18:48:00,fingerprint,0.7911,DEV-0041,Manchester,1,success,223,False,
38491ecc-8891-47fd-a804-d0ac795741bb,USR-0054,2024-01-16 19:01:00,fingerprint,0.8479,DEV-0006,London,1,success,157,False,
68d0a2a8-c4e7-47dd-a929-de738693fd9d,USR-0023,2024-01-16 19:04:00,fingerprint,0.824,DEV-0038,Manchester,1,success,200,False,
d25ad576-ef0b-443e-bee0-47627168bdec,USR-0069,2024-01-16 19:05:00,voice,0.8654,DEV-0044,Manchester,1,success,103,False,
4bf5cf0e-97a1-42a2-9606-be66a2a2d1a6,USR-0183,2024-01-16 19:06:00,voice,0.8916,DEV-0028,London,1,success,168,False,
a8575900-7a8c-4c36-a5d7-71639b2aeea6,USR-0147,2024-01-16 19:07:00,keystroke_dynamics,0.8731,DEV-0047,London,1,success,251,False,
4dc4f59c-355c-4fff-9ffa-7dbe63436870,USR-0192,2024-01-16 19:08:00,keystroke_dynamics,0.7162,DEV-0014,London,1,success,148,False,
be87dbac-a2ff-4996-ab5e-371f1ecd9ed7,USR-0189,2024-01-16 19:09:00,face,0.8941,DEV-0025,Manchester,1,success,205,False,
160beed4-0dc5-442e-a233-960a1b1e06c3,USR-0073,2024-01-16 19:12:00,face,0.7856,DEV-0003,Manchester,1,success,201,False,
7d8f2305-1517-403e-a087-75a56f654201,USR-0178,2024-01-16 19:13:00,keystroke_dynamics,0.7697,DEV-0014,New York,1,success,152,False,
408d5212-7991-429a-963a-6695e7e77386,USR-0192,2024-01-16 19:15:00,face,0.8894,DEV-0005,London,1,success,225,False,
959677e9-35c4-4e08-86a4-7588a676ace1,USR-0125,2024-01-16 19:15:00,voice,0.803,DEV-0032,London,1,success,227,False,
afbffde4-a022-4155-9f69-5d179cc96aed,USR-0069,2024-01-16 19:21:00,keystroke_dynamics,0.8185,DEV-0022,Manchester,1,success,228,False,
0c906c01-3b44-4abc-942e-c8b0cce52711,USR-0125,2024-01-16 19:25:00,voice,0.803,DEV-0032,Lagos,1,success,227,True,geo_jump
3429ce3b-8931-4697-a4ab-a2a0b1cbc263,USR-0121,2024-01-16 19:28:00,voice,0.975,DEV-0033,New York,1,success,126,False,
1dee8ebf-7d3a-467e-95bb-fd22c9a84bdd,USR-0191,2024-01-16 19:28:00,voice,0.9008,DEV-0002,London,1,success,204,False,
cd320878-e83e-43a0-9445-587e6ff6881f,USR-0094,2024-01-16 19:29:00,voice,0.8057,DEV-0029,Manchester,1,success,198,False,
a1ab975e-54a2-415d-bdfb-0259d07b3c55,USR-0191,2024-01-16 19:32:00,voice,0.9008,DEV-0002,Singapore,1,success,204,True,geo_jump
03864649-c4e0-41c7-ad18-50e92d53cf30,USR-0028,2024-01-16 19:33:00,voice,0.6396,DEV-0004,Manchester,16,success,171,True,rapid_retry
546252e7-f43b-4052-8459-bd6ec0f63229,USR-0028,2024-01-16 19:33:00,voice,0.7537,DEV-0004,Manchester,1,success,171,False,
043486c3-a64d-4c1d-96f2-83191a936d0c,USR-0134,2024-01-16 19:43:00,voice,0.8928,DEV-0017,New York,1,success,201,False,
57522610-482a-48ff-8796-45b8212232df,USR-0185,2024-01-16 19:45:00,voice,0.8369,DEV-0047,London,1,success,172,False,
66d4b394-61a7-4114-9994-f7ba4b7faa4c,USR-0103,2024-01-16 19:49:00,voice,0.766,DEV-0050,London,1,success,236,False,
fc8d5b93-a2a2-491f-a49b-1cd99082889b,USR-0019,2024-01-16 19:53:00,voice,0.7866,DEV-0014,Manchester,1,success,125,False,
7afac8ce-dc4f-47fe-be61-8f4bebb511e6,USR-0194,2024-01-16 19:57:00,keystroke_dynamics,0.833,DEV-0011,Manchester,1,success,182,False,
90b2b633-956b-4c0c-a849-9b926b5252e3,USR-0004,2024-01-16 19:57:00,face,0.7724,DEV-0043,Manchester,1,success,175,False,
1aa3c18e-0aaf-4962-b92c-23e3454009f2,USR-0146,2024-01-16 20:00:00,fingerprint,0.7411,DEV-0047,London,1,success,161,False,
5e9a35cf-0699-476d-9288-b06ad51f03b1,USR-0152,2024-01-16 20:17:00,keystroke_dynamics,0.6705,DEV-0025,Manchester,1,success,228,False,
59e4b671-4774-4c58-85f8-bc16f7860b50,USR-0006,2024-01-16 20:20:00,face,0.7331,DEV-0032,New York,1,success,123,False,
05b08ce0-d09f-4fc4-b9e8-2ba53ecbc10b,USR-0095,2024-01-16 20:24:00,fingerprint,0.6096,DEV-0027,London,16,success,251,True,rapid_retry
140642a8-2f61-4334-b608-93b22febcc33,USR-0095,2024-01-16 20:24:00,fingerprint,0.7573,DEV-0027,London,1,success,251,False,
f6e39356-a814-4562-9a00-3f16b9469bcf,USR-0019,2024-01-16 20:27:00,voice,0.7728,DEV-0037,Manchester,1,success,126,False,
0426fe7b-0604-46dd-b0e5-ce91d082b3b4,USR-0192,2024-01-16 20:28:00,fingerprint,0.8269,DEV-0021,London,1,success,127,False,
c72850c1-3322-468b-9be7-8aec32da81f0,USR-0049,2024-01-16 20:29:00,voice,0.9384,DEV-0001,New York,1,success,124,False,
cdbe6de6-1c74-4dfd-a431-6e6c800e1610,USR-0163,2024-01-16 20:34:00,fingerprint,0.9322,DEV-0018,Manchester,1,success,160,False,
0fc98d2e-030f-4be9-9f17-8f9323c97a1e,USR-0041,2024-01-16 20:38:00,fingerprint,0.8169,DEV-0012,Manchester,1,success,248,False,
862a76f2-f15e-409c-b297-fa7ff719ae43,USR-0158,2024-01-16 20:39:00,keystroke_dynamics,0.7747,DEV-0010,New York,1,success,269,False,
c7101f3d-a1aa-49f0-a26c-2d5a742617e7,USR-0134,2024-01-16 20:44:00,face,0.9372,DEV-0028,New York,1,success,140,False,
01d3a033-3586-4e6f-9b24-955cb4fbdaf2,USR-0102,2024-01-16 20:45:00,face,0.815,DEV-0005,New York,1,success,205,False,
651a6277-017f-419f-8496-179588ccddbc,USR-0095,2024-01-16 20:46:00,fingerprint,0.8569,DEV-0019,London,1,success,200,False,
750acc98-2cbf-4769-86a1-a468afb3e3ad,USR-0060,2024-01-16 20:46:00,face,0.7609,DEV-0049,New York,1,success,141,False,
54e14f3a-bba4-4ae0-adf8-f7672261ddef,USR-0055,2024-01-16 20:47:00,face,0.7885,DEV-0017,London,1,success,199,False,
53b3618b-ade0-4648-9ac6-030661f43c2b,USR-0088,2024-01-16 20:52:00,fingerprint,0.7162,DEV-0024,London,1,success,258,False,
f09e64ef-8bea-4f03-a645-3b43d07e22a1,USR-0055,2024-01-16 20:53:00,voice,0.4253,DEV-0048,London,1,success,150,True,low_score_bypass
635a11f2-5c7a-483d-8a9d-2704e860bcb1,USR-0055,2024-01-16 20:53:00,voice,0.8552,DEV-0048,London,1,success,150,False,
bd4211d1-9920-43eb-aa8e-b758f32d2812,USR-0146,2024-01-16 20:53:00,fingerprint,0.88,DEV-0021,London,1,success,148,False,
0274ce40-e090-46b6-b186-a5a8d6ee526b,USR-0040,2024-01-16 20:57:00,fingerprint,0.7921,DEV-0039,New York,1,success,173,False,
65924c9f-2971-4f1f-bce2-6218cb763127,USR-0171,2024-01-16 21:00:00,face,0.8587,DEV-0013,New York,1,success,208,False,
db5ed35a-2268-445f-b0bf-17838966f42b,USR-0170,2024-01-16 21:10:00,keystroke_dynamics,0.8087,DEV-0034,Manchester,1,success,138,False,
bb27f6bc-9888-40d9-9423-251ebcb12a00,USR-0095,2024-01-16 21:24:00,fingerprint,0.8611,DEV-0043,London,1,success,163,False,
2f8aeb01-c73f-41d2-b059-5815bf32dbc5,USR-0162,2024-01-16 21:24:00,voice,0.7254,DEV-0035,New York,1,success,195,False,
ee6c69f7-f8c9-4b4a-8d2f-2114da72ab37,USR-0130,2024-01-16 21:25:00,keystroke_dynamics,0.8019,DEV-0028,New York,1,success,201,False,
2ab7b2ef-8e0e-4033-ac59-1da8fff96acf,USR-0035,2024-01-16 21:38:00,keystroke_dynamics,0.8434,DEV-0006,New York,1,success,126,False,
c942e6e8-2df7-41e0-b67f-3c15a95d3271,USR-0095,2024-01-16 21:45:00,face,0.7022,DEV-0021,London,1,success,198,False,
ea350f17-c157-4761-9162-f6dbb5d2bf7f,USR-0085,2024-01-16 21:58:00,voice,0.8519,DEV-0042,London,1,success,214,False,
94a64978-a64f-4efb-a8ca-0bd26504f7a9,USR-0096,2024-01-17 02:15:00,face,0.8465,DEV-0015,New York,1,success,122,True,off_hours
237c56bb-48d1-40c6-9cdc-546cd4f0fd63,USR-0137,2024-01-17 02:50:00,voice,0.7145,DEV-0012,New York,1,success,169,True,off_hours
96b0356c-a49c-487c-87c9-021ffdc6dba9,USR-0157,2024-01-17 03:23:00,fingerprint,0.8193,DEV-0040,London,1,success,166,True,off_hours
025c9425-c557-43d3-89d7-cc9c6af98a8b,USR-0135,2024-01-17 03:28:00,keystroke_dynamics,0.7922,DEV-0012,Manchester,1,success,136,True,off_hours
2d28746a-5a6d-4285-978f-48ebc9fbe7f1,USR-0161,2024-01-17 04:45:00,face,0.9067,DEV-0026,Manchester,1,success,113,True,off_hours
c2ffd690-a2a6-461a-ace2-7ec9550100bf,USR-0111,2024-01-17 07:19:00,fingerprint,0.8104,DEV-0014,Manchester,1,success,157,False,
f8f9a45d-0f55-4896-b610-396b7df59abf,USR-0041,2024-01-17 07:20:00,face,0.8737,DEV-0021,Manchester,1,success,154,False,
fcfd348c-00f0-47fe-b8e7-bcf5854c0d1f,USR-0133,2024-01-17 07:25:00,face,0.8763,DEV-0044,New York,1,success,177,False,
b11c7dff-b1dd-448c-b9c9-1e00aaf8e1d5,USR-0104,2024-01-17 07:30:00,keystroke_dynamics,0.7737,DEV-0007,Manchester,1,success,246,False,
ec02e881-080c-4aaa-82c6-cc4277ba69f1,USR-0157,2024-01-17 07:41:00,voice,0.7644,DEV-0007,London,1,success,158,False,
f6558f35-244f-45c6-b489-0e8ce65dd443,USR-0139,2024-01-17 07:52:00,fingerprint,0.79,DEV-0035,Manchester,1,success,105,False,
6147adeb-277b-4667-8499-d0a615007170,USR-0033,2024-01-17 08:06:00,face,0.7918,DEV-0050,Manchester,1,success,190,False,
85713253-9956-4d9b-bdc8-7f792843d696,USR-0194,2024-01-17 08:06:00,keystroke_dynamics,0.8124,DEV-0033,Manchester,1,success,219,False,
0490eb68-48f8-4df6-8571-dd83938fdb37,USR-0137,2024-01-17 08:09:00,voice,0.7145,DEV-0012,New York,1,success,169,False,
946a95a6-f2e4-41af-8702-1755f11cc0a4,USR-0086,2024-01-17 08:15:00,face,0.8143,DEV-0021,London,1,success,166,False,
b149324b-a064-4c2a-82ab-856599a2186f,USR-0178,2024-01-17 08:21:00,fingerprint,0.8154,DEV-0013,New York,1,success,274,False,
7c967f79-b7e9-4aca-a970-65e18e46d534,USR-0004,2024-01-17 08:24:00,face,0.7736,DEV-0017,London,1,success,170,False,
d218c9d6-c093-4fb0-a4e9-bcfd9647ff9f,USR-0032,2024-01-17 08:24:00,fingerprint,0.7235,DEV-0028,New York,1,success,187,False,
b09dcd19-413b-4e20-85a3-a4735eeefb7f,USR-0004,2024-01-17 08:24:00,face,0.3756,DEV-0017,London,1,success,170,True,low_score_bypass
5d822e3a-6c6d-482b-a9e0-8370abf7a5d0,USR-0067,2024-01-17 08:27:00,keystroke_dynamics,0.9083,DEV-0020,London,1,success,152,False,
68edeed7-6f72-4a94-bb49-ecf3b7f8d284,USR-0067,2024-01-17 08:27:00,keystroke_dynamics,0.4629,DEV-0020,London,18,success,152,True,rapid_retry
7c059799-bdae-4eff-a83c-510ed2efa93b,USR-0045,2024-01-17 08:33:00,fingerprint,0.8997,DEV-0016,Manchester,1,success,192,False,
503b4078-a39c-4ec6-b746-4c02871854c1,USR-0035,2024-01-17 08:33:00,fingerprint,0.7302,DEV-0025,New York,1,success,153,False,
493e904d-30ec-4796-a59b-457fc0d7ac73,USR-0021,2024-01-17 08:36:00,fingerprint,0.8974,DEV-0018,New York,1,success,206,False,
e8b81813-e672-4bf5-8110-783e3dd6831b,USR-0134,2024-01-17 08:44:00,keystroke_dynamics,0.843,DEV-0036,New York,1,success,140,False,
1901ef87-0dbf-4caf-988a-3f87f96d40f8,USR-0032,2024-01-17 08:50:00,face,0.9415,DEV-0027,New York,1,success,125,False,
7b874b4a-cafb-44fe-931f-04afb93c92d5,USR-0067,2024-01-17 08:52:00,voice,0.7928,DEV-0021,London,1,success,249,False,
a8e56e0c-20de-435d-a031-d750c40db9b4,USR-0002,2024-01-17 08:54:00,face,0.8688,DEV-0005,New York,1,success,130,False,
dcc8c801-8c57-4243-b69f-ce1ae67d9f00,USR-0180,2024-01-17 09:14:00,voice,0.763,DEV-0015,London,1,success,157,False,
84222f58-f022-44af-bb76-4637d277ab64,USR-0072,2024-01-17 09:15:00,voice,0.8131,DEV-0050,Manchester,1,success,166,False,
ad238d36-dc32-4c97-b9c1-e262f76c8ede,USR-0014,2024-01-17 09:19:00,face,0.8173,DEV-0011,London,1,success,189,False,
3b20d154-6ff9-4cf7-a88f-c36a846c454c,USR-0134,2024-01-17 09:19:00,fingerprint,0.9097,DEV-0006,New York,1,success,231,False,
02e7df89-b395-4a98-a320-4ff5b538f96c,USR-0038,2024-01-17 09:28:00,voice,0.7595,DEV-0017,Manchester,1,success,101,False,
af326af5-78cf-436a-a020-72d991be0c2a,USR-0163,2024-01-17 09:33:00,fingerprint,0.8978,DEV-0038,Manchester,1,success,176,False,
3be79df4-72ec-416e-88a7-23e9bfa016c2,USR-0019,2024-01-17 09:43:00,keystroke_dynamics,0.7967,DEV-0011,Manchester,1,success,186,False,
e5ecb9dc-db2c-44c0-aa42-79c3fbbe0e9d,USR-0170,2024-01-17 09:45:00,fingerprint,0.8158,DEV-0002,London,1,success,209,False,
10fd7164-819f-4393-82ce-ef41b2cfba8b,USR-0092,2024-01-17 09:46:00,voice,0.774,DEV-0006,New York,1,success,161,False,
b400a5e1-dfcb-421b-a37c-db55c596fab7,USR-0082,2024-01-17 09:48:00,face,0.8212,DEV-0050,Manchester,1,success,121,False,
c82585fa-c60b-446e-86bf-1fb70e2bd8c9,USR-0146,2024-01-17 09:58:00,voice,0.9017,DEV-0047,London,1,success,182,False,
135769cb-bc03-4aa7-912e-1621a266530e,USR-0168,2024-01-17 09:58:00,face,0.7536,DEV-0042,Manchester,1,success,184,False,
819c84c4-ef7f-4e3f-873a-7522c7e4cbe5,USR-0192,2024-01-17 10:03:00,voice,0.7961,DEV-0033,London,1,success,183,False,
6a5e6920-bf5a-47e6-93a3-dd5a4b8c5bdc,USR-0013,2024-01-17 10:07:00,face,0.7867,DEV-0009,Manchester,1,success,255,False,
c0398710-8976-4334-a281-7efdae849217,USR-0001,2024-01-17 10:17:00,keystroke_dynamics,0.7994,DEV-0014,New York,1,success,147,False,
2c281bbd-f45d-4d91-989d-a530b01fb9f3,USR-0119,2024-01-17 10:40:00,voice,0.8096,DEV-0002,London,1,success,233,False,
407c4370-4886-474c-b9aa-06f5382bab11,USR-0077,2024-01-17 10:42:00,voice,0.7737,DEV-0012,Manchester,1,success,109,False,
668d3c8b-dab5-4d55-9d75-c03c5f4faf10,USR-0060,2024-01-17 10:48:00,keystroke_dynamics,0.8197,DEV-0033,New York,1,success,227,False,
a65d958e-936d-41a8-93ac-b00e32eeeb38,USR-0061,2024-01-17 10:50:00,face,0.8164,DEV-0024,London,1,success,199,False,
9f9bc7bd-5c3d-415c-8a74-982e56ca0fb3,USR-0131,2024-01-17 10:55:00,keystroke_dynamics,0.8313,DEV-0042,New York,1,success,244,False,
3de54ee2-a655-496c-a528-d32da60c2bed,USR-0095,2024-01-17 11:01:00,face,0.9439,DEV-0024,London,1,success,186,False,
81f46dfd-3b6b-4c0d-b028-05af580661f1,USR-0096,2024-01-17 11:03:00,face,0.8465,DEV-0015,New York,1,success,122,False,
19a12723-287d-4f8e-ab74-18988673cf07,USR-0170,2024-01-17 11:06:00,voice,0.8257,DEV-0041,London,1,success,249,False,
72e588e9-4b4f-4b2e-b189-10ecf6dbb2b6,USR-0053,2024-01-17 11:09:00,keystroke_dynamics,0.8115,DEV-0007,Manchester,1,success,193,False,
4a1dab32-6aed-4dc7-a3e0-5309b5a1b949,USR-0017,2024-01-17 11:14:00,voice,0.8263,DEV-0037,London,1,success,126,False,
4a5d6cea-b565-464e-bb93-a53f9c02040d,USR-0071,2024-01-17 11:17:00,keystroke_dynamics,0.8829,DEV-0034,London,1,success,199,False,
1c405045-4a22-4ae9-a2f9-cafe2eb23ca3,USR-0062,2024-01-17 11:22:00,keystroke_dynamics,0.7836,DEV-0031,Manchester,1,success,163,False,
fc4a013f-c8c2-4cfe-aadf-eef6fb2389d3,USR-0175,2024-01-17 11:25:00,keystroke_dynamics,0.797,DEV-0009,London,1,success,197,False,
c626e38f-716f-4276-be64-ac2af96671a5,USR-0045,2024-01-17 11:26:00,voice,0.8705,DEV-0003,Manchester,1,success,165,False,
1a44fca1-1296-4c6d-bd15-e59bfef6f9d7,USR-0062,2024-01-17 11:32:00,keystroke_dynamics,0.7836,DEV-0031,Singapore,1,success,163,True,geo_jump
98cd2655-5297-41ad-adba-948427591ad4,USR-0053,2024-01-17 11:34:00,voice,0.8562,DEV-0035,Manchester,1,success,145,False,
82ec0fc3-7c0a-4867-bcce-521367899d92,USR-0088,2024-01-17 11:36:00,voice,0.8103,DEV-0007,London,1,success,197,False,
5eb38ef5-b240-40ca-ab05-61676a478ddf,USR-0078,2024-01-17 11:37:00,keystroke_dynamics,0.7868,DEV-0019,Manchester,1,success,169,False,
4a25cec8-c3fa-463d-829f-8b3904edf187,USR-0188,2024-01-17 11:39:00,fingerprint,0.8153,DEV-0030,Manchester,1,success,158,False,
9c2d9672-e3d1-403c-85fa-b5ea14072edb,USR-0076,2024-01-17 11:45:00,face,0.7806,DEV-0028,London,1,success,169,False,
305a1bef-6909-43c4-ab13-b71df96846e7,USR-0163,2024-01-17 11:57:00,voice,0.8316,DEV-0011,Manchester,1,success,174,False,
302dc72b-1366-4d76-82fc-93d9b3ef29d7,USR-0183,2024-01-17 12:01:00,fingerprint,0.7738,DEV-0024,London,1,success,154,False,
6e4928ac-19f1-45cc-8244-e4d75ac2a176,USR-0123,2024-01-17 12:04:00,keystroke_dynamics,0.7132,DEV-0020,London,1,success,222,False,
d8e7012f-3968-4c81-bb70-c3b8a81fdec3,USR-0016,2024-01-17 12:05:00,keystroke_dynamics,0.8722,DEV-0043,New York,1,success,199,False,
3066478c-4aa0-4842-857f-dd20a50a0a29,USR-0083,2024-01-17 12:08:00,voice,0.7842,DEV-0004,New York,1,success,113,False,
d1c06099-a1f8-46ce-a5dc-6ce55fbbdfd7,USR-0136,2024-01-17 12:11:00,face,0.8816,DEV-0041,London,1,success,212,False,
a6eab79e-d21c-42f8-8ada-4f80a9e782d4,USR-0012,2024-01-17 12:15:00,keystroke_dynamics,0.9579,DEV-0006,New York,1,success,165,False,
0b4476b2-0ab9-494f-b861-7ce964f75c10,USR-0200,2024-01-17 12:26:00,face,0.909,DEV-0032,London,1,success,75,False,
7fbccd75-be19-44aa-9ab7-12f6764231c3,USR-0162,2024-01-17 12:31:00,voice,0.7034,DEV-0040,New York,1,success,274,False,
d9fafbb9-d8a7-42cb-8374-c273cc707551,USR-0168,2024-01-17 12:32:00,fingerprint,0.7431,DEV-0032,Manchester,1,success,150,False,
a60147c3-48e0-4502-8598-f3c8af449605,USR-0062,2024-01-17 12:37:00,face,0.8377,DEV-0007,Manchester,1,success,148,False,
d6cd3155-08a8-4c7f-8621-38ad0f09105c,USR-0031,2024-01-17 12:44:00,fingerprint,0.7678,DEV-0003,London,1,success,225,False,
3e5bd4af-d587-47a3-b93c-04f7663ab809,USR-0158,2024-01-17 12:49:00,keystroke_dynamics,0.7573,DEV-0041,New York,1,success,171,False,
b37bdb99-31f1-4f8b-ac4d-e885b245b7d9,USR-0119,2024-01-17 12:50:00,keystroke_dynamics,0.5898,DEV-0049,London,1,success,229,False,
05155381-e4dc-4680-b284-71562e8ca6bf,USR-0181,2024-01-17 12:58:00,keystroke_dynamics,0.8331,DEV-0044,Manchester,1,success,246,False,
611b92ab-34aa-4abd-b975-74330b5ed148,USR-0148,2024-01-17 13:06:00,fingerprint,0.7797,DEV-0010,New York,1,success,183,False,
2334fcc4-e022-4de0-ad88-bddae8180064,USR-0193,2024-01-17 13:07:00,face,0.8279,DEV-0011,Manchester,1,success,194,False,
119fb03e-9731-4c91-98b6-691b74169e82,USR-0057,2024-01-17 13:18:00,fingerprint,0.8346,DEV-0036,Manchester,1,success,96,False,
7118e364-7709-4749-927e-ecfaa79ac9aa,USR-0006,2024-01-17 13:28:00,keystroke_dynamics,0.8131,DEV-0020,New York,1,success,229,False,
fd235def-3e5a-47e3-9560-db22c96b5edb,USR-0015,2024-01-17 13:32:00,fingerprint,0.9242,DEV-0003,Manchester,1,success,187,False,
dbb54645-7dda-41b6-97c4-caed47c4cc51,USR-0045,2024-01-17 13:35:00,keystroke_dynamics,0.8459,DEV-0025,Manchester,1,success,198,False,
d61a080a-3fec-4a37-95be-a8dc33e88249,USR-0059,2024-01-17 13:37:00,keystroke_dynamics,0.7909,DEV-0017,Manchester,1,success,141,False,
a38295d3-1e0e-4546-b0b6-dedf4f9c4027,USR-0028,2024-01-17 13:40:00,fingerprint,0.8184,DEV-0044,Manchester,1,success,191,False,
842ca512-f369-4683-96b5-cf7ae0389eb7,USR-0153,2024-01-17 13:50:00,voice,0.8148,DEV-0048,New York,1,success,156,False,
e0acdb75-2326-43d0-86fc-e65a5af7dfe2,USR-0170,2024-01-17 13:54:00,keystroke_dynamics,0.8706,DEV-0046,London,1,success,158,False,
c2b2315d-d608-46ac-9cf2-f216539cbe4f,USR-0187,2024-01-17 13:58:00,keystroke_dynamics,0.939,DEV-0002,Manchester,1,success,189,False,
d25864f2-25d4-40fc-a154-2765d756ba9c,USR-0026,2024-01-17 14:00:00,voice,0.8188,DEV-0040,New York,1,success,167,False,
fe60afde-4200-41aa-bc82-6fbe395e54f0,USR-0096,2024-01-17 14:06:00,voice,0.8219,DEV-0040,New York,1,success,110,False,
8de08fc2-c3e1-4a85-946e-f10411906f50,USR-0015,2024-01-17 14:09:00,face,0.8008,DEV-0021,Manchester,1,success,196,False,
af9a1168-1766-4795-bffa-b493285eed0a,USR-0064,2024-01-17 14:11:00,voice,0.7269,DEV-0046,New York,1,success,206,False,
cfb0d68d-b189-45a6-86ce-c51b93efb5c4,USR-0130,2024-01-17 14:21:00,fingerprint,0.7139,DEV-0038,New York,1,success,167,False,
1b2aa4e4-c0e3-44e7-9b2d-f807fd225cba,USR-0152,2024-01-17 14:25:00,fingerprint,0.8776,DEV-0024,Manchester,1,success,211,False,
e3f2df80-a7bb-4612-9a37-ef9d5983ce94,USR-0147,2024-01-17 14:26:00,face,0.8487,DEV-0027,London,1,success,122,False,
f065c817-687a-4850-9d9b-62317d45d8ef,USR-0014,2024-01-17 14:31:00,voice,0.8052,DEV-0032,London,1,success,152,False,
aa1c5dca-f0c7-415e-83a0-b96b842ee348,USR-0157,2024-01-17 14:32:00,fingerprint,0.7606,DEV-0016,London,1,success,177,False,
f80b2cea-658e-44a2-9879-cf35f4719986,USR-0033,2024-01-17 14:35:00,fingerprint,0.7815,DEV-0008,Manchester,1,success,199,False,
9ab2b735-83f0-4e7d-9faa-8505b0acb9ba,USR-0096,2024-01-17 14:41:00,keystroke_dynamics,0.7705,DEV-0050,New York,1,success,253,False,
82b34384-9979-4f26-88b1-90e1089a9f4f,USR-0058,2024-01-17 14:46:00,fingerprint,0.8941,DEV-0010,New York,1,success,138,False,
613f50db-e5aa-4c5a-bbe7-52062ce62f9f,USR-0165,2024-01-17 14:48:00,voice,0.7426,DEV-0021,Manchester,1,success,230,False,
a42d0cd7-fd35-4f6a-b450-388748d90846,USR-0027,2024-01-17 14:58:00,fingerprint,0.8123,DEV-0045,London,1,success,104,False,
3b53f64b-7cd6-4da4-82ef-da8b38048786,USR-0055,2024-01-17 14:59:00,voice,0.9201,DEV-0030,London,1,success,142,False,
909cca67-5a04-4fb0-9fcf-d7112aaf1966,USR-0163,2024-01-17 15:01:00,face,0.8658,DEV-0013,Manchester,1,success,164,False,
6ef54cee-bc24-4f9f-9c01-4262815ada5d,USR-0113,2024-01-17 15:02:00,fingerprint,0.8902,DEV-0037,New York,1,success,113,False,
d3d39ff9-dc25-45f1-9258-7a1a226e1ecb,USR-0175,2024-01-17 15:12:00,face,0.8904,DEV-0050,London,1,success,159,False,
46327360-c45d-4c03-b4f6-b97ef998aaa1,USR-0167,2024-01-17 15:17:00,voice,0.8176,DEV-0030,London,1,success,241,False,
3dec163c-fd5d-4a42-b193-41779a6e868d,USR-0163,2024-01-17 15:21:00,keystroke_dynamics,0.8369,DEV-0035,Manchester,1,success,212,False,
889fe107-443b-4d0f-bdbc-3093a8284442,USR-0042,2024-01-17 15:25:00,fingerprint,0.8661,DEV-0036,Manchester,1,success,188,False,
23ac64e5-d1aa-4b53-8755-66c2dde4cd87,USR-0130,2024-01-17 15:26:00,fingerprint,0.8403,DEV-0024,New York,1,success,174,False,
af34cf65-a193-44b2-bc19-e71d118405ad,USR-0012,2024-01-17 15:32:00,fingerprint,0.7818,DEV-0025,New York,1,success,227,False,
e17f5e53-2260-4be8-b8ca-903b1c6c8382,USR-0168,2024-01-17 15:36:00,fingerprint,0.8952,DEV-0008,Manchester,1,success,176,False,
f8cbab4c-9779-4e84-9e47-2e2276c3e642,USR-0040,2024-01-17 15:36:00,face,0.8449,DEV-0007,New York,1,success,198,False,
62a40afe-dcb7-4b1f-b85f-a1adfedb5a32,USR-0164,2024-01-17 15:48:00,fingerprint,0.8015,DEV-0049,Manchester,1,success,166,False,
137ba9ec-f569-4392-8c3a-3ed86e152f71,USR-0123,2024-01-17 15:49:00,fingerprint,0.4168,DEV-0038,London,12,success,210,True,rapid_retry
83f9b580-a499-4b92-b589-de14eee06433,USR-0123,2024-01-17 15:49:00,fingerprint,0.939,DEV-0038,London,1,success,210,False,
81c974a0-ed6a-439f-b560-4484937749f6,USR-0143,2024-01-17 15:49:00,face,0.8527,DEV-0049,New York,1,success,136,False,
5fffe8e6-7f38-4ce2-8f40-7865a5c11300,USR-0195,2024-01-17 15:53:00,keystroke_dynamics,0.8539,DEV-0027,Manchester,1,success,181,False,
19ed59a5-9e85-44d4-9ec6-20e0e143a0ad,USR-0104,2024-01-17 15:54:00,face,0.7485,DEV-0033,Manchester,1,success,257,False,
620f4af4-9b77-4a46-9b88-fe699f7717ca,USR-0136,2024-01-17 15:55:00,keystroke_dynamics,0.7766,DEV-0023,London,1,success,194,False,
71299889-a01a-4992-bf9d-3e64c1a6423b,USR-0011,2024-01-17 16:10:00,voice,0.7855,DEV-0024,London,1,success,184,False,
cac19d2e-1d15-471c-9100-1ab9dd42da67,USR-0133,2024-01-17 16:12:00,keystroke_dynamics,0.7875,DEV-0048,New York,1,success,175,False,
226f93e7-9e5f-492d-b9c2-92597310453d,USR-0133,2024-01-17 16:12:00,keystroke_dynamics,0.4213,DEV-0048,New York,9,success,175,True,rapid_retry
7e7838c9-ca55-438b-bc9a-be10238d6f44,USR-0023,2024-01-17 16:32:00,face,0.8064,DEV-0048,Manchester,1,success,194,False,
1b3f0866-d590-42df-8470-f4aeaeadd1dc,USR-0161,2024-01-17 16:36:00,face,0.8658,DEV-0022,Manchester,1,success,216,False,
6f2ba37e-a0fe-451e-8684-e4388cd5219a,USR-0187,2024-01-17 16:39:00,keystroke_dynamics,0.7488,DEV-0019,Manchester,1,success,213,False,
db6f3ad4-0cce-4325-9e88-ebab07fcb800,USR-0188,2024-01-17 16:48:00,keystroke_dynamics,0.8369,DEV-0011,Manchester,1,success,198,False,
60b61367-f46e-4787-abaf-89c7319fa2f7,USR-0141,2024-01-17 16:50:00,face,0.8132,DEV-0018,London,1,success,164,False,
cd88e44e-23c4-4184-b48e-90aed680b541,USR-0187,2024-01-17 16:50:00,keystroke_dynamics,0.7488,DEV-0019,Berlin,1,success,213,True,geo_jump
4764a956-9968-4a3c-a684-79846b0dd81d,USR-0163,2024-01-17 16:55:00,fingerprint,0.847,DEV-0023,Manchester,1,success,156,False,
608bb508-69e4-4d26-92d4-7ec76a77982b,USR-0178,2024-01-17 16:55:00,fingerprint,0.7693,DEV-0007,New York,1,success,182,False,
d73794d5-4cd3-4406-a0bd-60442e18b22b,USR-0153,2024-01-17 17:02:00,fingerprint,0.7942,DEV-0002,New York,1,success,247,False,
55c34853-0783-443c-a65f-ad87c57c7498,USR-0039,2024-01-17 17:04:00,fingerprint,0.8482,DEV-0009,Manchester,1,success,118,False,
732fc932-ab96-4697-81e1-f813747ac231,USR-0095,2024-01-17 17:07:00,voice,0.84,DEV-0011,London,1,success,80,False,
c3c75611-ffe3-4a49-854f-92fff366bad4,USR-0010,2024-01-17 17:07:00,face,0.8303,DEV-0050,New York,1,success,172,False,
45d07382-28cb-47ca-b3b5-a667097913a0,USR-0091,2024-01-17 17:13:00,voice,0.8219,DEV-0034,New York,1,success,183,False,
cd98f9e2-8d88-4beb-890d-9655db842660,USR-0039,2024-01-17 17:15:00,face,0.85,DEV-0036,Manchester,1,success,124,False,
6c8f8833-fb11-4ab6-adc8-6df8c9162eb7,USR-0161,2024-01-17 17:21:00,face,0.9067,DEV-0026,Manchester,1,success,113,False,
74246baa-2dca-4c82-8660-a3e9736d417c,USR-0070,2024-01-17 17:21:00,keystroke_dynamics,0.7561,DEV-0010,Manchester,1,success,179,False,
4f7c1491-21fa-48a0-bcf4-ced1c17e3dc0,USR-0157,2024-01-17 17:22:00,fingerprint,0.8193,DEV-0040,London,1,success,166,False,
1e38f711-e2ec-43f4-bba1-aed944cdbfdd,USR-0038,2024-01-17 17:31:00,face,0.8401,DEV-0040,Manchester,1,success,192,False,
db029414-48e2-4a53-8954-105b89485754,USR-0179,2024-01-17 17:37:00,voice,0.7403,DEV-0037,New York,1,success,159,False,
9f8acdeb-2e8f-45a8-847a-3b7ed209383b,USR-0057,2024-01-17 17:41:00,fingerprint,0.8541,DEV-0019,Manchester,1,success,138,False,
d4018a45-ec1a-4adc-8a36-a7c0f0cc4f56,USR-0145,2024-01-17 17:42:00,keystroke_dynamics,0.8238,DEV-0040,London,1,success,150,False,
f740d87c-500a-474e-af65-e8ccf9cf8499,USR-0053,2024-01-17 17:43:00,fingerprint,0.8467,DEV-0008,Manchester,1,success,146,False,
80ed319c-ef01-4e79-a9b2-4a990a8260b6,USR-0179,2024-01-17 17:52:00,keystroke_dynamics,0.7467,DEV-0001,New York,1,success,214,False,
2a9528c3-5ae1-4bad-aa29-60fda85894df,USR-0035,2024-01-17 17:53:00,voice,0.8464,DEV-0048,New York,1,success,211,False,
07c0d116-a394-4d54-9e3c-5a886aa56e6d,USR-0024,2024-01-17 17:57:00,fingerprint,0.8092,DEV-0012,London,1,success,307,False,
a9151364-778a-469f-8b68-d94d40da9c7d,USR-0077,2024-01-17 18:00:00,keystroke_dynamics,0.8392,DEV-0009,Manchester,1,success,123,False,
e9a7f5e0-5c84-48db-9839-40c97e86d7f8,USR-0135,2024-01-17 18:05:00,keystroke_dynamics,0.7922,DEV-0012,Manchester,1,success,136,False,
5fa18468-64e8-4ffc-9f3a-cc68ae3e6268,USR-0094,2024-01-17 18:05:00,voice,0.8419,DEV-0041,Manchester,1,success,178,False,
933c8d00-8680-4a0b-8279-1490510564f9,USR-0071,2024-01-17 18:09:00,face,0.8627,DEV-0010,London,1,success,304,False,
47a2a10b-b62e-4b49-a472-96a4ff38b918,USR-0041,2024-01-17 18:14:00,face,0.8352,DEV-0004,Manchester,1,success,212,False,
3e20718a-0bb9-48f6-9e4d-a214eb034c4e,USR-0078,2024-01-17 18:16:00,fingerprint,0.8182,DEV-0013,Manchester,1,success,211,False,
a3b442bd-4649-4296-af58-42c3ff86cc31,USR-0022,2024-01-17 18:17:00,voice,0.7861,DEV-0030,London,1,success,187,False,
948c7eb4-1cf8-470b-9e5b-2ad8b4732eb6,USR-0075,2024-01-17 18:19:00,keystroke_dynamics,0.8046,DEV-0027,London,1,success,223,False,
4242fc5c-866b-429a-b877-e049b52f5e0d,USR-0126,2024-01-17 18:35:00,voice,0.8723,DEV-0029,New York,1,success,193,False,
c95d2093-f2e2-4d2f-8af3-c094b61ed8af,USR-0182,2024-01-17 18:38:00,keystroke_dynamics,0.8332,DEV-0003,New York,1,success,122,False,
6388f6dc-9c12-43c9-bbee-45828fae46a9,USR-0178,2024-01-17 18:39:00,keystroke_dynamics,0.8531,DEV-0026,New York,1,success,255,False,
582b91ee-f8e8-435b-8c00-988a7ee1011a,USR-0030,2024-01-17 18:39:00,fingerprint,0.7235,DEV-0019,Manchester,1,success,149,False,
5ea2d56b-42aa-4bc7-b0de-13fc2060917a,USR-0083,2024-01-17 18:44:00,face,0.7999,DEV-0031,New York,1,success,108,False,
2bf95861-4827-4440-b6d9-fe1731094211,USR-0087,2024-01-17 18:49:00,voice,0.7514,DEV-0014,Manchester,1,success,183,False,
0acfbd89-da3e-415a-a4f0-708a2d0d5e1d,USR-0091,2024-01-17 18:53:00,keystroke_dynamics,0.9868,DEV-0001,New York,1,success,138,False,
35b86d0a-864f-46dd-a9ec-09d586eced99,USR-0071,2024-01-17 18:56:00,voice,0.8372,DEV-0038,London,1,success,174,False,
d5385b0e-34f3-493c-8ff0-a55c6a702e2f,USR-0007,2024-01-17 18:56:00,face,0.7291,DEV-0005,Manchester,1,success,234,False,
366b3575-d07a-4518-912c-f322735e8153,USR-0115,2024-01-17 19:00:00,fingerprint,0.7776,DEV-0034,New York,1,success,268,False,
49adb07b-874f-4c5c-9a06-64b93eeb2f03,USR-0179,2024-01-17 19:05:00,keystroke_dynamics,0.7725,DEV-0024,New York,1,success,132,False,
e797f3ae-0cca-4c05-a1f6-19ed2c1882c9,USR-0078,2024-01-17 19:09:00,face,0.7825,DEV-0024,Manchester,1,success,209,False,
92a81713-b90e-444b-951c-25d54d4c5280,USR-0028,2024-01-17 19:10:00,fingerprint,0.8015,DEV-0020,Manchester,1,success,211,False,
c790b84c-34c9-43ae-8938-279c2aa20c1e,USR-0153,2024-01-17 19:10:00,face,0.7965,DEV-0025,New York,1,success,104,False,
c69ee73d-832d-40cc-8ea9-93a01a8385f9,USR-0028,2024-01-17 19:10:00,fingerprint,0.5096,DEV-0020,Manchester,1,success,211,True,low_score_bypass
0cbe938d-2b33-4734-9a11-9684b385d9de,USR-0092,2024-01-17 19:13:00,voice,0.8775,DEV-0014,New York,1,success,206,False,
52f2978f-486c-480b-a4c4-582908d73827,USR-0187,2024-01-17 19:14:00,voice,0.8592,DEV-0031,Manchester,1,success,118,False,
370b9a29-0a53-4df9-9a72-083cb266986c,USR-0041,2024-01-17 19:16:00,keystroke_dynamics,0.8152,DEV-0040,Manchester,1,success,146,False,
9f6f4967-be87-4c4f-a0af-9f67ea4a973e,USR-0188,2024-01-17 19:17:00,fingerprint,0.7805,DEV-0037,Manchester,1,success,127,False,
529b20e0-53bf-4b10-90cc-c1a51b912adc,USR-0111,2024-01-17 19:18:00,keystroke_dynamics,0.8616,DEV-0002,Manchester,1,success,226,False,
505c7527-dc57-446d-8c3d-031ab3952193,USR-0052,2024-01-17 19:21:00,face,0.7616,DEV-0046,Manchester,1,success,220,False,
677c25b0-6d23-4155-a057-c558f1ba308e,USR-0178,2024-01-17 19:21:00,fingerprint,0.8977,DEV-0025,New York,1,success,196,False,
80dc4873-9eb3-48ad-9c15-b25e2379750a,USR-0163,2024-01-17 19:33:00,voice,0.7412,DEV-0040,Manchester,1,success,181,False,
a4d546e1-7239-4201-a768-7c42b3468999,USR-0097,2024-01-17 19:44:00,keystroke_dynamics,0.898,DEV-0002,New York,1,success,218,False,
b1757e7d-f545-452a-93b8-ec305b693697,USR-0175,2024-01-17 19:50:00,voice,0.8119,DEV-0048,London,1,success,211,False,
96239346-29b3-42d3-88e6-36b5740da9d6,USR-0187,2024-01-17 19:51:00,keystroke_dynamics,0.888,DEV-0034,Manchester,1,success,127,False,
88c982ec-b3dd-4cfb-accb-6ae1b6d331ca,USR-0122,2024-01-17 19:53:00,keystroke_dynamics,0.7728,DEV-0033,Manchester,1,success,193,False,
e0f3ee66-59a7-46e4-a341-89c5405df186,USR-0141,2024-01-17 20:06:00,face,0.7429,DEV-0021,London,1,success,166,False,
c4c608eb-14ee-4987-95e7-c6e4413e84bd,USR-0095,2024-01-17 20:12:00,face,0.8844,DEV-0030,London,1,success,237,False,
e5e79add-68c8-4ed8-ab03-5cda69d53317,USR-0097,2024-01-17 20:18:00,fingerprint,0.7502,DEV-0009,New York,1,success,165,False,
d66f3fff-a93f-47ec-8ee4-3f7fd7680657,USR-0153,2024-01-17 20:22:00,face,0.8176,DEV-0010,New York,1,success,159,False,
18b475b1-c12a-44f4-82a1-3629aae6f1a1,USR-0086,2024-01-17 20:28:00,voice,0.9224,DEV-0003,London,1,success,149,False,
23eaea4f-690e-4ee8-8152-caf60f29301d,USR-0172,2024-01-17 20:30:00,fingerprint,0.8054,DEV-0027,Manchester,1,success,283,False,
ca9128fb-c094-4932-92cb-8f692182b518,USR-0119,2024-01-17 20:31:00,face,0.7961,DEV-0003,London,1,success,162,False,
ac95adb1-ffac-44fd-8345-eeda2de66d5b,USR-0088,2024-01-17 20:33:00,keystroke_dynamics,0.8226,DEV-0028,London,1,success,218,False,
49ed856e-723d-4acd-b601-e005c4c4f69f,USR-0070,2024-01-17 20:37:00,fingerprint,0.7931,DEV-0049,Manchester,1,success,189,False,
39ef20ea-120e-4c83-99b4-4b98d5969658,USR-0172,2024-01-17 20:38:00,face,0.8664,DEV-0031,Manchester,1,success,213,False,
e52a33e6-fec5-4a89-9db3-c0756fb9de37,USR-0093,2024-01-17 20:39:00,keystroke_dynamics,0.9082,DEV-0028,Manchester,1,success,155,False,
2c8fabbc-ec6d-4411-878a-a79ed736c320,USR-0144,2024-01-17 20:40:00,keystroke_dynamics,0.8088,DEV-0046,London,1,success,183,False,
3a9048cc-d063-43e7-ac7e-f0abe1a29ffa,USR-0122,2024-01-17 20:46:00,voice,0.787,DEV-0050,Manchester,1,success,159,False,
637aa999-61ff-4d9a-8ff8-9e8ac6f06a71,USR-0077,2024-01-17 20:55:00,fingerprint,0.8178,DEV-0045,Manchester,1,success,206,False,
f0b5b7b3-3472-459e-8f4b-1252a04e03d7,USR-0178,2024-01-17 20:59:00,fingerprint,0.8644,DEV-0025,New York,1,success,206,False,
db55daf5-2dd4-450c-86aa-7991dd8cf1ca,USR-0118,2024-01-17 21:03:00,keystroke_dynamics,0.8232,DEV-0009,Manchester,1,success,126,False,
6cc2e20f-c3a0-4289-b88b-a4454e6c2bae,USR-0109,2024-01-17 21:06:00,keystroke_dynamics,0.4154,DEV-0049,New York,8,success,173,True,rapid_retry
69498671-7e55-43ba-a8a2-f417379e03dd,USR-0109,2024-01-17 21:06:00,keystroke_dynamics,0.9096,DEV-0049,New York,1,success,173,False,
2c78644f-d860-45a2-bdd5-b0f8d6d744fd,USR-0042,2024-01-17 21:09:00,keystroke_dynamics,0.7858,DEV-0042,Manchester,1,success,193,False,
25bdab14-74ae-4b96-ae13-3adc7ff5088e,USR-0118,2024-01-17 21:16:00,keystroke_dynamics,0.8462,DEV-0010,Manchester,1,success,149,False,
11a72609-5edd-4bbf-a959-76636daa2e68,USR-0008,2024-01-17 21:17:00,face,0.8374,DEV-0017,New York,1,success,263,False,
c49b9178-43a2-49e4-b981-f289185c39ed,USR-0014,2024-01-17 21:18:00,fingerprint,0.3922,DEV-0017,London,1,success,237,True,low_score_bypass
8eac0a33-cdf9-44a7-9882-b5c1f79efd70,USR-0014,2024-01-17 21:18:00,fingerprint,0.7449,DEV-0017,London,1,success,237,False,
06531d47-4867-4b30-b956-77318a4cfe1f,USR-0053,2024-01-17 21:26:00,voice,0.7827,DEV-0002,Manchester,1,success,203,False,
3a710f9e-d5da-46fd-8a68-998ffd8bb697,USR-0140,2024-01-17 21:31:00,voice,0.9403,DEV-0011,Manchester,1,success,176,False,
1fda98c9-40a6-4de4-9271-e2959b21c065,USR-0195,2024-01-17 21:47:00,voice,0.8368,DEV-0020,Manchester,1,success,190,False,
4a9ff50e-8800-41b6-b3f6-21a826330c43,USR-0075,2024-01-17 21:53:00,keystroke_dynamics,0.9285,DEV-0010,London,1,success,200,False,
3f068051-187e-4974-9fe3-61117c7b5816,USR-0196,2024-01-17 21:58:00,voice,0.7296,DEV-0028,Manchester,1,success,163,False,
f9f8f5f4-ce96-4887-b8db-37f6c3bc5ca7,USR-0172,2024-01-17 21:59:00,keystroke_dynamics,0.7786,DEV-0038,Manchester,1,success,177,False,
4ad5433b-a84f-4cf1-ab45-11214218f371,USR-0196,2024-01-17 22:13:00,voice,0.7296,DEV-0028,Berlin,1,success,163,True,geo_jump
323eab00-9fe7-4bb8-b8cb-74696142894a,USR-0162,2024-01-18 03:03:00,keystroke_dynamics,0.822,DEV-0024,New York,1,success,164,True,off_hours
939d1b61-20d1-40ae-b0f9-08d240c06d72,USR-0021,2024-01-18 04:10:00,face,0.8495,DEV-0036,Manchester,1,success,209,True,off_hours
262b2cda-00dc-4949-8740-7d86fa3a4705,USR-0185,2024-01-18 04:12:00,fingerprint,0.7523,DEV-0001,London,1,success,230,True,off_hours
8b0a4802-bd64-48d6-b757-ec69c09c3207,USR-0107,2024-01-18 07:08:00,fingerprint,0.8713,DEV-0048,New York,1,success,190,False,
b2b51b60-5c89-406e-aa1b-248fea94d306,USR-0184,2024-01-18 07:23:00,keystroke_dynamics,0.8054,DEV-0004,London,1,success,184,False,
df8b4008-7d01-45a3-8041-f5d49549e631,USR-0139,2024-01-18 07:26:00,keystroke_dynamics,0.7464,DEV-0021,Manchester,1,success,152,False,
8393a544-c37d-435e-aef3-d69b7ccde71e,USR-0200,2024-01-18 07:26:00,fingerprint,0.9585,DEV-0047,London,1,success,150,False,
0dfef633-2a31-4dfd-a166-7c7cd3c6e5a0,USR-0131,2024-01-18 07:26:00,fingerprint,0.7502,DEV-0036,Manchester,1,success,165,False,
7de31a51-6694-4343-90ba-58e3d2762bdc,USR-0009,2024-01-18 07:37:00,voice,0.9744,DEV-0043,Manchester,1,success,182,False,
28791fa4-7a80-4dd0-8286-2014ff41e2a0,USR-0197,2024-01-18 07:38:00,keystroke_dynamics,0.7094,DEV-0034,London,1,success,147,False,
a19f2485-31c4-4c9e-b0be-96304a6333e3,USR-0104,2024-01-18 07:39:00,face,0.7929,DEV-0047,Manchester,1,success,191,False,
889b78d5-dbfd-497e-aca2-b148da330aa1,USR-0012,2024-01-18 07:40:00,face,0.83,DEV-0046,New York,1,success,199,False,
780826ff-6123-4319-9069-c0570adea5db,USR-0053,2024-01-18 07:48:00,fingerprint,0.4836,DEV-0028,Manchester,1,success,190,True,low_score_bypass
a0180791-eeb0-43fe-860e-a4d50d04dcb6,USR-0053,2024-01-18 07:48:00,fingerprint,0.9691,DEV-0028,Manchester,1,success,190,False,
5cd8fe1a-dafe-48a9-bc71-e0bef3579560,USR-0015,2024-01-18 07:54:00,fingerprint,0.7857,DEV-0028,London,1,success,202,False,
ef19117f-a452-4def-827b-8c898d3f433b,USR-0005,2024-01-18 07:58:00,keystroke_dynamics,0.5487,DEV-0038,London,1,success,152,True,low_score_bypass
b4a69f3c-8d3a-4d99-b11c-21c9bdc14f1f,USR-0005,2024-01-18 07:58:00,keystroke_dynamics,0.8414,DEV-0038,London,1,success,152,False,
a50784cb-c9df-401e-8ef0-0de1fb4f1972,USR-0065,2024-01-18 08:08:00,fingerprint,0.8394,DEV-0019,Manchester,1,success,231,False,
ff7d39f7-9563-4c97-b65f-982b95eef45c,USR-0094,2024-01-18 08:08:00,face,0.8609,DEV-0041,Manchester,1,success,218,False,
62821d61-3fbb-4f57-b6f5-6f1cc4a531cd,USR-0062,2024-01-18 08:09:00,voice,0.9022,DEV-0029,Manchester,1,success,136,False,
afe1d845-a18a-4249-945a-1de3731dc76f,USR-0157,2024-01-18 08:09:00,face,0.769,DEV-0002,London,1,success,150,False,
06e3f949-8cd3-4c62-8482-9b71ae84b81c,USR-0033,2024-01-18 08:11:00,fingerprint,0.7841,DEV-0018,Manchester,1,success,236,False,
f2491816-154f-4eb4-9316-7cb55e7e00e5,USR-0127,2024-01-18 08:16:00,voice,0.8323,DEV-0022,New York,1,success,196,False,
75366b9f-320f-42c0-9dde-01889803b22e,USR-0033,2024-01-18 08:19:00,face,0.8732,DEV-0048,Manchester,1,success,163,False,
cc2b2f49-c6d5-4a90-9296-ae08a2dcb574,USR-0115,2024-01-18 08:26:00,keystroke_dynamics,0.7807,DEV-0003,New York,1,success,159,False,
33c43cd1-b44f-4e12-918b-621e04fc9dd0,USR-0168,2024-01-18 08:36:00,fingerprint,0.8014,DEV-0037,Manchester,1,success,211,False,
af838c06-caa5-422a-aed7-149f00fbbb90,USR-0183,2024-01-18 08:45:00,keystroke_dynamics,0.8125,DEV-0023,New York,1,success,214,False,
bf2d57e1-30f0-4f6b-973a-905867d1cb6f,USR-0099,2024-01-18 08:55:00,face,0.5599,DEV-0026,New York,8,success,95,True,rapid_retry
2a65bae3-ddaf-4233-96a9-e518a55ac92f,USR-0099,2024-01-18 08:55:00,face,0.8015,DEV-0026,New York,1,success,95,False,
794ceef2-f833-4fa7-9a26-15f89810b8c1,USR-0139,2024-01-18 09:03:00,fingerprint,0.8309,DEV-0017,Manchester,1,success,215,False,
849ebfa5-68f0-4a5d-90ac-72bdaf4c9dfc,USR-0179,2024-01-18 09:07:00,voice,0.8529,DEV-0046,New York,1,success,158,False,
29cd4d5c-4d8c-49c6-b3a2-b47b35746477,USR-0170,2024-01-18 09:10:00,voice,0.7671,DEV-0049,London,1,success,156,False,
f9705e4b-2d71-4040-8554-e88b558492ba,USR-0139,2024-01-18 09:10:00,fingerprint,0.8809,DEV-0029,Manchester,1,success,133,False,
f9fb722d-a51c-4d2a-b3bf-bdabb7b24f20,USR-0175,2024-01-18 09:11:00,face,0.842,DEV-0023,London,1,success,244,False,
06103d84-2672-420c-866a-5821ceb7f2d6,USR-0131,2024-01-18 09:15:00,voice,0.89,DEV-0033,Manchester,1,success,243,False,
7c441fe7-ab42-40a7-874a-493b3ceddf2d,USR-0003,2024-01-18 09:17:00,voice,0.8693,DEV-0039,New York,1,success,255,False,
2024c407-3447-434a-b032-c262243b7101,USR-0112,2024-01-18 09:23:00,voice,0.735,DEV-0047,London,1,success,154,False,
7746d0ba-8ae8-405b-94b4-a48268586eba,USR-0007,2024-01-18 09:24:00,face,0.8035,DEV-0039,Manchester,1,success,87,False,
74283491-79c8-42cb-a8d3-110e96bfae6e,USR-0070,2024-01-18 09:27:00,fingerprint,0.8552,DEV-0016,Manchester,1,success,171,False,
816ce054-282c-4470-af32-f72aa4b5c723,USR-0051,2024-01-18 09:34:00,voice,0.8498,DEV-0008,London,1,success,158,False,
07e3c39a-a925-4745-9276-9c9665262474,USR-0054,2024-01-18 09:41:00,fingerprint,0.7574,DEV-0047,New York,1,success,133,False,
5715bd6f-a416-4293-84c2-e2e3444ea7c8,USR-0001,2024-01-18 09:46:00,keystroke_dynamics,0.8103,DEV-0016,New York,1,success,196,False,
fab8328f-2cae-43a2-89d7-16efa62d7221,USR-0061,2024-01-18 09:50:00,face,0.8375,DEV-0035,London,1,success,100,False,
4398018f-8c9d-4a84-a24c-ee91b4992393,USR-0127,2024-01-18 09:52:00,face,0.9049,DEV-0003,New York,1,success,145,False,
f90c9f84-b184-471c-bb35-b9f96c80423a,USR-0129,2024-01-18 09:53:00,fingerprint,0.8325,DEV-0016,Manchester,1,success,185,False,
46fde062-a33d-47af-9701-410d3f4b1a70,USR-0007,2024-01-18 09:59:00,voice,0.7882,DEV-0029,Manchester,1,success,148,False,
34491318-42d0-4a0b-8c55-542d02cb42d1,USR-0186,2024-01-18 10:00:00,keystroke_dynamics,0.8258,DEV-0010,New York,1,success,169,False,
4a85fbd1-c22a-4772-bcbf-f645cb61716c,USR-0173,2024-01-18 10:02:00,voice,0.7959,DEV-0012,Manchester,1,success,60,False,
bdecb67a-ec6e-4294-b9da-c7798079cdc9,USR-0123,2024-01-18 10:03:00,keystroke_dynamics,0.8008,DEV-0014,London,1,success,125,False,
9b58e20a-7c8d-4aef-b0a0-4e0b3a4d1f57,USR-0185,2024-01-18 10:07:00,fingerprint,0.7523,DEV-0001,London,1,success,230,False,
acac1b18-be88-44ab-ba27-a8f803125cdd,USR-0184,2024-01-18 10:12:00,voice,0.831,DEV-0046,London,1,success,204,False,
7c9428af-461a-4f63-89b0-16e51e595d1f,USR-0152,2024-01-18 10:14:00,face,0.7735,DEV-0017,Manchester,1,success,171,False,
6403c4bc-1486-4c2d-9659-ddcc75373d14,USR-0083,2024-01-18 10:19:00,voice,0.6817,DEV-0006,New York,1,success,165,False,
39c2c1a2-bcc9-445c-bd81-fbc0067ec672,USR-0103,2024-01-18 10:22:00,fingerprint,0.8813,DEV-0044,London,1,success,237,False,
4aab47b2-3c9d-428a-a176-1930f6d70248,USR-0041,2024-01-18 10:31:00,keystroke_dynamics,0.8725,DEV-0042,Manchester,1,success,154,False,
4aaa7f99-4a34-441e-8c78-947b5b21c9f0,USR-0085,2024-01-18 10:31:00,voice,0.7635,DEV-0015,London,1,success,158,False,
5eef0d1e-38c5-4f5e-8359-ff43106793b6,USR-0058,2024-01-18 10:31:00,voice,0.7982,DEV-0022,New York,1,success,99,False,
8dcdcd03-969b-4662-8562-8059568cc69b,USR-0002,2024-01-18 10:32:00,voice,0.9319,DEV-0009,New York,1,success,198,False,
022f8a47-04d4-45db-a3d3-997fd4066625,USR-0169,2024-01-18 10:33:00,face,0.9656,DEV-0030,London,1,success,194,False,
405cacec-8774-49a9-b7d2-1e02ff01cf99,USR-0001,2024-01-18 10:37:00,face,0.8378,DEV-0001,New York,1,success,190,False,
4dd7962b-bfda-45c9-98fe-b4f3ec40d95a,USR-0076,2024-01-18 10:40:00,fingerprint,0.7892,DEV-0016,London,1,success,147,False,
b93b17fb-f76d-45fd-bd16-45a0d253d966,USR-0031,2024-01-18 10:41:00,keystroke_dynamics,0.8396,DEV-0022,London,1,success,192,False,
2bacf712-d6a9-49e8-86d8-95e5219b606d,USR-0061,2024-01-18 10:42:00,face,0.8932,DEV-0005,London,1,success,136,False,
3862abcf-db34-47bb-a90a-a98bfa87fba5,USR-0140,2024-01-18 10:46:00,voice,0.8564,DEV-0040,Manchester,1,success,106,False,
083f64c3-1ce3-42f8-83f7-25feb99b2b5a,USR-0030,2024-01-18 10:46:00,voice,0.8594,DEV-0001,Manchester,1,success,187,False,
67884209-92ca-425a-ade5-93329364f3d0,USR-0017,2024-01-18 10:48:00,fingerprint,0.853,DEV-0009,London,1,success,141,False,
727dda84-8e02-4ef0-815c-e9f42e106355,USR-0120,2024-01-18 10:54:00,face,0.8683,DEV-0016,New York,1,success,267,False,
35910434-d342-46c9-8d88-136e67f778de,USR-0192,2024-01-18 10:57:00,keystroke_dynamics,0.8739,DEV-0032,London,1,success,173,False,
5958a499-eeea-463e-a1e8-ac6843e42caf,USR-0005,2024-01-18 10:58:00,fingerprint,0.8466,DEV-0030,London,1,success,210,False,
e156df17-22b6-495e-8a14-b309c173d1d9,USR-0181,2024-01-18 11:01:00,face,0.8951,DEV-0039,Manchester,1,success,175,False,
77806788-dff1-45e3-bcba-6c808c7aa939,USR-0117,2024-01-18 11:08:00,fingerprint,0.8464,DEV-0048,New York,1,success,159,False,
d0be73ee-fd37-4539-a5f2-02f983f02dc7,USR-0021,2024-01-18 11:10:00,keystroke_dynamics,0.8539,DEV-0037,Manchester,1,success,109,False,
86341718-2ba6-4db3-bafe-b1149561c813,USR-0026,2024-01-18 11:11:00,keystroke_dynamics,0.842,DEV-0003,New York,1,success,253,False,
dcad8ec2-963a-4333-a582-95dc75f1c654,USR-0059,2024-01-18 11:13:00,fingerprint,0.8571,DEV-0033,Manchester,1,success,245,False,
cf2e3296-7184-4713-a55f-65b7e709fba6,USR-0041,2024-01-18 11:14:00,face,0.9531,DEV-0022,Manchester,1,success,173,False,
1be00f8e-0c8d-41d2-9673-aefbeb9e54e0,USR-0070,2024-01-18 11:16:00,keystroke_dynamics,0.8169,DEV-0042,Manchester,1,success,200,False,
155c8139-3842-43b4-a378-ff4453d9a4dd,USR-0135,2024-01-18 11:17:00,keystroke_dynamics,0.6903,DEV-0008,Manchester,1,success,199,False,
f9fc9c3f-3206-4388-9804-550b6c0c32f9,USR-0104,2024-01-18 11:18:00,voice,0.8429,DEV-0007,Manchester,1,success,234,False,
69c718ee-aea4-47d6-955f-a2f45fa9b21a,USR-0132,2024-01-18 11:19:00,voice,0.7662,DEV-0038,New York,1,success,202,False,
c67a56e3-06fe-4fcf-87b1-326502f39ad2,USR-0041,2024-01-18 11:28:00,face,0.9531,DEV-0022,Singapore,1,success,173,True,geo_jump
420079f5-1dc3-426e-bb62-659e0700749a,USR-0059,2024-01-18 11:33:00,voice,0.8429,DEV-0049,Manchester,1,success,192,False,
cb881c32-cbb0-4a8b-9908-a121d1a7ba20,USR-0034,2024-01-18 11:34:00,keystroke_dynamics,0.8451,DEV-0042,New York,1,success,236,False,
999413cc-ff99-47a8-88ad-b388287e4086,USR-0066,2024-01-18 11:42:00,fingerprint,0.8685,DEV-0045,London,1,success,156,False,
1777e8cb-7468-4b98-92fe-2fded918b3e5,USR-0015,2024-01-18 11:52:00,fingerprint,0.883,DEV-0009,London,1,success,158,False,
371ecd7b-27cd-4130-8722-9389571aa876,USR-0001,2024-01-18 11:53:00,voice,0.8241,DEV-0037,New York,1,success,123,False,
a0c69223-c435-4252-b19d-d940838cc137,USR-0085,2024-01-18 11:55:00,face,0.8007,DEV-0034,London,1,success,116,False,
8cf996a3-d028-4602-a066-5e51f76d7126,USR-0195,2024-01-18 11:56:00,face,0.7342,DEV-0004,Manchester,1,success,231,False,
fd06a179-7980-4efa-8da0-8e483531518a,USR-0085,2024-01-18 12:01:00,face,0.8201,DEV-0019,London,1,success,118,False,
f4f48fdc-0351-4800-bd91-dbcc6a959ce2,USR-0185,2024-01-18 12:03:00,face,0.8498,DEV-0025,London,1,success,136,False,
c227e0f2-0510-4943-be3e-b6f738b595b9,USR-0101,2024-01-18 12:04:00,face,0.7688,DEV-0021,New York,1,success,154,False,
6e663c0a-c1e0-44a1-bbf8-20f6c6523c3d,USR-0086,2024-01-18 12:04:00,keystroke_dynamics,0.8308,DEV-0012,London,1,success,169,False,
93dc8eea-3e8e-436a-87e9-5e6d7f71eef6,USR-0141,2024-01-18 12:06:00,keystroke_dynamics,0.8169,DEV-0010,Manchester,1,success,191,False,
4e653eee-251d-464e-9eec-2af44db9eacb,USR-0167,2024-01-18 12:07:00,keystroke_dynamics,0.8532,DEV-0003,London,1,success,196,False,
7d6dca57-cc80-4698-8765-88fe75f53328,USR-0198,2024-01-18 12:20:00,keystroke_dynamics,0.7689,DEV-0019,Manchester,1,success,191,False,
bbe43aa7-8c58-4ff0-a15c-f032930e7347,USR-0150,2024-01-18 12:21:00,fingerprint,0.7865,DEV-0047,New York,1,success,219,False,
74797b61-2737-4b52-ba6a-210722319050,USR-0028,2024-01-18 12:22:00,face,0.8528,DEV-0017,Manchester,1,success,180,False,
21084dd9-f75d-4e3c-848d-56502e9522d6,USR-0023,2024-01-18 12:25:00,fingerprint,0.7759,DEV-0020,Manchester,1,success,147,False,
2bd7d038-8149-4b7a-8968-fdf25760c094,USR-0097,2024-01-18 12:28:00,voice,0.7775,DEV-0008,New York,1,success,158,False,
58c1aad6-f3f8-4ea4-bf14-eafa29f0ef7c,USR-0038,2024-01-18 12:29:00,fingerprint,0.841,DEV-0050,Manchester,1,success,117,False,
5fa9a39e-ee47-48d4-b9fb-97b9abf1a574,USR-0194,2024-01-18 12:32:00,keystroke_dynamics,0.8169,DEV-0016,Manchester,1,success,149,False,
a8702d97-10e6-4176-b858-3966757256f6,USR-0111,2024-01-18 12:32:00,keystroke_dynamics,0.8265,DEV-0011,Manchester,1,success,284,False,
7e4b4f10-745f-480e-bbe5-403bb24b007b,USR-0137,2024-01-18 12:34:00,voice,0.8522,DEV-0025,New York,1,success,130,False,
1d91fe39-d801-4004-b93b-ed1b14f9c394,USR-0044,2024-01-18 12:35:00,voice,0.8895,DEV-0018,London,1,success,166,False,
6ab62dbf-8663-48bb-aaf7-895bb241cfd3,USR-0115,2024-01-18 12:35:00,voice,0.8343,DEV-0031,New York,1,success,146,False,
3242f61c-ea3d-49b2-8319-8f412467f4a3,USR-0200,2024-01-18 12:37:00,face,0.7719,DEV-0005,London,1,success,198,False,
997bd7bb-9a58-431a-8663-686eee70e803,USR-0097,2024-01-18 12:39:00,voice,0.7775,DEV-0008,Singapore,1,success,158,True,geo_jump
586a346a-dc5b-47d1-bcef-1972bbf483ce,USR-0024,2024-01-18 12:40:00,fingerprint,0.7814,DEV-0022,London,1,success,221,False,
0af20a23-e3c6-4f79-aa0e-0060ae2a9c01,USR-0190,2024-01-18 12:40:00,voice,0.7619,DEV-0035,London,1,success,225,False,
b9d707a9-e74e-40b3-bdce-635fbf905d6a,USR-0054,2024-01-18 12:44:00,fingerprint,0.8221,DEV-0021,New York,1,success,101,False,
59b9222c-115a-4fac-b173-fcdf3fe1e8f3,USR-0043,2024-01-18 12:49:00,fingerprint,0.8126,DEV-0008,London,1,success,183,False,
9a069295-3b8d-4447-8e61-065f171b1b80,USR-0042,2024-01-18 13:02:00,face,0.7769,DEV-0022,Manchester,1,success,209,False,
a87da2af-3ae8-460a-adaf-ea5450b9e04a,USR-0170,2024-01-18 13:05:00,keystroke_dynamics,0.8513,DEV-0027,London,1,success,162,False,
108d692f-6fa9-457c-974f-e6687f441add,USR-0175,2024-01-18 13:12:00,voice,0.6875,DEV-0012,London,1,success,169,False,
c04446bf-d9f4-4bbd-8dec-644cda2d2156,USR-0054,2024-01-18 13:19:00,voice,0.7961,DEV-0044,New York,1,success,132,False,
fbdc532e-6546-466d-89b1-cad184c9b276,USR-0070,2024-01-18 13:21:00,keystroke_dynamics,0.8288,DEV-0044,Manchester,1,success,159,False,
1579bc24-3ffd-48f1-97e9-afe27d6448b2,USR-0154,2024-01-18 13:22:00,face,0.7687,DEV-0041,New York,1,success,132,False,
2a064fd2-4fbc-4984-b792-2d9eb998e2d3,USR-0113,2024-01-18 13:23:00,keystroke_dynamics,0.9116,DEV-0006,New York,1,success,256,False,
1ceb08fe-f2de-4798-b31a-25b55fecaa6e,USR-0091,2024-01-18 13:24:00,keystroke_dynamics,0.7246,DEV-0046,New York,1,success,153,False,
aeb4eb8e-dd23-4782-927a-1a33f5110f36,USR-0175,2024-01-18 13:27:00,voice,0.6875,DEV-0012,Lagos,1,success,169,True,geo_jump
e7d73d1d-69a3-4991-b634-646c5806a961,USR-0054,2024-01-18 13:30:00,face,0.8593,DEV-0018,New York,1,success,212,False,
9b2e18c0-5a24-491d-bf2e-1955fc6bc66b,USR-0120,2024-01-18 13:31:00,fingerprint,0.7705,DEV-0045,New York,1,success,160,False,
461fe028-f727-4e90-9ba1-68b8a3840e2b,USR-0141,2024-01-18 13:34:00,face,0.7645,DEV-0040,Manchester,1,success,190,False,
419b7333-9b8c-431b-8111-61a7339b2275,USR-0188,2024-01-18 13:45:00,voice,0.8104,DEV-0011,New York,1,success,220,False,
21986e3c-d19f-4f31-9dd7-3f1f138ef8cc,USR-0086,2024-01-18 13:46:00,voice,0.8772,DEV-0035,London,1,success,228,False,
7b0c036b-d23f-444f-acde-afcd63065765,USR-0161,2024-01-18 13:48:00,face,0.8095,DEV-0040,Manchester,1,success,150,False,
817b2f21-24f3-4f14-a9b0-1062d2e55512,USR-0098,2024-01-18 13:48:00,face,0.8882,DEV-0011,London,1,success,195,False,
9ad28c4a-9798-439e-9a78-6fcac5a06501,USR-0156,2024-01-18 13:51:00,fingerprint,0.8905,DEV-0037,Manchester,1,success,264,False,
e3b2f985-2ad0-457e-b30c-19bc1073c0c3,USR-0136,2024-01-18 13:59:00,fingerprint,0.8128,DEV-0049,London,1,success,240,False,
14e1aabd-a20c-44ba-a5b0-8e26fc52a468,USR-0176,2024-01-18 14:01:00,fingerprint,0.8231,DEV-0032,London,1,success,185,False,
3ef433df-020a-4c40-a095-c0d0a26e67da,USR-0153,2024-01-18 14:05:00,voice,0.7947,DEV-0021,New York,1,success,221,False,
e1d5c0dc-3ea5-45a9-81ae-c50599a04abb,USR-0070,2024-01-18 14:08:00,keystroke_dynamics,0.9249,DEV-0045,Manchester,1,success,221,False,
d60b04a9-9173-4d93-b75c-4f3057696e2f,USR-0157,2024-01-18 14:11:00,face,0.7432,DEV-0002,London,1,success,135,False,
bbae2fbd-bc99-4291-9342-98bebe2a85c6,USR-0133,2024-01-18 14:24:00,face,0.8023,DEV-0040,New York,1,success,161,False,
35ebd32d-9ad6-40ab-8821-2ddb45b89cd9,USR-0005,2024-01-18 14:26:00,fingerprint,0.8242,DEV-0014,London,1,success,164,False,
a18e4440-7a70-4cf8-92ef-d363b4dea4a4,USR-0118,2024-01-18 14:27:00,face,0.7874,DEV-0016,Manchester,1,success,230,False,
5e24296e-b736-4ad9-b9a8-226b5ced7017,USR-0091,2024-01-18 14:31:00,voice,0.8398,DEV-0044,New York,1,success,147,False,
ba554e35-ddc8-427b-a623-b91a72f68fe1,USR-0099,2024-01-18 14:42:00,fingerprint,0.7377,DEV-0043,New York,1,success,227,False,
03200c4e-40cb-4188-83f0-fac39f601d17,USR-0070,2024-01-18 14:51:00,voice,0.9121,DEV-0008,Manchester,1,success,224,False,
277eb0aa-a247-441d-88ad-0899b630794d,USR-0033,2024-01-18 15:00:00,fingerprint,0.7938,DEV-0014,Manchester,1,success,177,False,
a8c12f22-78ea-404d-9b6b-09920d2a9d7a,USR-0150,2024-01-18 15:02:00,fingerprint,0.8612,DEV-0049,New York,1,success,169,False,
f8e351ea-9aeb-4c3e-a1f7-815758f34359,USR-0127,2024-01-18 15:05:00,voice,0.9247,DEV-0034,New York,1,success,206,False,
cae2f489-f7d8-4086-9110-c9fd747cb18f,USR-0141,2024-01-18 15:06:00,keystroke_dynamics,0.8189,DEV-0022,Manchester,1,success,191,False,
a21b0307-82af-485c-938d-994c2b0abedd,USR-0018,2024-01-18 15:08:00,keystroke_dynamics,0.7358,DEV-0016,New York,1,success,249,False,
eede901c-be29-44f8-9b52-a1e6cdfc9ce7,USR-0188,2024-01-18 15:09:00,voice,0.9442,DEV-0050,New York,1,success,214,False,
8c813e53-97b6-4461-ac76-04c1177d8b26,USR-0112,2024-01-18 15:09:00,voice,0.7925,DEV-0048,London,1,success,139,False,
35eb728f-5775-4d0f-9256-e276fba75385,USR-0101,2024-01-18 15:11:00,keystroke_dynamics,0.7438,DEV-0040,New York,1,success,226,False,
3527bcee-d343-4f88-91f3-79b18ebb8208,USR-0070,2024-01-18 15:13:00,fingerprint,0.7969,DEV-0043,Manchester,1,success,197,False,
6f04af36-567c-4d44-862c-92fd98abb2e7,USR-0048,2024-01-18 15:14:00,keystroke_dynamics,0.8029,DEV-0050,London,1,success,243,False,
a71372ab-34cb-4b9a-9338-82b320fa15b7,USR-0120,2024-01-18 15:23:00,keystroke_dynamics,0.9384,DEV-0048,New York,1,success,195,False,
0e5d8626-19f7-4775-8f2f-633b60013e38,USR-0168,2024-01-18 15:24:00,face,0.8312,DEV-0019,Manchester,1,success,231,False,
1375ee90-d6b3-41e4-bb6d-ca0d6fe5040b,USR-0032,2024-01-18 15:25:00,fingerprint,0.8314,DEV-0023,New York,1,success,153,False,
77dd362b-4a6b-436b-957f-108b86514886,USR-0094,2024-01-18 15:25:00,face,0.8484,DEV-0026,Manchester,1,success,151,False,
92004957-b161-4d16-a9a0-02a45acd1e90,USR-0132,2024-01-18 15:29:00,fingerprint,0.8349,DEV-0045,New York,1,success,164,False,
394d9156-5c31-4125-a123-433f895517ec,USR-0179,2024-01-18 15:29:00,keystroke_dynamics,0.8376,DEV-0029,New York,1,success,234,False,
dedbcef9-74f8-4913-80ca-280f19a53942,USR-0116,2024-01-18 15:39:00,fingerprint,0.8079,DEV-0017,London,1,success,172,False,
2f64a0ad-2b1a-406e-9585-244514fe88bc,USR-0106,2024-01-18 15:40:00,keystroke_dynamics,0.517,DEV-0045,Manchester,20,success,206,True,rapid_retry
4b88445a-1582-4e78-806a-5949226378ab,USR-0106,2024-01-18 15:40:00,keystroke_dynamics,0.6773,DEV-0045,Manchester,1,success,206,False,
151248e1-1504-4b41-99c4-d7d61537846c,USR-0106,2024-01-18 15:40:00,keystroke_dynamics,0.5371,DEV-0045,Manchester,1,success,206,True,low_score_bypass
b62a7941-59dc-4e0f-b168-5db847d28391,USR-0124,2024-01-18 15:41:00,face,0.7938,DEV-0008,London,1,success,221,False,
ba8f4592-37ea-4bed-b866-9ba9044ffc73,USR-0021,2024-01-18 15:41:00,keystroke_dynamics,0.4389,DEV-0027,Manchester,1,success,203,True,low_score_bypass
1ee26f39-eed4-4b89-8010-4995bc06e86b,USR-0091,2024-01-18 15:41:00,face,0.7707,DEV-0005,New York,1,success,162,False,
f1901b7e-c6b4-49ef-b74e-ba9310275b53,USR-0021,2024-01-18 15:41:00,keystroke_dynamics,0.7883,DEV-0027,Manchester,1,success,203,False,
c3101e2e-7107-414f-b54a-31ba4ac8927e,USR-0097,2024-01-18 15:47:00,face,0.8312,DEV-0014,New York,1,success,178,False,
c9ce44bd-7c3f-4add-9a38-5db590eeb067,USR-0036,2024-01-18 15:59:00,voice,0.8533,DEV-0023,New York,1,success,143,False,
ecf60826-3c1e-4ac4-9af0-9b921da9c3c5,USR-0177,2024-01-18 16:02:00,voice,0.3264,DEV-0045,Manchester,1,success,149,True,low_score_bypass
2c21f1ed-f4a9-45b0-91c3-7e19dbfeed4a,USR-0177,2024-01-18 16:02:00,voice,0.9581,DEV-0045,Manchester,1,success,149,False,
6f72bca4-db64-4c30-95dc-4812902ea8c3,USR-0190,2024-01-18 16:04:00,fingerprint,0.8108,DEV-0038,London,1,success,199,False,
05e3d107-1d0f-4e16-a554-674f8240252d,USR-0183,2024-01-18 16:07:00,fingerprint,0.8613,DEV-0014,New York,1,success,116,False,
20509c62-08e8-45d7-b02c-1821c8040fb7,USR-0022,2024-01-18 16:08:00,keystroke_dynamics,0.8098,DEV-0022,New York,1,success,161,False,
4c618a43-6f04-4c76-b3e6-922da5044925,USR-0119,2024-01-18 16:16:00,face,0.775,DEV-0001,London,1,success,211,False,
edd32be9-2905-4dd7-877b-1426b73c62ab,USR-0117,2024-01-18 16:20:00,face,0.6762,DEV-0011,New York,1,success,152,False,
0ceaaf73-aced-4d55-a73e-2bc578822064,USR-0073,2024-01-18 16:21:00,voice,0.7785,DEV-0047,Manchester,1,success,153,False,
52645a59-e1f8-4b33-9b2d-5a2a99bd6240,USR-0052,2024-01-18 16:22:00,face,0.9475,DEV-0001,Manchester,1,success,233,False,
8331d711-5de2-4a7d-b0da-152821051c60,USR-0132,2024-01-18 16:22:00,keystroke_dynamics,0.844,DEV-0008,New York,1,success,148,False,
5da8d6d2-f8b3-4a8b-a05f-b8bc8a16a06c,USR-0013,2024-01-18 16:23:00,keystroke_dynamics,0.8464,DEV-0036,Manchester,1,success,159,False,
c56dbe29-65b8-438c-865f-5046f9a61744,USR-0154,2024-01-18 16:41:00,keystroke_dynamics,0.8032,DEV-0026,New York,1,success,165,False,
490c3442-98c3-4a3d-8f92-8bca7aecc953,USR-0188,2024-01-18 16:43:00,fingerprint,0.8479,DEV-0029,New York,1,success,226,False,
cf3eb0d7-450c-4845-b95d-b36ffa8a47d6,USR-0196,2024-01-18 16:45:00,voice,0.7885,DEV-0034,Manchester,1,success,210,False,
07c62bd3-caf2-4c2a-ae8c-51f9f3d21fd2,USR-0189,2024-01-18 16:57:00,face,0.9135,DEV-0015,Manchester,1,success,152,False,
08e3f771-b6dc-4d05-9a9b-ccc1e71c681a,USR-0045,2024-01-18 17:04:00,voice,0.892,DEV-0035,Manchester,1,success,185,False,
bcc4f087-7a7e-4c31-a627-61671d121daf,USR-0082,2024-01-18 17:10:00,voice,0.8218,DEV-0032,Manchester,1,success,207,False,
e6d037c6-d2a2-4765-b700-7ce3e25c7f9c,USR-0128,2024-01-18 17:11:00,voice,0.8492,DEV-0013,Manchester,1,success,210,False,
e6267164-d361-4b3a-bcff-ae922c435667,USR-0067,2024-01-18 17:12:00,face,0.7668,DEV-0035,London,1,success,210,False,
c85b811b-10a5-4073-b180-4803d9025a2c,USR-0103,2024-01-18 17:12:00,voice,0.8211,DEV-0021,London,1,success,228,False,
a14923c2-f920-464c-8763-fcd01f15c7b6,USR-0011,2024-01-18 17:24:00,voice,0.7824,DEV-0017,London,1,success,252,False,
788f06ed-3c1e-419b-ae5a-400755367ab6,USR-0093,2024-01-18 17:25:00,face,0.8368,DEV-0031,Manchester,1,success,73,False,
77e490c7-1d7b-4313-8de2-2f1c56b60afc,USR-0014,2024-01-18 17:37:00,face,0.9308,DEV-0050,London,1,success,137,False,
6d39da75-aee7-4ab2-a1fa-8e7a078c26ce,USR-0041,2024-01-18 17:51:00,face,0.7871,DEV-0009,Manchester,1,success,213,False,
2951c8a7-cd21-4a34-8a49-ba1b3ab5a9f1,USR-0154,2024-01-18 17:54:00,face,0.8878,DEV-0046,New York,1,success,181,False,
b6da99cd-d14b-456c-a7db-09431a59c3eb,USR-0074,2024-01-18 17:55:00,fingerprint,0.8824,DEV-0047,London,1,success,101,False,
b5ae2a56-fa03-4d6c-822f-b2f06175a257,USR-0068,2024-01-18 17:56:00,keystroke_dynamics,0.8511,DEV-0038,London,1,success,199,False,
27755e9d-a770-4217-b455-af73c0a7ad9c,USR-0094,2024-01-18 18:10:00,keystroke_dynamics,0.87,DEV-0017,Manchester,1,success,154,False,
fd561b27-2833-49b8-a41f-79aa692e33b9,USR-0108,2024-01-18 18:12:00,face,0.7541,DEV-0038,New York,1,success,165,False,
9a0f09e9-eb8b-4c11-9fb0-ef34c8497436,USR-0086,2024-01-18 18:14:00,fingerprint,0.7433,DEV-0046,London,1,success,144,False,
3d51d528-072e-45dd-95e1-7880d8bb62b7,USR-0131,2024-01-18 18:14:00,face,0.86,DEV-0021,Manchester,1,success,118,False,
381692f5-10eb-46b1-8979-a0e17b8fe7cf,USR-0200,2024-01-18 18:16:00,fingerprint,0.8028,DEV-0032,London,1,success,138,False,
cf51a203-a2d9-49ba-8146-ed52e73bc913,USR-0075,2024-01-18 18:17:00,fingerprint,0.7943,DEV-0002,London,1,success,196,False,
8673173a-e5b5-4f30-8486-8583906ae95d,USR-0152,2024-01-18 18:20:00,voice,0.812,DEV-0044,Manchester,1,success,145,False,
4849032c-4875-4d16-ba0c-96e28720d00f,USR-0119,2024-01-18 18:25:00,keystroke_dynamics,0.9524,DEV-0042,London,1,success,183,False,
a7f655fb-8b89-43fd-ad5f-62b0541e4d9c,USR-0075,2024-01-18 18:30:00,fingerprint,0.7943,DEV-0002,Berlin,1,success,196,True,geo_jump
52a80809-20d1-4fc0-81c1-aee2e7235658,USR-0171,2024-01-18 18:32:00,fingerprint,0.8547,DEV-0050,New York,1,success,198,False,
26aeaf29-9ac0-4e26-8b18-c73ce545281b,USR-0128,2024-01-18 18:32:00,face,0.8428,DEV-0018,Manchester,1,success,233,False,
ad411244-ff79-40f4-af64-257283d7cafc,USR-0122,2024-01-18 18:35:00,fingerprint,0.7723,DEV-0005,Manchester,1,success,235,False,
ffc19ef6-a61f-435f-bfc7-06f0b30672dc,USR-0133,2024-01-18 18:36:00,voice,0.8146,DEV-0026,New York,1,success,244,False,
e43f05c8-40a5-42f7-b62b-9f628ced48ea,USR-0125,2024-01-18 18:40:00,face,0.8351,DEV-0003,London,1,success,101,False,
b2cc4372-6532-43ae-96f7-91ac4cf6a297,USR-0101,2024-01-18 18:51:00,face,0.8151,DEV-0021,New York,1,success,219,False,
d1e2b878-c576-426d-98ae-0666d066ad21,USR-0075,2024-01-18 18:52:00,voice,0.7892,DEV-0046,London,1,success,132,False,
bda3c162-3a78-464a-9d86-80cbb90800f3,USR-0039,2024-01-18 18:56:00,keystroke_dynamics,0.9407,DEV-0024,Manchester,1,success,220,False,
a48e40f1-d042-4dfa-96ab-087a8bc78e81,USR-0021,2024-01-18 18:58:00,face,0.8495,DEV-0036,Manchester,1,success,209,False,
58fde70b-df91-47d5-a055-25c64bb3e035,USR-0171,2024-01-18 19:04:00,keystroke_dynamics,0.8481,DEV-0032,New York,1,success,186,False,
cc214b4e-f80c-4b1a-9e16-afca8c111ba4,USR-0131,2024-01-18 19:05:00,keystroke_dynamics,0.822,DEV-0047,Manchester,1,success,233,False,
30a19d7d-4b86-4f69-b036-89a4c518c20b,USR-0195,2024-01-18 19:06:00,voice,0.8652,DEV-0003,Manchester,1,success,99,False,
593c73f2-b8e5-4141-8067-6073e9c000f0,USR-0113,2024-01-18 19:06:00,keystroke_dynamics,0.8388,DEV-0045,New York,1,success,120,False,
956269f0-e5d7-4875-adad-d6c795a76d79,USR-0001,2024-01-18 19:08:00,face,0.9087,DEV-0043,New York,1,success,159,False,
aae6787e-e744-4a30-b135-6d676d4ec8a4,USR-0077,2024-01-18 19:10:00,keystroke_dynamics,0.8786,DEV-0014,Manchester,1,success,235,False,
f75c0751-8fd8-4cb4-88fb-2050a460cf44,USR-0117,2024-01-18 19:17:00,face,0.8,DEV-0044,New York,1,success,215,False,
0d95ee72-46c3-4497-b546-9cb1a8c9aa31,USR-0079,2024-01-18 19:20:00,keystroke_dynamics,0.773,DEV-0040,London,1,success,208,False,
3c10316d-3f63-4065-be85-c8c4a9470663,USR-0089,2024-01-18 19:20:00,voice,0.9,DEV-0044,New York,1,success,217,False,
7862246c-092e-44b7-aee2-59893ad82406,USR-0093,2024-01-18 19:24:00,fingerprint,0.7672,DEV-0010,Manchester,1,success,190,False,
2ad9c360-84bb-4f7a-9711-35452e2fcae7,USR-0177,2024-01-18 19:28:00,voice,0.8867,DEV-0027,Manchester,1,success,157,False,
7dbb4c18-4984-40ab-ba0e-25398a3e50b5,USR-0177,2024-01-18 19:28:00,voice,0.4351,DEV-0027,Manchester,18,success,157,True,rapid_retry
63d62a39-c0e3-4efd-8c71-e0fe5a0cdd7c,USR-0007,2024-01-18 19:34:00,keystroke_dynamics,0.7236,DEV-0030,Manchester,1,success,188,False,
6dc75587-cd40-4648-a353-98a63a6a22d9,USR-0097,2024-01-18 19:42:00,voice,0.798,DEV-0036,New York,1,success,191,False,
a847bce7-90fa-4b57-a4ac-2130deaf528d,USR-0017,2024-01-18 19:42:00,face,0.8054,DEV-0049,London,1,success,218,False,
d13b3a4d-87f1-4ab5-8e82-373e42be7d36,USR-0168,2024-01-18 19:46:00,voice,0.8842,DEV-0020,Manchester,1,success,179,False,
409d3602-5084-4242-968b-1625746f7891,USR-0011,2024-01-18 19:47:00,fingerprint,0.7833,DEV-0029,London,1,success,123,False,
e03d1b30-adcd-495f-af91-a7be905c3fd9,USR-0142,2024-01-18 19:49:00,keystroke_dynamics,0.8451,DEV-0014,New York,1,success,160,False,
7bdac670-ca4c-4b4d-bc8a-de6a9051385e,USR-0131,2024-01-18 19:54:00,face,0.8575,DEV-0026,Manchester,1,success,171,False,
f17aa7a9-243d-416d-8563-abbe51883a26,USR-0072,2024-01-18 19:55:00,face,0.829,DEV-0022,Manchester,1,success,183,False,
161d6acf-1eb6-41f0-b532-1352b54468e4,USR-0077,2024-01-18 19:57:00,face,0.8405,DEV-0005,Manchester,1,success,177,False,
bf67de42-3a0a-4b59-8538-4872deaa543e,USR-0067,2024-01-18 19:59:00,face,0.699,DEV-0017,London,1,success,66,False,
f10c718b-1eb0-438a-a75d-d5af3c365296,USR-0004,2024-01-18 20:00:00,voice,0.9486,DEV-0019,London,1,success,205,False,
3737cc38-166c-4d33-8f9f-dc15dfd23d15,USR-0085,2024-01-18 20:04:00,voice,0.8909,DEV-0012,London,1,success,196,False,
7a8b737a-31b5-476f-88e9-41fdb0850679,USR-0085,2024-01-18 20:04:00,voice,0.4457,DEV-0012,London,15,success,196,True,rapid_retry
23f5aea6-0598-4489-b087-ab0e4a9a75f0,USR-0168,2024-01-18 20:05:00,keystroke_dynamics,0.8311,DEV-0031,Manchester,1,success,170,False,
a48687d4-cb29-4e19-9694-a5279720b88f,USR-0174,2024-01-18 20:05:00,face,0.7956,DEV-0037,London,1,success,142,False,
597278c5-1789-4e63-a746-5743897b303d,USR-0053,2024-01-18 20:10:00,fingerprint,0.8839,DEV-0026,Manchester,1,success,238,False,
a5fcd671-125d-4206-82f8-65f8226001c6,USR-0075,2024-01-18 20:14:00,keystroke_dynamics,0.7954,DEV-0006,London,1,success,211,False,
f88505f9-d126-4905-9e99-3ecda0f35470,USR-0171,2024-01-18 20:14:00,face,0.7872,DEV-0019,New York,1,success,123,False,
485f7888-1e23-4a4b-9e21-741fb8011026,USR-0049,2024-01-18 20:14:00,fingerprint,0.7254,DEV-0027,New York,1,success,147,False,
3dcead91-8e93-4bd2-b269-eb4366fe47b3,USR-0151,2024-01-18 20:17:00,fingerprint,0.8934,DEV-0040,New York,1,success,113,False,
fe2181fd-73bd-485b-a7d9-20b393c379fd,USR-0171,2024-01-18 20:18:00,fingerprint,0.8634,DEV-0015,New York,1,success,229,False,
eb053fc4-1b65-4dab-ade4-6e91e8e6e840,USR-0032,2024-01-18 20:20:00,face,0.8463,DEV-0013,New York,1,success,180,False,
df94a2f8-0644-4f36-b31b-38886b6ab820,USR-0184,2024-01-18 20:21:00,face,0.7622,DEV-0003,London,1,success,154,False,
bd03d33b-eee9-495e-a308-6e48e4e5b5b0,USR-0069,2024-01-18 20:29:00,face,0.8596,DEV-0029,Manchester,1,success,147,False,
30799b56-576f-4264-9182-e8e7c9070c97,USR-0104,2024-01-18 20:31:00,face,0.8134,DEV-0009,Manchester,1,success,172,False,
7f85c4e7-1177-4f21-948f-5ba30d87bc72,USR-0088,2024-01-18 20:32:00,face,0.9155,DEV-0002,London,1,success,215,False,
a7c10adb-743a-4892-b561-10f64fd3ca88,USR-0138,2024-01-18 20:33:00,voice,0.8692,DEV-0029,Manchester,1,success,161,False,
f1b88d65-406f-44d6-9c72-aebd13b11e59,USR-0033,2024-01-18 20:35:00,face,0.7329,DEV-0008,Manchester,1,success,179,False,
9854ce4e-4ebf-45c3-8ae9-b4a72a79ea68,USR-0010,2024-01-18 20:42:00,voice,0.7266,DEV-0005,New York,1,success,204,False,
c3595dc2-0bd3-42a9-abc7-8c063e9ace12,USR-0106,2024-01-18 20:48:00,keystroke_dynamics,0.8143,DEV-0024,Manchester,1,success,249,False,
a267d32f-ddcb-44bc-8dbd-c5da787515b9,USR-0048,2024-01-18 20:51:00,keystroke_dynamics,0.7823,DEV-0002,London,1,success,168,False,
e43081aa-6022-43ff-b330-4e33deb0de7d,USR-0080,2024-01-18 20:55:00,face,0.7162,DEV-0043,London,1,success,233,False,
dcd1c413-0760-401f-9c81-fc465bcd236c,USR-0051,2024-01-18 21:08:00,keystroke_dynamics,0.9217,DEV-0023,London,1,success,255,False,
69efafb1-3a7e-4e14-a359-eee173991a47,USR-0016,2024-01-18 21:10:00,keystroke_dynamics,0.7991,DEV-0042,New York,1,success,166,False,
f2e5cecf-9b6c-4494-a0e0-b67321b6eb84,USR-0163,2024-01-18 21:11:00,fingerprint,0.8032,DEV-0023,Manchester,1,success,155,False,
dc6dafff-59c2-4153-b06b-0f0c96822e22,USR-0036,2024-01-18 21:11:00,keystroke_dynamics,0.8844,DEV-0021,New York,1,success,274,False,
f2cffcae-f833-4bfb-a296-e3f171e15b9f,USR-0061,2024-01-18 21:29:00,fingerprint,0.8653,DEV-0028,London,1,success,187,False,
a801f15e-7046-425d-bd47-4d951bd36f41,USR-0123,2024-01-18 21:36:00,voice,0.7941,DEV-0036,London,1,success,189,False,
a67155cd-76e9-4fdc-87e4-b3f364ad2b39,USR-0194,2024-01-18 21:45:00,fingerprint,0.7602,DEV-0036,Manchester,1,success,137,False,
7d05955b-0d9e-4328-9f99-7c8097d38ab9,USR-0141,2024-01-18 21:46:00,fingerprint,0.9135,DEV-0026,Manchester,1,success,219,False,
74650ff9-f014-4b87-965f-a125eb85105d,USR-0177,2024-01-18 21:51:00,fingerprint,0.7669,DEV-0024,Manchester,1,success,149,False,
45c87f41-dbbd-4290-a6ed-caddeb04cd29,USR-0076,2024-01-18 21:52:00,keystroke_dynamics,0.7281,DEV-0007,London,1,success,226,False,
b8ba61b8-41c1-4233-bf2c-1fd1f34ab83d,USR-0162,2024-01-18 21:59:00,keystroke_dynamics,0.822,DEV-0024,New York,1,success,164,False,
d8e3cb62-fe24-4cd4-86bc-55dbae6c3a9b,USR-0168,2024-01-19 03:14:00,voice,0.7822,DEV-0018,Manchester,1,success,117,True,off_hours
205d8635-cc87-458c-bb57-45dfe0345e68,USR-0074,2024-01-19 03:27:00,face,0.8002,DEV-0042,London,1,success,159,True,off_hours
8a693650-a9a2-49cd-bb6f-65df1d9d1d80,USR-0117,2024-01-19 07:00:00,fingerprint,0.8138,DEV-0022,New York,1,success,160,False,
ad05b912-5ab2-4d4a-8bd8-8fcd57a2be4e,USR-0026,2024-01-19 07:11:00,voice,0.8118,DEV-0040,New York,1,success,218,False,
19d9d0b5-a962-4996-abbe-3b5a4d15f7d8,USR-0049,2024-01-19 07:17:00,face,0.8328,DEV-0008,New York,1,success,221,False,
d3946dc7-a08f-41c6-9688-8e84f346bbe7,USR-0079,2024-01-19 07:18:00,fingerprint,0.8008,DEV-0042,London,1,success,108,False,
c523b4e9-022f-46bb-82d9-c5d7e991e6d5,USR-0107,2024-01-19 07:19:00,keystroke_dynamics,0.8988,DEV-0013,New York,1,success,179,False,
323132fa-6181-42de-9b37-0ca76ea5e341,USR-0060,2024-01-19 07:31:00,fingerprint,0.7833,DEV-0022,New York,1,success,200,False,
75938f5a-b40b-4353-a96b-e9034e09c596,USR-0082,2024-01-19 07:31:00,face,0.8548,DEV-0031,Manchester,1,success,236,False,
79c9c839-c8ef-4377-a368-84f588ddd880,USR-0048,2024-01-19 07:32:00,keystroke_dynamics,0.7657,DEV-0031,Manchester,1,success,226,False,
1b67f7bb-33bb-4382-8801-8e83df9d3910,USR-0065,2024-01-19 07:36:00,fingerprint,0.7907,DEV-0009,Manchester,1,success,222,False,
c316959c-ce64-4ebe-a0e7-118acf8da52b,USR-0183,2024-01-19 07:37:00,fingerprint,0.7664,DEV-0011,London,1,success,243,False,
664101fa-5d06-47cc-8a37-4f43c4cd8e19,USR-0164,2024-01-19 07:44:00,voice,0.802,DEV-0035,Manchester,1,success,162,False,
8453d803-8519-469e-973d-a9cbab196705,USR-0171,2024-01-19 07:50:00,keystroke_dynamics,0.708,DEV-0039,New York,1,success,149,False,
e5a5788e-2b80-41ed-8a1f-783a31372ca1,USR-0171,2024-01-19 07:50:00,keystroke_dynamics,0.6484,DEV-0039,New York,16,success,149,True,rapid_retry
371831f3-d527-489b-9b28-65da4cb9be7b,USR-0120,2024-01-19 08:02:00,face,0.8104,DEV-0020,New York,1,success,170,False,
6c21835d-d8e8-497c-a0a2-59014932936e,USR-0053,2024-01-19 08:06:00,fingerprint,0.7376,DEV-0034,Manchester,1,success,194,False,
9123f2c5-c4c9-4949-a334-fca6d04f0a71,USR-0179,2024-01-19 08:08:00,voice,0.8355,DEV-0038,New York,1,success,168,False,
d5e4157d-23ba-4528-aa08-9aa0e57c5c02,USR-0085,2024-01-19 08:08:00,voice,0.8947,DEV-0007,London,1,success,269,False,
54bbbcf8-28fe-4761-8d49-fe3f2ca8f783,USR-0035,2024-01-19 08:14:00,keystroke_dynamics,0.7879,DEV-0025,New York,1,success,111,False,
a1e518a2-93d2-48d4-a465-5c397d4d2add,USR-0036,2024-01-19 08:20:00,voice,0.8001,DEV-0040,New York,1,success,155,False,
9dca71ef-13e2-438a-bf9e-e7b6f0154f90,USR-0188,2024-01-19 08:20:00,keystroke_dynamics,0.9639,DEV-0039,New York,1,success,201,False,
7d2d93e8-b40b-4288-b24d-2a35e5304b87,USR-0101,2024-01-19 08:20:00,face,0.8864,DEV-0029,New York,1,success,89,False,
7e8450d7-51be-4dc1-9a44-914362908017,USR-0129,2024-01-19 08:21:00,keystroke_dynamics,0.811,DEV-0008,Manchester,1,success,153,False,
8cca8963-2e2e-47a4-8ade-c3792ab403f6,USR-0066,2024-01-19 08:25:00,fingerprint,0.9071,DEV-0016,London,1,success,180,False,
8be27516-342c-4348-b63d-75f189bab9c8,USR-0068,2024-01-19 08:26:00,fingerprint,0.8446,DEV-0008,Manchester,1,success,194,False,
938df7c1-ab0b-44fc-99b0-6cf925dfa1fb,USR-0141,2024-01-19 08:27:00,fingerprint,0.3252,DEV-0040,Manchester,1,success,239,True,low_score_bypass
2cc9abb6-86e3-4e9b-a047-9ecbf5538cd3,USR-0141,2024-01-19 08:27:00,fingerprint,0.8575,DEV-0040,Manchester,1,success,239,False,
be2d740a-1e9b-43bc-90c7-c006314d3441,USR-0009,2024-01-19 08:28:00,face,0.9329,DEV-0040,Manchester,1,success,233,False,
242ac30f-5d80-453b-a59a-5d6c07ba408b,USR-0130,2024-01-19 08:31:00,keystroke_dynamics,0.8539,DEV-0028,New York,1,success,207,False,
48c3a59d-ec71-42e7-b028-eb2d5e9432d6,USR-0168,2024-01-19 08:39:00,fingerprint,0.9071,DEV-0001,Manchester,1,success,142,False,
15263fef-7c65-4bfb-883f-ca724a1a7c2e,USR-0123,2024-01-19 08:42:00,face,0.7989,DEV-0009,London,1,success,265,False,
f60b9881-76f3-4fc7-9009-6b2a00419afc,USR-0101,2024-01-19 09:01:00,voice,0.9025,DEV-0007,New York,1,success,194,False,
d0f7c7b0-1708-4bbd-b106-e8ce5b9a289a,USR-0101,2024-01-19 09:06:00,keystroke_dynamics,0.8129,DEV-0035,New York,1,success,180,False,
dcd81a8b-a8d6-4af6-9f0d-def190c40e45,USR-0070,2024-01-19 09:06:00,voice,0.9011,DEV-0005,Manchester,1,success,231,False,
229da816-d113-4946-bcd4-2854b6630e4c,USR-0101,2024-01-19 09:06:00,keystroke_dynamics,0.49,DEV-0035,New York,14,success,180,True,rapid_retry
9496634f-d438-431d-aa0a-2259859f02bb,USR-0091,2024-01-19 09:06:00,face,0.8045,DEV-0018,New York,1,success,172,False,
757e2b43-af51-4850-b77e-5f7a80a233e3,USR-0108,2024-01-19 09:13:00,fingerprint,0.8162,DEV-0002,New York,1,success,199,False,
d90949aa-9bdd-4d7a-ad53-628b49851b79,USR-0071,2024-01-19 09:16:00,fingerprint,0.7806,DEV-0044,London,1,success,178,False,
14eae37c-67b2-416c-861e-a8aa11baf616,USR-0132,2024-01-19 09:20:00,keystroke_dynamics,0.8609,DEV-0030,New York,1,success,180,False,
71127f4b-2df8-4502-8653-ee8561e30fb4,USR-0106,2024-01-19 09:28:00,fingerprint,0.8957,DEV-0032,Manchester,1,success,204,False,
afdc8a51-a34c-4c78-97a9-9ae771757228,USR-0167,2024-01-19 09:35:00,fingerprint,0.8972,DEV-0031,London,1,success,175,False,
0d259caa-b8ad-4d87-ba40-45dd93dfd907,USR-0026,2024-01-19 09:36:00,face,0.7878,DEV-0032,New York,1,success,212,False,
c82f78fd-936c-431c-b7bf-52447db2a7aa,USR-0033,2024-01-19 09:36:00,voice,0.86,DEV-0021,Manchester,1,success,198,False,
694d7b00-8d38-4327-883f-13c601b158e9,USR-0032,2024-01-19 09:46:00,face,0.9648,DEV-0007,London,1,success,211,False,
5b59f28e-a9de-4b26-88ff-eab0075072d6,USR-0061,2024-01-19 09:47:00,fingerprint,0.7742,DEV-0009,London,1,success,221,False,
744cc6ae-e03f-4f2c-b2bf-fc3fae0e289b,USR-0130,2024-01-19 09:59:00,fingerprint,0.8213,DEV-0046,New York,1,success,140,False,
5115d7ee-3b90-408e-bce3-456320363a73,USR-0065,2024-01-19 09:59:00,voice,0.8264,DEV-0017,Manchester,1,success,195,False,
c8169e32-5263-4195-b729-4c21208bc725,USR-0185,2024-01-19 10:06:00,face,0.8086,DEV-0038,London,1,success,191,False,
1c0f0bdc-ac7e-437c-94cc-1e2a5e4cb287,USR-0026,2024-01-19 10:10:00,fingerprint,0.7879,DEV-0016,New York,1,success,176,False,
fab87bb6-0a4c-4231-ad6c-18d074c0bea3,USR-0167,2024-01-19 10:10:00,voice,0.8011,DEV-0024,London,1,success,241,False,
ae991937-0846-4aa4-bfa4-cfdd01c31adc,USR-0164,2024-01-19 10:14:00,voice,0.8456,DEV-0006,Manchester,1,success,140,False,
61cb78c3-513f-49a9-8724-91cadc11eb13,USR-0099,2024-01-19 10:15:00,voice,0.7696,DEV-0005,New York,1,success,207,False,
e79524eb-84fa-4889-b21f-9823f23b1efb,USR-0120,2024-01-19 10:25:00,keystroke_dynamics,0.7658,DEV-0016,New York,1,success,287,False,
f1b2f143-078b-43a9-bd88-565ad09a934b,USR-0069,2024-01-19 10:30:00,keystroke_dynamics,0.749,DEV-0044,Manchester,1,success,169,False,
085eb489-4ac6-4780-b874-9f3cc2d49b56,USR-0036,2024-01-19 10:33:00,fingerprint,0.7938,DEV-0048,New York,1,success,115,False,
afd380c4-2713-482c-b41e-a3ac5fd23109,USR-0016,2024-01-19 10:34:00,fingerprint,0.8045,DEV-0012,New York,1,success,172,False,
a6fd0cb1-16e6-45c0-84cb-294fe86e8e63,USR-0027,2024-01-19 10:35:00,fingerprint,0.8073,DEV-0025,London,1,success,140,False,
ed1115d7-50a4-4c85-99d5-7b0242d04d55,USR-0041,2024-01-19 10:35:00,face,0.7478,DEV-0016,Manchester,1,success,138,False,
215bdef5-dcaa-4893-853d-1af98d40aeb2,USR-0125,2024-01-19 10:40:00,keystroke_dynamics,0.8193,DEV-0043,London,1,success,140,False,
b67ffa23-7762-46bb-a634-8a1b7c9d575e,USR-0199,2024-01-19 10:41:00,face,0.8619,DEV-0014,Manchester,1,success,224,False,
b6697d0a-8837-4bbc-9898-06fd86912efe,USR-0086,2024-01-19 10:48:00,fingerprint,0.7344,DEV-0022,London,1,success,182,False,
b6fac9b9-88bf-4b11-bd3c-c9e3a5a7a595,USR-0164,2024-01-19 10:50:00,fingerprint,0.8641,DEV-0001,Manchester,1,success,217,False,
eb34d8de-3e7d-423e-9e03-83d4b061c6ff,USR-0162,2024-01-19 10:52:00,keystroke_dynamics,0.8163,DEV-0035,New York,1,success,186,False,
44725ab7-bc44-4417-914b-a9bb60f91495,USR-0122,2024-01-19 10:59:00,voice,0.8575,DEV-0038,Manchester,1,success,173,False,
69c165ae-4c61-4ae8-87a3-7f1061b512ed,USR-0048,2024-01-19 10:59:00,fingerprint,0.9206,DEV-0003,Manchester,1,success,142,False,
ff97588e-f6cd-40d1-aa31-e22b4cda3e1c,USR-0164,2024-01-19 11:00:00,fingerprint,0.8641,DEV-0001,Lagos,1,success,217,True,geo_jump
c4bd9b59-7fd9-496f-ae5a-88566791659c,USR-0083,2024-01-19 11:02:00,keystroke_dynamics,0.8963,DEV-0003,New York,1,success,140,False,
4654e77d-de67-4278-9313-b3a7e5a1c6e4,USR-0059,2024-01-19 11:02:00,face,0.795,DEV-0008,Manchester,1,success,177,False,
a76090e7-7c73-4166-82f7-79797466b319,USR-0161,2024-01-19 11:04:00,keystroke_dynamics,0.7673,DEV-0037,Manchester,1,success,140,False,
27dc3b65-62bb-484c-95d1-2c70d5b07c12,USR-0157,2024-01-19 11:07:00,fingerprint,0.8719,DEV-0021,London,1,success,223,False,
b38046ef-ad4a-4b3c-b86a-f9ddfe83c32a,USR-0059,2024-01-19 11:15:00,voice,0.8433,DEV-0047,Manchester,1,success,176,False,
2c2ac34b-9e0b-4b01-b536-59efd873dad9,USR-0035,2024-01-19 11:16:00,keystroke_dynamics,0.8324,DEV-0037,New York,1,success,182,False,
4c71b0d5-bf4d-493d-bc57-003e91f91586,USR-0188,2024-01-19 11:26:00,fingerprint,0.8621,DEV-0027,New York,1,success,233,False,
53ad132c-0131-471e-8338-57e4877478d3,USR-0177,2024-01-19 11:28:00,fingerprint,0.8386,DEV-0011,Manchester,1,success,201,False,
4a9b0dc7-97e7-4b55-846f-c2131b87a428,USR-0059,2024-01-19 11:29:00,voice,0.8433,DEV-0047,Lagos,1,success,176,True,geo_jump
72d35458-61ea-4f30-a42e-707afe2bd987,USR-0030,2024-01-19 11:29:00,fingerprint,0.8426,DEV-0031,Manchester,1,success,178,False,
fbe94499-dbc0-40fd-86fb-7bf300b9d4a3,USR-0015,2024-01-19 11:30:00,fingerprint,0.8223,DEV-0024,London,1,success,184,False,
c0d2201b-26cf-4e04-bed5-e52eaa3d2111,USR-0097,2024-01-19 11:36:00,face,0.8768,DEV-0036,New York,1,success,182,False,
6c5b07b6-f127-47bd-b862-32528c45b36c,USR-0197,2024-01-19 11:44:00,fingerprint,0.9006,DEV-0035,London,1,success,170,False,
b5b25ed1-af1b-4316-ba0e-681bbd5db7a4,USR-0191,2024-01-19 11:52:00,face,0.7598,DEV-0045,London,1,success,120,False,
b0b63bcf-0860-4833-879d-0cdaf396ea37,USR-0015,2024-01-19 12:03:00,fingerprint,0.7599,DEV-0019,London,1,success,168,False,
2cdb1625-b41f-4721-96af-d9ce799f52c0,USR-0181,2024-01-19 12:05:00,voice,0.8409,DEV-0023,Manchester,1,success,164,False,
77902ddf-4b58-4ceb-a6e4-86bf8d2eea22,USR-0135,2024-01-19 12:16:00,voice,0.8182,DEV-0037,Manchester,1,success,185,False,
28c2783d-c138-498b-9c88-da6ee551da7a,USR-0174,2024-01-19 12:17:00,face,0.7854,DEV-0005,Manchester,1,success,126,False,
af0f134e-02a2-4fcc-984e-e3db691d8bea,USR-0192,2024-01-19 12:18:00,face,0.7942,DEV-0029,London,1,success,183,False,
635d8150-d8dc-43a5-b09a-8327891d47fe,USR-0118,2024-01-19 12:23:00,keystroke_dynamics,0.7332,DEV-0002,Manchester,1,success,161,False,
c5709e30-417b-4634-a3ec-152ce0653245,USR-0048,2024-01-19 12:26:00,face,0.7884,DEV-0048,Manchester,1,success,187,False,
6e4ae071-7da5-4648-9905-6421b6af49df,USR-0175,2024-01-19 12:27:00,face,0.7786,DEV-0012,New York,1,success,176,False,
1d9af659-82ec-4f2d-bbf6-e16f9b3080d5,USR-0006,2024-01-19 12:30:00,voice,0.8135,DEV-0028,New York,1,success,196,False,
65bf8e04-ae3c-4ce6-bde6-849b468b22af,USR-0057,2024-01-19 12:35:00,fingerprint,0.8759,DEV-0018,Manchester,1,success,163,False,
081fec82-ca9a-4f77-b26a-51a576b40672,USR-0062,2024-01-19 12:39:00,voice,0.8131,DEV-0027,Manchester,1,success,164,False,
935e2c27-5485-40db-a208-c875c41c233d,USR-0156,2024-01-19 12:40:00,keystroke_dynamics,0.809,DEV-0001,Manchester,1,success,157,False,
dbb24c33-a045-4992-9793-30f16f8fd55c,USR-0095,2024-01-19 12:45:00,voice,0.8692,DEV-0020,London,1,success,172,False,
4d7e6eeb-04eb-4694-92da-e5a7bc11733c,USR-0182,2024-01-19 12:46:00,face,0.8484,DEV-0037,New York,1,success,204,False,
8d87b7be-271d-40f1-8985-c98d985defc4,USR-0113,2024-01-19 12:47:00,keystroke_dynamics,0.8998,DEV-0045,Manchester,1,success,175,False,
f75ef2cf-153d-4754-b086-424afbfbd9f9,USR-0171,2024-01-19 12:48:00,keystroke_dynamics,0.7862,DEV-0033,New York,1,success,86,False,
daea544a-291a-4905-9a29-fe6b590bd0c6,USR-0086,2024-01-19 12:53:00,keystroke_dynamics,0.8014,DEV-0005,London,1,success,118,False,
4dffc9aa-b5bb-4bce-ac15-c4ad57904515,USR-0086,2024-01-19 13:02:00,voice,0.9026,DEV-0024,London,1,success,220,False,
93162f53-e70a-4828-a6a4-cbefa437199c,USR-0097,2024-01-19 13:02:00,voice,0.6981,DEV-0035,New York,1,success,127,False,
deaf0fa9-24a6-4a6c-b641-d44931f09021,USR-0117,2024-01-19 13:12:00,voice,0.8415,DEV-0004,New York,1,success,233,False,
5d21a235-d053-47f4-9ec9-1fdc03add1a4,USR-0133,2024-01-19 13:12:00,face,0.807,DEV-0023,New York,1,success,193,False,
2ff3cde4-6aa4-4c9f-9217-04753d959e3f,USR-0021,2024-01-19 13:24:00,fingerprint,0.7814,DEV-0046,Manchester,1,success,217,False,
47d9dd10-272d-4ace-bfd0-dce0612c3b0d,USR-0021,2024-01-19 13:24:00,fingerprint,0.4113,DEV-0046,Manchester,18,success,217,True,rapid_retry
ab30f1b1-bb4c-4947-8748-b576fe3a4f96,USR-0152,2024-01-19 13:25:00,voice,0.8272,DEV-0029,Manchester,1,success,149,False,
9b0707e5-f68e-4e81-adf9-568bde0bde18,USR-0061,2024-01-19 13:28:00,fingerprint,0.8656,DEV-0041,London,1,success,168,False,
917bc866-6874-4b44-863e-23bf5c0c309c,USR-0145,2024-01-19 13:28:00,fingerprint,0.786,DEV-0022,London,1,success,252,False,
81627cf1-4394-42e6-9a58-7e8aa25d6b29,USR-0005,2024-01-19 13:30:00,fingerprint,0.9152,DEV-0023,London,1,success,130,False,
670acc5c-b321-4f21-8dd8-eb85b04d3376,USR-0010,2024-01-19 13:36:00,keystroke_dynamics,0.8327,DEV-0046,New York,1,success,176,False,
17c50a7c-6f76-4a77-8d4b-cdb2361352a0,USR-0160,2024-01-19 13:37:00,face,0.8324,DEV-0035,Manchester,1,success,174,False,
f2f5b176-2c41-4bd3-b2f4-44abc1d71f4a,USR-0045,2024-01-19 13:50:00,keystroke_dynamics,0.7029,DEV-0037,Manchester,1,success,185,False,
a07eafb1-01e0-4ad8-8880-2d4d89b8b7ee,USR-0054,2024-01-19 13:51:00,face,0.7978,DEV-0040,New York,1,success,126,False,
c4596172-9fdf-4b1b-9e05-b8b14e45a736,USR-0156,2024-01-19 13:54:00,voice,0.8611,DEV-0025,Manchester,1,success,136,False,
ab9099a4-35a2-40ae-9af3-05535ec42e08,USR-0001,2024-01-19 13:57:00,keystroke_dynamics,0.8394,DEV-0024,New York,1,success,164,False,
982e2afd-77fc-462b-9ffe-37090fa4c293,USR-0155,2024-01-19 14:08:00,fingerprint,0.8092,DEV-0045,New York,1,success,211,False,
19fc8579-acd3-4f62-960f-69fcf6a646ee,USR-0100,2024-01-19 14:14:00,keystroke_dynamics,0.8901,DEV-0043,New York,1,success,148,False,
2a0b83f4-22a5-47cf-ad87-07d5da36a2b6,USR-0155,2024-01-19 14:18:00,face,0.8239,DEV-0037,New York,1,success,155,False,
b4522738-e073-49de-aa8f-7654155287c7,USR-0095,2024-01-19 14:29:00,face,0.9247,DEV-0044,London,1,success,214,False,
161fe564-c438-4a7e-8b16-5a76f82c0c20,USR-0179,2024-01-19 14:31:00,face,0.4397,DEV-0034,New York,11,success,159,True,rapid_retry
b87189e1-9e5b-4abf-8478-608888c62a79,USR-0179,2024-01-19 14:31:00,face,0.7945,DEV-0034,New York,1,success,159,False,
a3bfe403-388c-4751-9c83-79aef7b02805,USR-0043,2024-01-19 14:33:00,keystroke_dynamics,0.7053,DEV-0032,London,1,success,177,False,
f30b15eb-9d69-4f34-bab7-b78f209875b2,USR-0194,2024-01-19 14:37:00,face,0.9432,DEV-0040,Manchester,1,success,198,False,
c7688339-27ef-4357-9b24-9c2a9e5c5dcd,USR-0059,2024-01-19 14:40:00,keystroke_dynamics,0.8095,DEV-0029,Manchester,1,success,199,False,
5a19d7ab-73e0-467e-87e8-1b25a9715404,USR-0138,2024-01-19 14:42:00,keystroke_dynamics,0.7855,DEV-0008,London,1,success,166,False,
0cc46000-ae60-4948-9bf3-84ef6efe2368,USR-0138,2024-01-19 14:43:00,fingerprint,0.7551,DEV-0027,London,1,success,166,False,
16db80db-a543-448e-9adf-e9816ab19e15,USR-0045,2024-01-19 14:44:00,fingerprint,0.7577,DEV-0010,Manchester,1,success,114,False,
67e39166-323e-4a41-8520-89dcd5eb6f69,USR-0138,2024-01-19 14:46:00,fingerprint,0.7551,DEV-0027,Singapore,1,success,166,True,geo_jump
9134c0b7-6f73-473b-baee-bacdc8c8ccf9,USR-0074,2024-01-19 14:46:00,face,0.8002,DEV-0042,London,1,success,159,False,
88cfffa2-1324-47ee-89be-e3ddf7d65f6a,USR-0145,2024-01-19 14:57:00,keystroke_dynamics,0.9109,DEV-0002,London,1,success,158,False,
c606ddc4-c2dd-401d-b59a-15334605ec0e,USR-0048,2024-01-19 15:08:00,voice,0.7983,DEV-0014,Manchester,1,success,196,False,
527a9f7b-d007-4d41-b122-d458f521cf35,USR-0117,2024-01-19 15:11:00,fingerprint,0.831,DEV-0047,New York,1,success,140,False,
46a02a9b-65ec-4acd-8f80-35f55bd20c98,USR-0015,2024-01-19 15:12:00,voice,0.8619,DEV-0036,London,1,success,195,False,
e39eb7c2-6ac9-4528-a5f7-01fee493998a,USR-0096,2024-01-19 15:15:00,face,0.7631,DEV-0017,New York,1,success,143,False,
78e00f78-2cda-40b2-bd43-c4fedfe91357,USR-0163,2024-01-19 15:19:00,voice,0.6562,DEV-0022,Manchester,1,success,180,False,
1bef39f1-7700-4b2e-917b-6fc6e66eb0e2,USR-0132,2024-01-19 15:21:00,keystroke_dynamics,0.8121,DEV-0047,New York,1,success,156,False,
f105c2d8-7acc-4c3b-b90c-a4475352db34,USR-0168,2024-01-19 15:26:00,voice,0.7822,DEV-0018,Manchester,1,success,117,False,
1519830c-4019-4303-9c45-7e4da79313b8,USR-0037,2024-01-19 15:28:00,keystroke_dynamics,0.9323,DEV-0011,Manchester,1,success,195,False,
105dd35c-7d12-4b6b-87b3-d329cfec1804,USR-0119,2024-01-19 15:35:00,voice,0.801,DEV-0041,London,1,success,234,False,
a879d8f8-9042-4eb7-8b04-0f53e63949d4,USR-0032,2024-01-19 15:47:00,face,0.8792,DEV-0050,London,1,success,176,False,
65f69897-7a8e-4e5c-a444-c04046633755,USR-0156,2024-01-19 15:49:00,voice,0.8434,DEV-0032,Manchester,1,success,182,False,
b33aa6b9-7a23-4f3c-81f6-028b4a0efbe5,USR-0151,2024-01-19 15:51:00,keystroke_dynamics,0.9337,DEV-0024,New York,1,success,173,False,
e6b23125-d568-492f-9032-5480b01b5658,USR-0156,2024-01-19 15:52:00,voice,0.8434,DEV-0032,Berlin,1,success,182,True,geo_jump
779d7db4-23ca-4f2f-b9a7-59de2fb9950b,USR-0158,2024-01-19 15:54:00,face,0.815,DEV-0046,New York,1,success,111,False,
f2c8c25e-32f1-427c-aa8c-662d290a3d67,USR-0123,2024-01-19 15:57:00,face,0.8806,DEV-0006,London,1,success,162,False,
34b16488-cb4a-4b4b-aa68-3e184fc40b0a,USR-0135,2024-01-19 15:58:00,face,0.6961,DEV-0009,Manchester,1,success,228,False,
0fda6ca4-107a-4bcc-ac20-d2016b88ccd0,USR-0143,2024-01-19 15:59:00,face,0.8331,DEV-0011,New York,1,success,218,False,
8ee9581a-e061-465f-a859-6f8cd73418fe,USR-0048,2024-01-19 15:59:00,voice,0.8339,DEV-0022,Manchester,1,success,205,False,
702f31e5-62cc-4604-8c53-644b0053f649,USR-0043,2024-01-19 16:01:00,face,0.911,DEV-0013,London,1,success,204,False,
ef0a573d-53d2-456d-9040-158728e213bc,USR-0024,2024-01-19 16:03:00,keystroke_dynamics,0.8912,DEV-0043,London,1,success,283,False,
7a0430c4-58fc-4448-a555-e0870ebb51ae,USR-0175,2024-01-19 16:11:00,fingerprint,0.8264,DEV-0001,New York,1,success,208,False,
aa759a8a-deb5-4d16-b020-d03f5a69e2c6,USR-0175,2024-01-19 16:11:00,fingerprint,0.4307,DEV-0001,New York,1,success,208,True,low_score_bypass
fe7c80e9-a179-4e93-bfc8-25ac869bc00f,USR-0041,2024-01-19 16:14:00,face,0.8521,DEV-0015,Manchester,1,success,229,False,
cf0df860-ebc9-4914-9176-a9d19a3624d6,USR-0043,2024-01-19 16:22:00,face,0.7108,DEV-0040,London,1,success,190,False,
0b7ce5c6-9096-4629-91f3-90f4fa069889,USR-0131,2024-01-19 16:27:00,voice,0.8384,DEV-0002,New York,1,success,177,False,
aee14f87-fcff-49e3-940f-f5896c624c2c,USR-0045,2024-01-19 16:29:00,voice,0.7682,DEV-0036,Manchester,1,success,231,False,
2767ec01-6e8b-4bd6-afcf-7c8ed5b1f09d,USR-0070,2024-01-19 16:36:00,keystroke_dynamics,0.5268,DEV-0018,Manchester,8,success,186,True,rapid_retry
28ef2f46-f323-423e-9cb0-c90c82fc9294,USR-0070,2024-01-19 16:36:00,keystroke_dynamics,0.8696,DEV-0018,Manchester,1,success,186,False,
4949ded7-76c3-4071-81bf-7df87ead63bc,USR-0163,2024-01-19 16:36:00,voice,0.8585,DEV-0025,Manchester,1,success,164,False,
cf492a27-4089-4b7c-8866-7469e6162980,USR-0043,2024-01-19 16:37:00,face,0.7108,DEV-0040,Lagos,1,success,190,True,geo_jump
e3dc8702-5033-44b1-a09c-f7af0889360f,USR-0103,2024-01-19 16:44:00,keystroke_dynamics,0.8178,DEV-0049,London,1,success,110,False,
fbc1085b-216b-4833-bbf2-82a9be09f835,USR-0134,2024-01-19 16:45:00,keystroke_dynamics,0.726,DEV-0010,New York,1,success,196,False,
a28e0841-7d16-4228-b589-717e8275b18a,USR-0113,2024-01-19 16:56:00,voice,0.8565,DEV-0044,Manchester,1,success,233,False,
3fe604f4-2867-4d3b-9c5f-3cba150d28eb,USR-0092,2024-01-19 17:01:00,face,0.8099,DEV-0001,New York,1,success,203,False,
1ca3c448-0279-46a6-8f97-97b06d7ce3c9,USR-0005,2024-01-19 17:01:00,fingerprint,0.874,DEV-0042,London,1,success,192,False,
a981b098-b2cf-452d-a7f3-33b3f7baf55e,USR-0019,2024-01-19 17:02:00,face,0.8196,DEV-0021,Manchester,1,success,213,False,
74fa65ce-489a-427e-a281-03f01d9fff25,USR-0087,2024-01-19 17:08:00,voice,0.9118,DEV-0019,Manchester,1,success,148,False,
60ee64ba-a4b0-418e-8ced-470739034b65,USR-0051,2024-01-19 17:09:00,keystroke_dynamics,0.8227,DEV-0022,London,1,success,182,False,
e7d90c1b-a59c-4eed-ac09-72046fa6681c,USR-0091,2024-01-19 17:10:00,face,0.8114,DEV-0019,New York,1,success,173,False,
ca7ecb33-787d-46d7-88df-d1f114d72283,USR-0106,2024-01-19 17:11:00,voice,0.835,DEV-0048,Manchester,1,success,212,False,
ba108217-0ad7-49a2-b277-16ec59fefbbc,USR-0022,2024-01-19 17:17:00,keystroke_dynamics,0.7285,DEV-0025,London,1,success,230,False,
19edcdbc-ec39-412e-a3d8-89fae5a456d8,USR-0199,2024-01-19 17:21:00,keystroke_dynamics,0.7914,DEV-0007,Manchester,1,success,156,False,
c21c3fb3-a6a5-40ff-93fb-71d0dd326d9c,USR-0044,2024-01-19 17:21:00,voice,0.7055,DEV-0005,London,1,success,145,False,
fc0221b4-95eb-4914-aac9-8c18f63e7ed4,USR-0044,2024-01-19 17:21:00,voice,0.5478,DEV-0005,London,9,success,145,True,rapid_retry
8d0df6f6-0c37-4b80-918b-8e184ba4af25,USR-0094,2024-01-19 17:26:00,keystroke_dynamics,0.8915,DEV-0027,Manchester,1,success,174,False,
7d283421-243f-45fe-bc47-16ad0970d09d,USR-0078,2024-01-19 17:38:00,fingerprint,0.8162,DEV-0008,Manchester,1,success,121,False,
c86aed73-3415-4076-801c-5617a2c3b917,USR-0101,2024-01-19 17:45:00,keystroke_dynamics,0.7755,DEV-0026,New York,1,success,175,False,
3e42df5b-90a3-4bbf-b580-e05067f1698c,USR-0032,2024-01-19 17:45:00,keystroke_dynamics,0.8299,DEV-0044,London,1,success,182,False,
c680a2e5-678d-4f97-a614-f06ac81484cd,USR-0097,2024-01-19 17:49:00,voice,0.7401,DEV-0035,New York,1,success,226,False,
6c726915-d52a-45c8-a579-dc2202c837b6,USR-0130,2024-01-19 18:04:00,voice,0.798,DEV-0019,New York,1,success,187,False,
cc1b4157-ec9f-4c54-9e0a-72ab7f5db163,USR-0021,2024-01-19 18:22:00,keystroke_dynamics,0.812,DEV-0011,Manchester,1,success,180,False,
3286af00-2a8b-4289-9f19-297ebf86ad63,USR-0154,2024-01-19 18:24:00,voice,0.7724,DEV-0037,New York,1,success,132,False,
e288109d-b8a9-4014-a4dc-ea0704056d2b,USR-0075,2024-01-19 18:26:00,face,0.7318,DEV-0045,London,1,success,129,False,
6e6a3d5b-2154-4e4a-a1cf-91fb7e81cdfa,USR-0092,2024-01-19 18:27:00,keystroke_dynamics,0.7743,DEV-0031,New York,1,success,167,False,
635b729c-eb2a-408b-8780-d6caddebd8d4,USR-0151,2024-01-19 18:33:00,face,0.786,DEV-0008,New York,1,success,212,False,
f9a013be-55c1-40d9-9c3b-c3e5c9c52567,USR-0150,2024-01-19 18:37:00,keystroke_dynamics,0.899,DEV-0020,New York,1,success,172,False,
e3fb8c1d-7841-43dd-9034-4c867d14190d,USR-0185,2024-01-19 18:39:00,voice,0.8339,DEV-0021,London,1,success,182,False,
6d575fd1-f019-455f-8080-1ed9743480a1,USR-0102,2024-01-19 18:43:00,keystroke_dynamics,0.895,DEV-0027,Manchester,1,success,137,False,
56847457-1cfc-4f01-b840-1eea5f8f8538,USR-0122,2024-01-19 18:44:00,fingerprint,0.8155,DEV-0048,Manchester,1,success,241,False,
61e561bb-ca79-4b30-ad70-881b52647c6f,USR-0168,2024-01-19 18:46:00,face,0.7466,DEV-0026,Manchester,1,success,143,False,
510861bb-3a42-468f-b745-75cdd6138a1e,USR-0174,2024-01-19 18:47:00,face,0.8593,DEV-0008,Manchester,1,success,193,False,
2a96e1e2-7194-4ae2-99ba-d7aedf615a5c,USR-0012,2024-01-19 18:48:00,voice,0.8322,DEV-0009,New York,1,success,119,False,
e595e3fa-e182-48d2-b681-db3f1cc41c62,USR-0153,2024-01-19 18:50:00,fingerprint,0.8934,DEV-0050,London,1,success,217,False,
0cb5ee5c-62f5-47c2-8706-fec248fa4e98,USR-0046,2024-01-19 18:53:00,voice,0.7279,DEV-0004,Manchester,1,success,104,False,
20afaf9e-0f7c-49ad-8b48-3935cc09de64,USR-0104,2024-01-19 18:55:00,voice,0.8543,DEV-0014,Manchester,1,success,195,False,
696608aa-ee49-4329-884a-7b28550a1b46,USR-0006,2024-01-19 19:02:00,voice,0.8895,DEV-0035,New York,1,success,211,False,
fc7c356d-e7dd-43a5-ab51-9424b595459d,USR-0157,2024-01-19 19:04:00,face,0.8258,DEV-0007,London,1,success,188,False,
cf0e6d2b-315c-467a-85d8-a6ad77d0359e,USR-0027,2024-01-19 19:06:00,voice,0.8959,DEV-0035,London,1,success,145,False,
ead217d1-cefd-4dee-8590-f851fb385671,USR-0143,2024-01-19 19:06:00,face,0.753,DEV-0008,New York,1,success,178,False,
fa1d8ded-7dc8-47a2-adda-a3b60ab84fe2,USR-0192,2024-01-19 19:10:00,face,0.9775,DEV-0032,London,1,success,173,False,
d079fe4e-261b-447a-81e0-4baa2d701ddf,USR-0177,2024-01-19 19:14:00,keystroke_dynamics,0.8756,DEV-0035,Manchester,1,success,128,False,
9a86a2f5-415f-4099-824f-8429b43d4bf9,USR-0168,2024-01-19 19:19:00,face,0.7938,DEV-0002,Manchester,1,success,198,False,
704532d5-2070-43f0-8e80-ea41139cd2b0,USR-0147,2024-01-19 19:19:00,voice,0.7537,DEV-0045,London,1,success,197,False,
00fa0eb4-5c5f-48d4-8df4-07b82751ab86,USR-0044,2024-01-19 19:19:00,face,0.7994,DEV-0021,London,1,success,186,False,
2877f5d9-0f56-45f8-b048-faa112ae5c22,USR-0024,2024-01-19 19:19:00,face,0.9324,DEV-0030,London,1,success,223,False,
ed174fdd-2dee-403e-81d9-6e9601a02047,USR-0079,2024-01-19 19:20:00,face,0.8072,DEV-0036,London,1,success,218,False,
17dcabf5-5088-4581-8c4c-eedf0bb1b984,USR-0131,2024-01-19 19:22:00,face,0.8016,DEV-0028,New York,1,success,234,False,
8852787c-891e-4aa2-8097-09fa5159b574,USR-0163,2024-01-19 19:25:00,fingerprint,0.8504,DEV-0020,Manchester,1,success,224,False,
f2e9702d-11e9-4daa-ae69-81a35d3d9e56,USR-0006,2024-01-19 19:33:00,voice,0.9492,DEV-0007,New York,1,success,149,False,
712ab8eb-3756-4005-8844-bc0caccfb130,USR-0111,2024-01-19 19:36:00,fingerprint,0.8326,DEV-0033,Manchester,1,success,204,False,
d0725b5c-a281-4044-af96-288295d82980,USR-0010,2024-01-19 19:37:00,keystroke_dynamics,0.8817,DEV-0044,New York,1,success,198,False,
ccac2fb5-1a0c-4c04-93cd-129110042d82,USR-0035,2024-01-19 19:47:00,fingerprint,0.822,DEV-0028,New York,1,success,149,False,
96fdad96-2681-45bb-9fbb-3a4326da916c,USR-0168,2024-01-19 19:47:00,face,0.8454,DEV-0016,Manchester,1,success,99,False,
decc0209-93cd-4ce8-af69-e0858c871a3a,USR-0010,2024-01-19 19:49:00,keystroke_dynamics,0.8817,DEV-0044,Berlin,1,success,198,True,geo_jump
c5efd670-1f4d-48ce-998d-e3d83cf29ade,USR-0091,2024-01-19 19:54:00,voice,0.8415,DEV-0048,New York,1,success,182,False,
9691f45d-10bb-494e-acef-755790ad07c6,USR-0102,2024-01-19 19:56:00,keystroke_dynamics,0.831,DEV-0010,Manchester,1,success,146,False,
1cce08e9-6b6a-4061-881c-8d3185c69fbf,USR-0045,2024-01-19 19:58:00,voice,0.8019,DEV-0028,Manchester,1,success,131,False,
9a26a065-1621-4bd0-ae84-a24bf61d6b9c,USR-0190,2024-01-19 20:05:00,voice,0.8311,DEV-0036,London,1,success,205,False,
f7073712-88b0-4b77-bfeb-4cf34ec77371,USR-0078,2024-01-19 20:06:00,fingerprint,0.7567,DEV-0030,Manchester,1,success,165,False,
fef97d57-3c77-4a4a-8d65-4036a00f230b,USR-0068,2024-01-19 20:13:00,face,0.7801,DEV-0013,Manchester,1,success,208,False,
12fe28bf-81e0-4489-9a18-e2a30e614bcd,USR-0019,2024-01-19 20:15:00,keystroke_dynamics,0.7973,DEV-0036,Manchester,1,success,171,False,
905f9096-2996-46e2-8c9d-690713b22cec,USR-0032,2024-01-19 20:16:00,fingerprint,0.8086,DEV-0022,London,1,success,165,False,
5c494d63-1e4c-4fdf-956e-fce49d9e4da2,USR-0128,2024-01-19 20:33:00,fingerprint,0.8039,DEV-0050,Manchester,1,success,183,False,
9c00cb52-97c4-4530-b546-5c933a9af0b6,USR-0185,2024-01-19 20:34:00,voice,0.8497,DEV-0039,London,1,success,134,False,
d96688c9-8623-481e-8224-da50bd10f69f,USR-0178,2024-01-19 20:34:00,face,0.8504,DEV-0032,New York,1,success,206,False,
069d887f-9ad8-4fa7-b7f9-0812bf9bd810,USR-0185,2024-01-19 20:39:00,voice,0.8497,DEV-0039,Lagos,1,success,134,True,geo_jump
7a5d7c82-86c5-447c-851a-00393803dcee,USR-0042,2024-01-19 20:42:00,face,0.8083,DEV-0011,Manchester,1,success,177,False,
f3a80aa0-60ee-4cbc-b8e3-c67df8018a19,USR-0122,2024-01-19 20:44:00,face,0.835,DEV-0001,Manchester,1,success,82,False,
f5b127e1-9a72-4bf3-bb54-93e6ff630fac,USR-0173,2024-01-19 20:51:00,face,0.9031,DEV-0012,Manchester,1,success,195,False,
d30606ae-69ed-4072-bb81-c774c67651b3,USR-0168,2024-01-19 20:54:00,fingerprint,0.8458,DEV-0025,Manchester,1,success,200,False,
ccbdd15e-e7f0-416e-bf78-bad808c2fd6f,USR-0171,2024-01-19 20:58:00,voice,0.7347,DEV-0045,New York,1,success,188,False,
d45e087f-86d4-4ba8-805f-08927c795dd9,USR-0083,2024-01-19 21:05:00,voice,0.8378,DEV-0015,New York,1,success,185,False,
649423aa-6454-46be-a791-346cb7403274,USR-0139,2024-01-19 21:07:00,keystroke_dynamics,0.8726,DEV-0001,Manchester,1,success,167,False,
d2524487-6b70-4287-a9fe-ba149adda7c8,USR-0121,2024-01-19 21:07:00,face,0.8457,DEV-0007,New York,1,success,210,False,
11162039-ea92-459b-aaaa-077f4ab946a2,USR-0109,2024-01-19 21:14:00,face,0.806,DEV-0016,New York,1,success,172,False,
1f09bd6b-bba8-4166-89f9-c43e6b074c79,USR-0150,2024-01-19 21:20:00,keystroke_dynamics,0.8517,DEV-0045,New York,1,success,149,False,
e58118d1-2687-4443-83a1-beac5107256e,USR-0133,2024-01-19 21:27:00,keystroke_dynamics,0.8388,DEV-0046,New York,1,success,202,False,
37b567b4-172d-4bd0-8fbd-4c81a9008ecd,USR-0075,2024-01-19 21:28:00,face,0.8065,DEV-0020,London,1,success,142,False,
f486a251-1414-4827-a632-c350ff712ff4,USR-0150,2024-01-19 21:31:00,fingerprint,0.9173,DEV-0044,New York,1,success,159,False,
97f483d6-74d9-4fb1-9dda-4e36cf292101,USR-0158,2024-01-19 21:32:00,keystroke_dynamics,0.8221,DEV-0029,New York,1,success,136,False,
ef158d5b-2d00-4d05-966d-4627e1dace6a,USR-0027,2024-01-19 21:33:00,face,0.7546,DEV-0008,London,1,success,236,False,
05aa5eab-88f3-47ea-b83f-52740cb4afe1,USR-0062,2024-01-19 21:34:00,face,0.8395,DEV-0010,Manchester,1,success,158,False,
e5141d91-8127-4cf9-803b-d70b054dc5a9,USR-0197,2024-01-19 21:35:00,fingerprint,0.8071,DEV-0009,London,1,success,214,False,
54867db3-efaa-4791-b5eb-0106767f5095,USR-0155,2024-01-19 21:38:00,face,0.8607,DEV-0049,New York,1,success,179,False,
f7e9101d-3f8b-4433-b60e-695c1759ba96,USR-0041,2024-01-19 21:42:00,fingerprint,0.813,DEV-0017,Manchester,1,success,154,False,
5f9c041d-8323-44b5-bd59-3fa4e9b9339e,USR-0168,2024-01-19 21:45:00,voice,0.96,DEV-0026,Manchester,1,success,231,False,
40e07e0f-7cfb-4186-877b-4fffd114dda1,USR-0178,2024-01-19 21:46:00,face,0.8473,DEV-0042,New York,1,success,210,False,
ecc38555-2b9b-4ffc-b2db-b2c54518f4c6,USR-0137,2024-01-19 21:49:00,keystroke_dynamics,0.7644,DEV-0024,New York,1,success,131,False,
8a6342ca-56b7-479e-a46a-0b429cfecbd8,USR-0073,2024-01-19 21:56:00,face,0.7251,DEV-0013,Manchester,1,success,182,False,
fae9df3f-585b-4128-8002-c5eb9cd3e931,USR-0179,2024-01-19 21:56:00,face,0.8058,DEV-0038,New York,1,success,174,False,
fbda05ae-b270-4103-8fd6-b161c49968dd,USR-0101,2024-01-19 21:57:00,keystroke_dynamics,0.8046,DEV-0048,New York,1,success,191,False,
197634e5-054b-4fbb-bad8-66baf252f8f9,USR-0002,2024-01-20 02:09:00,face,0.8336,DEV-0026,New York,1,success,232,True,off_hours
b3322d31-d3a6-4f0c-ab07-8653af878674,USR-0047,2024-01-20 04:14:00,face,0.8668,DEV-0039,New York,1,success,178,True,off_hours
8c490e4c-c780-4892-aa93-f2c4094183bf,USR-0200,2024-01-20 07:09:00,face,0.8009,DEV-0016,London,1,success,177,False,
b81bda1d-386a-4050-87c5-8839c42cd0ba,USR-0117,2024-01-20 07:10:00,fingerprint,0.7506,DEV-0037,New York,1,success,100,False,
8a08d40e-a239-4ad5-af1f-798c13fd2d26,USR-0076,2024-01-20 07:14:00,keystroke_dynamics,0.8334,DEV-0012,London,1,success,132,False,
0c8033f0-cc88-4185-b1ba-d5eb3e668eb8,USR-0162,2024-01-20 07:21:00,face,0.8836,DEV-0014,New York,1,success,215,False,
72fcc072-544c-4132-9af9-7493e8e46b31,USR-0069,2024-01-20 07:22:00,voice,0.7186,DEV-0007,Manchester,1,success,140,False,
b95f22d5-30ef-476b-9688-43992b91aace,USR-0137,2024-01-20 07:28:00,fingerprint,0.8272,DEV-0028,New York,1,success,221,False,
764d7e7c-8e49-40f9-acc5-c9de6a1d9731,USR-0085,2024-01-20 07:34:00,fingerprint,0.777,DEV-0038,London,1,success,212,False,
03ad702e-216a-4bcf-a616-dde4b388300a,USR-0078,2024-01-20 07:34:00,fingerprint,0.7573,DEV-0034,Manchester,1,success,178,False,
40349202-f34e-4ba1-9c07-605e57628c84,USR-0179,2024-01-20 07:37:00,fingerprint,0.901,DEV-0010,New York,1,success,241,False,
f5b78cc7-e6b3-4944-8b32-3e357922bac2,USR-0006,2024-01-20 07:39:00,fingerprint,0.8203,DEV-0049,New York,1,success,181,False,
edcd465e-3638-4821-b6e0-7cc06c52c49f,USR-0002,2024-01-20 07:39:00,fingerprint,0.8356,DEV-0027,New York,1,success,211,False,
316482fe-10a0-4260-8fbd-6062ab6d9aa8,USR-0157,2024-01-20 07:42:00,fingerprint,0.7531,DEV-0030,London,1,success,168,False,
06a4093b-49d6-43b1-8593-53fa25e4e633,USR-0164,2024-01-20 07:42:00,face,0.841,DEV-0033,Manchester,1,success,193,False,
3499a783-9b47-4e77-b133-5445d695847a,USR-0196,2024-01-20 07:43:00,voice,0.7836,DEV-0049,Manchester,1,success,197,False,
db00ab4c-91e5-4e86-aefe-02c34276bfe1,USR-0102,2024-01-20 07:45:00,voice,0.8743,DEV-0038,New York,1,success,170,False,
3ea426b8-3f7b-46ec-85df-f8e291136499,USR-0167,2024-01-20 07:46:00,voice,0.8105,DEV-0029,London,1,success,151,False,
9e91a71c-7374-4cbf-978c-57d3508850d3,USR-0035,2024-01-20 07:46:00,keystroke_dynamics,0.8062,DEV-0026,New York,1,success,178,False,
31f3f0c0-22f3-4068-bc0f-549d02740f73,USR-0035,2024-01-20 07:49:00,face,0.8543,DEV-0041,New York,1,success,177,False,
bcc57be0-0779-450a-a544-e3136ea05d13,USR-0035,2024-01-20 07:56:00,fingerprint,0.887,DEV-0006,New York,1,success,237,False,
03edd1f8-74f9-4d17-a912-b4bf86a4bae4,USR-0012,2024-01-20 07:57:00,fingerprint,0.7598,DEV-0002,London,1,success,149,False,
0722ab3c-18c3-4aa9-a013-5044a041301d,USR-0103,2024-01-20 07:59:00,fingerprint,0.7529,DEV-0020,London,1,success,241,False,
28e60130-2d23-4ed1-bf5d-21f279731ea8,USR-0079,2024-01-20 08:01:00,face,0.8672,DEV-0004,London,1,success,157,False,
e13ae6f4-b5ef-418b-a90e-1a7e75be1ba7,USR-0179,2024-01-20 08:09:00,face,0.8089,DEV-0026,New York,1,success,133,False,
27ad8d51-98a1-4e4f-b03b-693479ab56d1,USR-0064,2024-01-20 08:10:00,keystroke_dynamics,0.8961,DEV-0049,New York,1,success,191,False,
a84554c3-a3f6-4c61-afb7-0dab2f383b43,USR-0035,2024-01-20 08:11:00,keystroke_dynamics,0.8296,DEV-0040,New York,1,success,200,False,
f104ad27-ee75-434e-b067-dba16d8bebc3,USR-0117,2024-01-20 08:16:00,fingerprint,0.8769,DEV-0025,New York,1,success,206,False,
b588489e-effb-4197-8d73-a782967197ec,USR-0064,2024-01-20 08:17:00,keystroke_dynamics,0.8961,DEV-0049,Lagos,1,success,191,True,geo_jump
b1a50a3d-cebd-4b2b-9cfb-bce7e8f2c584,USR-0062,2024-01-20 08:21:00,fingerprint,0.6777,DEV-0030,Manchester,1,success,261,False,
1dee4b6d-3ce7-4d1e-a947-fd26274ac7a7,USR-0083,2024-01-20 08:27:00,face,0.8019,DEV-0041,New York,1,success,154,False,
0bab8f53-c3a4-404f-b696-5c84cb08b605,USR-0078,2024-01-20 08:38:00,keystroke_dynamics,0.8901,DEV-0028,Manchester,1,success,151,False,
0f5449d1-910a-4ebf-a909-3889e42cfe33,USR-0196,2024-01-20 08:42:00,keystroke_dynamics,0.9269,DEV-0008,Manchester,1,success,202,False,
2a45c2ab-8cbf-4db0-b264-accc79ac1b1e,USR-0002,2024-01-20 08:43:00,face,0.8336,DEV-0026,New York,1,success,232,False,
c96d525e-a563-4cf4-a7df-eb9257c13f7e,USR-0083,2024-01-20 08:52:00,voice,0.7538,DEV-0037,New York,1,success,212,False,
a8449e0b-2ac2-4c1e-8a83-e68d46eed033,USR-0083,2024-01-20 08:52:00,voice,0.4286,DEV-0037,New York,1,success,212,True,low_score_bypass
f945cfd4-678e-495f-a2de-b12c5821f077,USR-0083,2024-01-20 08:52:00,voice,0.4866,DEV-0037,New York,1,success,212,True,low_score_bypass
c4c557d8-ee23-4eb0-85f6-2467a6c1d136,USR-0131,2024-01-20 08:54:00,voice,0.718,DEV-0004,New York,1,success,150,False,
235b275b-dcd2-4b97-b3ca-9a6bccd3af7c,USR-0069,2024-01-20 08:55:00,voice,0.6946,DEV-0045,Manchester,1,success,173,False,
9fb30a4d-c071-4a38-bffc-4f097f1464b3,USR-0134,2024-01-20 08:56:00,fingerprint,0.8924,DEV-0008,New York,1,success,190,False,
5027b309-cedb-4488-b623-87b49be9ec86,USR-0150,2024-01-20 09:00:00,keystroke_dynamics,0.7664,DEV-0008,New York,1,success,135,False,
fbcb4db6-9a51-4c62-9ace-65501544409d,USR-0182,2024-01-20 09:02:00,fingerprint,0.9358,DEV-0039,New York,1,success,175,False,
d52721e7-19bc-443e-bb02-bebb48729a4d,USR-0009,2024-01-20 09:04:00,face,0.8105,DEV-0018,Manchester,1,success,162,False,
82095583-e03f-4c17-8c65-037491e22c1e,USR-0175,2024-01-20 09:08:00,face,0.7008,DEV-0020,London,1,success,145,False,
d8feb8de-6779-4b58-82ab-23a0fc862110,USR-0075,2024-01-20 09:11:00,keystroke_dynamics,0.784,DEV-0034,London,1,success,117,False,
da7f624b-5716-4640-87a0-424659f43595,USR-0179,2024-01-20 09:23:00,keystroke_dynamics,0.3291,DEV-0001,New York,1,success,217,True,low_score_bypass
bb2168c4-a318-4a65-896f-e30824f7e239,USR-0179,2024-01-20 09:23:00,keystroke_dynamics,0.8194,DEV-0001,New York,1,success,217,False,
dc83f96f-52a6-43d4-be58-a9701aea2c2c,USR-0137,2024-01-20 09:30:00,face,0.6924,DEV-0036,New York,1,success,181,False,
9be5662a-dc97-4a81-bdee-d56a21ddd27e,USR-0197,2024-01-20 09:40:00,keystroke_dynamics,0.7183,DEV-0019,London,1,success,194,False,
7135f221-a6c9-437f-84da-d06a7872bdeb,USR-0010,2024-01-20 09:48:00,fingerprint,0.8318,DEV-0012,New York,1,success,140,False,
15260718-cd18-4a82-8447-ceab84ef4324,USR-0021,2024-01-20 09:50:00,face,0.7729,DEV-0014,Manchester,1,success,205,False,
4cad3598-603d-4161-a1f0-41d06993e611,USR-0198,2024-01-20 09:53:00,face,0.8203,DEV-0002,Manchester,1,success,118,False,
8082a0ee-dbe8-4d7a-8907-03e848841707,USR-0141,2024-01-20 09:58:00,keystroke_dynamics,0.8473,DEV-0041,Manchester,1,success,177,False,
85261ad4-94ed-4114-b672-e14bcc4bbc6f,USR-0195,2024-01-20 10:02:00,fingerprint,0.7989,DEV-0017,Manchester,1,success,140,False,
bcbd6eeb-ceab-4f76-b776-f4e846f90964,USR-0156,2024-01-20 10:04:00,voice,0.7341,DEV-0046,Manchester,1,success,103,False,
c4246277-8544-44ab-9a64-f27d0bcfd0fc,USR-0072,2024-01-20 10:05:00,fingerprint,0.7556,DEV-0025,Manchester,1,success,183,False,
ba2c43ec-43f8-4fcf-8997-0b27dbdcfb3d,USR-0200,2024-01-20 10:08:00,keystroke_dynamics,0.8373,DEV-0049,London,1,success,169,False,
a175a9c3-d7b1-42a9-a332-a50e6992896e,USR-0031,2024-01-20 10:12:00,fingerprint,0.8003,DEV-0026,London,1,success,204,False,
45f50c52-2e2f-4f77-8769-79d644777442,USR-0017,2024-01-20 10:14:00,face,0.8162,DEV-0031,London,1,success,193,False,
5719d3e4-16d1-4768-9c83-90ba1672380e,USR-0117,2024-01-20 10:23:00,face,0.8036,DEV-0046,New York,1,success,203,False,
70cafdd8-fc04-4f08-9207-0158f2771f63,USR-0020,2024-01-20 10:29:00,fingerprint,0.6668,DEV-0009,London,1,success,217,False,
fb95d0fc-ad72-4d05-924c-de09ccea5031,USR-0045,2024-01-20 10:35:00,face,0.8088,DEV-0031,Manchester,1,success,192,False,
a04d4d14-197d-4ae1-8bc2-ea720c648ca2,USR-0036,2024-01-20 10:36:00,face,0.8785,DEV-0050,New York,1,success,216,False,
2e671517-e8e5-4412-a60f-475f9ac88b74,USR-0162,2024-01-20 10:38:00,keystroke_dynamics,0.8308,DEV-0021,New York,1,success,126,False,
f1da833d-1550-4390-b4c0-db3e666a4a82,USR-0121,2024-01-20 10:44:00,voice,0.8289,DEV-0003,New York,1,success,173,False,
b2414482-5198-44d8-8643-3603c92a7d7c,USR-0030,2024-01-20 10:49:00,voice,0.8698,DEV-0034,Manchester,1,success,172,False,
ff0614bb-b85a-44cd-bf2b-f0e4ed55169f,USR-0155,2024-01-20 10:53:00,voice,0.8711,DEV-0018,New York,1,success,216,False,
d2333b12-5ad2-4e7a-8b40-601a99260664,USR-0199,2024-01-20 11:00:00,keystroke_dynamics,0.7947,DEV-0038,Manchester,1,success,183,False,
d1f16485-429a-4a7c-8c80-d33aad5be3c8,USR-0041,2024-01-20 11:03:00,keystroke_dynamics,0.93,DEV-0042,Manchester,1,success,212,False,
b177116d-f203-4633-ac5d-d02dccc67ffd,USR-0083,2024-01-20 11:11:00,keystroke_dynamics,0.8377,DEV-0044,New York,1,success,170,False,
e2c350af-42e3-47d9-a97b-43bd00b73636,USR-0154,2024-01-20 11:16:00,face,0.5162,DEV-0023,New York,1,success,142,True,low_score_bypass
b7c315a2-dc16-4bae-a541-35f889238eb6,USR-0154,2024-01-20 11:16:00,face,0.7862,DEV-0023,New York,1,success,142,False,
233e8b97-ded7-4bb9-b454-ef982712cefe,USR-0188,2024-01-20 11:17:00,face,0.8055,DEV-0042,New York,1,success,156,False,
165effd1-c764-4651-bca8-72f2cd2c4a30,USR-0183,2024-01-20 11:21:00,face,0.7957,DEV-0045,London,1,success,185,False,
405db449-c06a-4817-a7bb-18babfd4f67c,USR-0198,2024-01-20 11:22:00,face,0.7316,DEV-0015,Manchester,1,success,194,False,
83f38f4e-faf3-4aec-9e0a-71570d6ed01e,USR-0119,2024-01-20 11:22:00,keystroke_dynamics,0.6973,DEV-0003,London,1,success,156,False,
f540838e-1333-4679-9b5c-4b589c425665,USR-0131,2024-01-20 11:25:00,face,0.8377,DEV-0004,New York,1,success,152,False,
fde91c42-002c-4c22-b4de-5f7070f81dba,USR-0036,2024-01-20 11:29:00,face,0.807,DEV-0011,New York,1,success,167,False,
ca27cd69-4226-4ba4-8775-d77822ed1e25,USR-0091,2024-01-20 11:30:00,keystroke_dynamics,0.7941,DEV-0014,Manchester,1,success,230,False,
28b82fa1-72d0-4649-b50e-a2b2d07a2b58,USR-0187,2024-01-20 11:33:00,fingerprint,0.8672,DEV-0020,Manchester,1,success,134,False,
2a983090-831f-4302-a9fd-9b08074f6459,USR-0158,2024-01-20 11:34:00,face,0.8751,DEV-0008,New York,1,success,228,False,
294d25fc-0553-4a50-afac-c50db2904e73,USR-0096,2024-01-20 11:35:00,voice,0.7654,DEV-0006,New York,1,success,207,False,
8bf160df-8346-452b-8073-aa66d7b4db17,USR-0106,2024-01-20 11:43:00,keystroke_dynamics,0.7941,DEV-0010,Manchester,1,success,95,False,
c226ab53-b680-473b-b2b9-c542d143e0a2,USR-0073,2024-01-20 11:44:00,face,0.9565,DEV-0019,Manchester,1,success,145,False,
ab707385-6c81-4f55-9906-d534438f9d83,USR-0194,2024-01-20 11:46:00,fingerprint,0.8356,DEV-0049,Manchester,1,success,232,False,
c241330b-01a9-471f-9e8a-774bcf36d58b,USR-0001,2024-01-20 11:51:00,fingerprint,0.7655,DEV-0047,New York,1,success,123,False,
76b874d3-4959-4bed-9d19-11a5618dde71,USR-0061,2024-01-20 11:53:00,keystroke_dynamics,0.6987,DEV-0023,London,1,success,175,False,
bd20c36a-2705-44cb-a704-b1152a85e3b1,USR-0095,2024-01-20 11:54:00,keystroke_dynamics,0.919,DEV-0017,London,1,success,154,False,
9adf4709-ac75-4344-a08e-149e44b9e602,USR-0031,2024-01-20 11:56:00,fingerprint,0.8185,DEV-0024,London,1,success,109,False,
6c8c5d0e-3eb3-46fd-b291-bc95b8bf9cae,USR-0113,2024-01-20 11:56:00,face,0.9919,DEV-0022,New York,1,success,143,False,
403fd582-4ccf-4a4b-bc93-243ec90b9454,USR-0060,2024-01-20 12:11:00,fingerprint,0.8215,DEV-0046,New York,1,success,118,False,
aee4f488-df41-4155-98d2-bfd058622bb4,USR-0177,2024-01-20 12:14:00,voice,0.8589,DEV-0041,Manchester,1,success,216,False,
abb558e1-cb9a-4ed5-bdbc-ebdbb119779c,USR-0119,2024-01-20 12:18:00,voice,0.8212,DEV-0004,London,1,success,164,False,
f3fac150-7429-4f81-83a2-15ffa660604f,USR-0148,2024-01-20 12:22:00,fingerprint,0.796,DEV-0024,New York,1,success,156,False,
9caf4bfe-7ff8-42c6-b79a-566b2e1482be,USR-0079,2024-01-20 12:37:00,keystroke_dynamics,0.8434,DEV-0016,London,1,success,173,False,
beea002a-ce2d-4105-bc70-dfcafba2a5f1,USR-0097,2024-01-20 12:47:00,voice,0.7448,DEV-0027,New York,1,success,157,False,
21ec4754-1cf1-4654-aab2-02c2cc0243c6,USR-0051,2024-01-20 12:51:00,fingerprint,0.7967,DEV-0013,London,1,success,163,False,
3a769378-d39a-4c87-a3d1-8504fcb1a281,USR-0178,2024-01-20 12:52:00,keystroke_dynamics,0.7902,DEV-0013,New York,1,success,181,False,
833c8f55-a129-4fa2-a27d-4660293fc266,USR-0056,2024-01-20 13:05:00,keystroke_dynamics,0.8144,DEV-0017,New York,1,success,170,False,
25dbbe8d-a534-4425-aa69-b7f7b28d7cb8,USR-0114,2024-01-20 13:06:00,fingerprint,0.7334,DEV-0044,Manchester,1,success,197,False,
0ba6eab9-4639-447b-a067-bdac88bd13d1,USR-0009,2024-01-20 13:06:00,fingerprint,0.7426,DEV-0042,Manchester,1,success,128,False,
42d943ee-5197-4e75-8523-d4fd4b7f2183,USR-0044,2024-01-20 13:11:00,fingerprint,0.8492,DEV-0049,London,1,success,118,False,
fcc2ed18-92ae-413c-963b-d56405e514ff,USR-0119,2024-01-20 13:17:00,keystroke_dynamics,0.7889,DEV-0015,London,1,success,248,False,
6c262577-66d6-489e-ab91-e501f5bd62cd,USR-0161,2024-01-20 13:31:00,fingerprint,0.8132,DEV-0036,Manchester,1,success,197,False,
9a463e70-3204-406d-b61a-84b9cec74f48,USR-0197,2024-01-20 13:36:00,fingerprint,0.9433,DEV-0045,London,1,success,225,False,
27b608dc-589d-4cb0-b5eb-89c23f5cf2f3,USR-0030,2024-01-20 13:40:00,keystroke_dynamics,0.8083,DEV-0026,Manchester,1,success,225,False,
39a90a45-104b-4372-816e-a5c24ab3c590,USR-0179,2024-01-20 13:41:00,keystroke_dynamics,0.8338,DEV-0001,New York,1,success,206,False,
284b2e1d-73fb-4c56-a2ea-5644547e1c39,USR-0164,2024-01-20 13:49:00,keystroke_dynamics,0.5423,DEV-0027,Manchester,1,success,151,True,low_score_bypass
9150d9b2-2886-425e-b741-12a5f1dde1f6,USR-0164,2024-01-20 13:49:00,keystroke_dynamics,0.8338,DEV-0027,Manchester,1,success,151,False,
179d9ae3-14fa-4d50-a97c-4d7dd4147d03,USR-0098,2024-01-20 13:52:00,face,0.9165,DEV-0027,London,1,success,234,False,
ebc8f6b7-ee22-4f70-8359-9c6d1224cbd2,USR-0065,2024-01-20 14:01:00,face,0.85,DEV-0013,Manchester,1,success,144,False,
a01ed90e-6d71-48e9-b05a-501c11310c8b,USR-0145,2024-01-20 14:02:00,fingerprint,0.8435,DEV-0024,London,1,success,138,False,
25ce2a21-ed3e-4846-9efa-0407f2edcab0,USR-0068,2024-01-20 14:04:00,voice,0.86,DEV-0009,London,1,success,203,False,
b95e44e3-9653-49ee-905e-c9d64c32a0a2,USR-0095,2024-01-20 14:15:00,face,0.8541,DEV-0030,London,1,success,223,False,
c5798f5d-9690-40b0-9182-88dd16965a15,USR-0184,2024-01-20 14:16:00,keystroke_dynamics,0.8209,DEV-0026,London,1,success,187,False,
59518620-8769-4e24-9875-589a7d57a51f,USR-0122,2024-01-20 14:17:00,face,0.8261,DEV-0047,Manchester,1,success,192,False,
ce3fde9a-12aa-4ab4-be59-a0d13c5168b0,USR-0146,2024-01-20 14:21:00,fingerprint,0.8497,DEV-0029,London,1,success,205,False,
b82d40de-f2d7-4d53-8870-2ae78eadda9a,USR-0069,2024-01-20 14:25:00,fingerprint,0.8504,DEV-0023,Manchester,1,success,177,False,
48603b32-b4fb-4eb9-89c1-3de73b4206c5,USR-0009,2024-01-20 14:26:00,voice,0.8627,DEV-0014,Manchester,1,success,197,False,
2ba46308-7e77-46aa-8015-575691b0af07,USR-0102,2024-01-20 14:27:00,face,0.8432,DEV-0026,New York,1,success,234,False,
d32e6dcd-83bc-4478-9d6a-c7b86778043b,USR-0011,2024-01-20 14:32:00,face,0.7614,DEV-0004,London,1,success,222,False,
e830257d-cf8b-4eb2-83f1-5176eed15809,USR-0129,2024-01-20 14:33:00,keystroke_dynamics,0.8624,DEV-0047,Manchester,1,success,179,False,
4c9bff5c-e188-4eaf-9e18-85c35037cd6b,USR-0037,2024-01-20 14:40:00,keystroke_dynamics,0.8368,DEV-0034,New York,1,success,250,False,
bbbbfd67-30a4-44b0-be3c-7c84176350f5,USR-0167,2024-01-20 14:45:00,voice,0.8441,DEV-0007,London,1,success,189,False,
e028c315-928f-4bae-b8a7-c67868e968cf,USR-0153,2024-01-20 14:50:00,fingerprint,0.8214,DEV-0049,New York,1,success,210,False,
f4f7bfdc-5d96-4459-8a3c-8743a80824f2,USR-0171,2024-01-20 14:53:00,face,0.8982,DEV-0009,New York,1,success,153,False,
031d45fc-c9c0-4379-829c-34f70f5bc40c,USR-0194,2024-01-20 14:53:00,face,0.8226,DEV-0023,Manchester,1,success,222,False,
ed92b753-bb64-4511-a1ec-ff07a60c1329,USR-0138,2024-01-20 15:02:00,voice,0.7974,DEV-0042,London,1,success,157,False,
f692641a-9aad-40ce-8ab2-4f241744ee3f,USR-0052,2024-01-20 15:03:00,voice,0.8968,DEV-0026,London,1,success,91,False,
836f224b-0b8b-46f7-aad4-4e111397a29f,USR-0095,2024-01-20 15:05:00,keystroke_dynamics,0.6868,DEV-0002,London,1,success,124,False,
5cc624ef-0464-4f52-99c0-99f6fe709416,USR-0130,2024-01-20 15:09:00,fingerprint,0.854,DEV-0016,New York,1,success,154,False,
93fde248-aac0-4912-884d-7822da948e70,USR-0070,2024-01-20 15:13:00,voice,0.8396,DEV-0018,Manchester,1,success,124,False,
0692fe02-238c-4712-accf-3b91e35209a0,USR-0116,2024-01-20 15:14:00,voice,0.8772,DEV-0021,London,1,success,211,False,
b540b30e-039f-4a25-8d61-68bd2defe193,USR-0009,2024-01-20 15:18:00,keystroke_dynamics,0.8694,DEV-0033,Manchester,1,success,182,False,
852393d7-9a5d-476e-a02b-a25601dbeb73,USR-0116,2024-01-20 15:18:00,keystroke_dynamics,0.7113,DEV-0050,London,1,success,141,False,
0964fbbf-8cd3-41b0-82b0-1cfdd045dd1c,USR-0011,2024-01-20 15:24:00,keystroke_dynamics,0.8312,DEV-0038,London,1,success,149,False,
ded89c47-bb88-454e-bf96-8d71818270d2,USR-0097,2024-01-20 15:28:00,voice,0.7763,DEV-0007,New York,1,success,172,False,
b69415c7-1604-42b7-b424-b79c27b0816b,USR-0142,2024-01-20 15:28:00,voice,0.8557,DEV-0033,New York,1,success,155,False,
fa207403-4ab4-47e3-a360-76812bbba89d,USR-0044,2024-01-20 15:32:00,fingerprint,0.8629,DEV-0014,London,1,success,98,False,
68bd075b-7eb6-481e-a72f-947d816462cb,USR-0036,2024-01-20 15:33:00,face,0.8539,DEV-0040,New York,1,success,139,False,
a0dbfca2-743c-4b6b-bad7-c891a8d791b6,USR-0094,2024-01-20 15:34:00,face,0.7259,DEV-0045,Manchester,1,success,198,False,
c08fe6d7-b361-470a-ab49-acc635e574e0,USR-0060,2024-01-20 15:36:00,fingerprint,0.6765,DEV-0037,New York,1,success,213,False,
0ae4e096-24dc-4ee5-8cc3-78c3ce3200af,USR-0179,2024-01-20 15:47:00,face,0.8752,DEV-0049,New York,1,success,209,False,
ad9112c5-f5ea-4128-854d-c3bf61d85365,USR-0069,2024-01-20 15:48:00,voice,0.6808,DEV-0032,Manchester,1,success,211,False,
9e54b7bf-af1e-4596-8f84-4346a165c37d,USR-0185,2024-01-20 15:50:00,voice,0.8437,DEV-0009,London,1,success,194,False,
57f7d71f-2978-4c73-9440-adec12439b0f,USR-0061,2024-01-20 15:51:00,voice,0.7733,DEV-0044,London,1,success,188,False,
eea00af9-6283-450f-9fdd-c20aebee30cf,USR-0113,2024-01-20 16:02:00,keystroke_dynamics,0.7446,DEV-0003,New York,1,success,231,False,
d66de2a1-2776-44d0-925c-7d37ef16d03b,USR-0076,2024-01-20 16:04:00,face,0.7455,DEV-0037,London,1,success,134,False,
65125d2e-24b3-4c8e-9e85-0f8015c2f297,USR-0088,2024-01-20 16:06:00,fingerprint,0.8554,DEV-0005,London,1,success,171,False,
dbd165a3-b716-407d-b5a0-987556dbc7ac,USR-0143,2024-01-20 16:13:00,keystroke_dynamics,0.8008,DEV-0046,New York,1,success,235,False,
69be173a-850e-40ad-9872-f72ee5b4a1ae,USR-0041,2024-01-20 16:32:00,fingerprint,0.789,DEV-0015,Manchester,1,success,172,False,
e3a68a70-7e71-4b55-8639-bd418b15bd94,USR-0027,2024-01-20 16:33:00,keystroke_dynamics,0.7871,DEV-0008,New York,1,success,183,False,
1812362f-c076-492d-b3a4-69a556f7e6bb,USR-0176,2024-01-20 16:36:00,face,0.8535,DEV-0012,London,1,success,173,False,
a90e319d-637e-4f94-910c-8d920222305d,USR-0068,2024-01-20 16:42:00,face,0.7487,DEV-0001,London,1,success,178,False,
bb21d347-fd3c-402a-a1e3-eda6bc106ec9,USR-0152,2024-01-20 16:43:00,keystroke_dynamics,0.8347,DEV-0017,Manchester,1,success,130,False,
ee7385d8-6c75-4765-ba31-4e67b5982577,USR-0130,2024-01-20 16:51:00,keystroke_dynamics,0.8486,DEV-0050,New York,1,success,173,False,
ec8be537-58ab-4778-943b-45e3b6d1f6bb,USR-0026,2024-01-20 16:57:00,keystroke_dynamics,0.8014,DEV-0046,New York,1,success,149,False,
fe12ace5-09f0-4f24-a28f-553768a64d97,USR-0113,2024-01-20 16:58:00,keystroke_dynamics,0.8986,DEV-0041,New York,1,success,226,False,
4ecad266-3f29-4615-b178-0077b96a33aa,USR-0157,2024-01-20 16:59:00,voice,0.8392,DEV-0001,London,1,success,127,False,
1641d960-dba0-4dec-a2b8-fdcc4e20c377,USR-0122,2024-01-20 17:03:00,keystroke_dynamics,0.8372,DEV-0038,Manchester,1,success,217,False,
3facabcc-5ac9-4db2-aed4-d00579222d87,USR-0142,2024-01-20 17:11:00,fingerprint,0.8201,DEV-0044,New York,1,success,124,False,
21a496a8-638b-4370-935d-1936d7d2f88f,USR-0123,2024-01-20 17:24:00,face,0.779,DEV-0034,London,1,success,179,False,
11c58ef0-dd46-4c09-8752-87aa5408f9ac,USR-0006,2024-01-20 17:24:00,voice,0.7917,DEV-0002,New York,1,success,189,False,
0a3169f7-29a9-4bf0-9a82-95a04b1b9280,USR-0192,2024-01-20 17:25:00,voice,0.7551,DEV-0028,London,1,success,119,False,
c1472ff2-2ad4-4bba-80ce-350586780a98,USR-0140,2024-01-20 17:27:00,face,0.8021,DEV-0030,London,1,success,152,False,
8ccc9cea-109f-48ee-b5a4-720058f0dd23,USR-0023,2024-01-20 17:28:00,face,0.9197,DEV-0006,Manchester,1,success,161,False,
f3abea0d-5be9-4db3-9d92-dd7c0db977a9,USR-0035,2024-01-20 17:33:00,voice,0.7281,DEV-0046,New York,1,success,200,False,
5c62b3a2-3a3c-463e-8bd6-cee631b1b099,USR-0009,2024-01-20 17:37:00,voice,0.7593,DEV-0025,Manchester,1,success,113,False,
6e18b184-229f-485b-a8d9-1a2086181db2,USR-0069,2024-01-20 17:42:00,keystroke_dynamics,0.8131,DEV-0033,Manchester,1,success,190,False,
477809ce-71f0-4cbe-8b72-8b16d6315151,USR-0069,2024-01-20 17:42:00,keystroke_dynamics,0.5756,DEV-0033,Manchester,9,success,190,True,rapid_retry
aca58d95-915a-4c30-8b86-b5a1ca6fbff8,USR-0027,2024-01-20 17:44:00,keystroke_dynamics,0.88,DEV-0003,New York,1,success,153,False,
75b27455-04cc-4ede-afac-16730ad45230,USR-0017,2024-01-20 17:45:00,fingerprint,0.7606,DEV-0016,London,1,success,217,False,
8fbba749-5fcd-459e-96e1-8109d7e174e6,USR-0047,2024-01-20 17:57:00,face,0.8668,DEV-0039,New York,1,success,178,False,
dcd1ad00-b58a-4ffc-88a2-2fe065c1e162,USR-0047,2024-01-20 17:57:00,face,0.4543,DEV-0039,New York,1,success,178,True,low_score_bypass
dfb68a5f-bb81-41f0-bbc4-d138ec737598,USR-0072,2024-01-20 18:00:00,keystroke_dynamics,0.8251,DEV-0031,Manchester,1,success,151,False,
1d0bc9bd-e9b5-45cf-9766-5cdafe049059,USR-0011,2024-01-20 18:05:00,voice,0.7764,DEV-0036,London,1,success,170,False,
8e4c3ab5-6d5d-4477-adc2-9178a0411612,USR-0030,2024-01-20 18:08:00,keystroke_dynamics,0.8596,DEV-0007,Manchester,1,success,217,False,
b0c5d3d5-c755-4c99-8349-95ff67432c04,USR-0108,2024-01-20 18:11:00,keystroke_dynamics,0.7256,DEV-0019,New York,1,success,137,False,
49c3f48b-f881-4f18-9f34-fd6c7bf75b57,USR-0083,2024-01-20 18:12:00,fingerprint,0.8633,DEV-0005,New York,1,success,158,False,
2ba17f78-362e-47d4-be4c-943a3dabba61,USR-0117,2024-01-20 18:17:00,voice,0.8225,DEV-0028,New York,1,success,285,False,
c1d48a10-1b96-4925-9682-d038b77f69b9,USR-0052,2024-01-20 18:23:00,keystroke_dynamics,0.8584,DEV-0037,London,1,success,184,False,
20e8dae1-b1f0-4d9b-8e21-7fb3be654bf9,USR-0165,2024-01-20 18:29:00,voice,0.7912,DEV-0041,Manchester,1,success,181,False,
725f875a-047c-4fe5-aac4-75a55b5cd6c5,USR-0161,2024-01-20 18:30:00,voice,0.7868,DEV-0048,Manchester,1,success,137,False,
6b5341c0-2850-4932-92c0-8ee46a35567d,USR-0170,2024-01-20 18:33:00,keystroke_dynamics,0.7582,DEV-0001,London,1,success,277,False,
4c82c445-30e5-4543-a925-de8562588ce9,USR-0078,2024-01-20 18:34:00,fingerprint,0.7752,DEV-0037,Manchester,1,success,153,False,
3b964c74-ffe6-4994-9580-4c2ac44fc4b8,USR-0042,2024-01-20 18:36:00,fingerprint,0.7969,DEV-0034,Manchester,1,success,195,False,
0e3141ec-5c31-4464-82c2-99f07487d772,USR-0039,2024-01-20 18:37:00,voice,0.84,DEV-0004,Manchester,1,success,237,False,
bd303739-8f5a-4787-8edd-8e22536019db,USR-0168,2024-01-20 18:40:00,face,0.7708,DEV-0013,Manchester,1,success,193,False,
fb38bc6c-ae6a-4c48-88c6-a7ed06a574ec,USR-0094,2024-01-20 18:40:00,fingerprint,0.6773,DEV-0025,Manchester,1,success,187,False,
1053adba-25db-48d1-b4d0-aaeade19893e,USR-0175,2024-01-20 18:41:00,keystroke_dynamics,0.7804,DEV-0026,London,1,success,186,False,
8991b01a-a2b0-4c4b-bc96-6b552f8d8ded,USR-0035,2024-01-20 18:43:00,fingerprint,0.8811,DEV-0011,New York,1,success,190,False,
32d7cc22-2a1e-4a7b-8c01-f701c0d02553,USR-0132,2024-01-20 18:44:00,voice,0.7286,DEV-0033,New York,1,success,158,False,
3c9ad14c-ee0c-4eb5-acfe-db992790cebd,USR-0005,2024-01-20 18:45:00,fingerprint,0.8394,DEV-0050,London,1,success,174,False,
82f2a59e-2bb7-4146-bd9d-542aa84fa67f,USR-0143,2024-01-20 18:52:00,fingerprint,0.7927,DEV-0029,New York,1,success,165,False,
c63d04ee-541c-4a86-bba5-cd2fdea45c19,USR-0015,2024-01-20 18:53:00,voice,0.8185,DEV-0038,London,1,success,265,False,
5f0b5135-8566-48c8-a173-e27437fc511b,USR-0200,2024-01-20 18:58:00,fingerprint,0.7646,DEV-0006,London,1,success,183,False,
569b111f-15b4-466e-91d0-12a7f19293c9,USR-0097,2024-01-20 18:59:00,fingerprint,0.7547,DEV-0009,New York,1,success,282,False,
e432f23e-1b59-400c-8106-c378969b1bad,USR-0128,2024-01-20 19:02:00,voice,0.452,DEV-0025,Manchester,1,success,152,True,low_score_bypass
d0cb079f-2f5d-4f13-b59a-97252e77abe3,USR-0128,2024-01-20 19:02:00,voice,0.9431,DEV-0025,Manchester,1,success,152,False,
6c24dcaa-5660-42e1-a46c-d3c18c45fc9e,USR-0119,2024-01-20 19:02:00,fingerprint,0.8157,DEV-0025,London,1,success,183,False,
d92d9519-9e24-4724-a47a-7b03768ae6fb,USR-0123,2024-01-20 19:02:00,voice,0.8543,DEV-0016,London,1,success,151,False,
6cfa28cf-b62e-410a-a584-83851915bb1c,USR-0098,2024-01-20 19:13:00,voice,0.8624,DEV-0024,London,1,success,211,False,
5d42b9e9-692e-47b6-8b2f-6d5c700b5d5f,USR-0019,2024-01-20 19:20:00,keystroke_dynamics,0.8072,DEV-0001,Manchester,1,success,239,False,
488e5bd8-0729-45c7-a5ee-3dfd6cc1da4d,USR-0143,2024-01-20 19:24:00,face,0.8361,DEV-0003,New York,1,success,190,False,
56d44952-ee29-480e-be2a-c03a80f58b81,USR-0093,2024-01-20 19:25:00,fingerprint,0.8611,DEV-0042,Manchester,1,success,236,False,
8bc85d37-09cc-4f1a-9c38-7c2a1243e838,USR-0106,2024-01-20 19:31:00,fingerprint,0.8677,DEV-0040,Manchester,1,success,233,False,
c87c1935-d139-46d8-84e0-137119fc9448,USR-0197,2024-01-20 19:34:00,keystroke_dynamics,0.9067,DEV-0001,London,1,success,203,False,
7bcf2b31-902b-4154-a088-5550f74f6900,USR-0058,2024-01-20 19:39:00,keystroke_dynamics,0.8134,DEV-0045,New York,1,success,164,False,
9b4e2c24-9479-41e6-8927-7d9b6e0d2648,USR-0006,2024-01-20 19:39:00,face,0.7172,DEV-0050,New York,1,success,234,False,
bc5e3e2f-cebc-4bd7-b837-8be20bb68d75,USR-0117,2024-01-20 19:40:00,voice,0.7298,DEV-0012,New York,1,success,219,False,
7ecc0177-fce8-43f0-b54f-0f8a32823c8a,USR-0183,2024-01-20 19:43:00,voice,0.7384,DEV-0010,London,1,success,171,False,
f845846e-fdf0-461e-85eb-074dad900360,USR-0102,2024-01-20 19:48:00,face,0.815,DEV-0012,New York,1,success,210,False,
2875ad5d-2d06-4862-8990-779cecc3b699,USR-0080,2024-01-20 19:51:00,keystroke_dynamics,0.8121,DEV-0018,London,1,success,225,False,
f9da4f55-bef9-4394-928f-af652f068e12,USR-0131,2024-01-20 19:54:00,face,0.84,DEV-0012,New York,1,success,202,False,
5b69a9a8-f8e9-4d27-9c3d-bae4c1315e84,USR-0187,2024-01-20 19:55:00,voice,0.7326,DEV-0048,Manchester,1,success,155,False,
68127855-e384-4c71-8271-b0d0ca5c159e,USR-0194,2024-01-20 19:56:00,fingerprint,0.7752,DEV-0027,Manchester,1,success,196,False,
0a5fcede-7a23-41bc-8d36-192983373b02,USR-0199,2024-01-20 19:57:00,face,0.8178,DEV-0015,Manchester,1,success,146,False,
2fb50401-9d26-4076-9e44-b774cf9d539c,USR-0094,2024-01-20 20:07:00,fingerprint,0.7808,DEV-0026,Manchester,1,success,158,False,
b780606a-02ca-48d5-b033-ee83518f0ed4,USR-0136,2024-01-20 20:12:00,fingerprint,0.8179,DEV-0037,London,1,success,143,False,
2e9ce8ff-084a-4c4b-9146-8cdcf7164b73,USR-0043,2024-01-20 20:20:00,voice,0.8412,DEV-0034,London,1,success,157,False,
5f32d5d8-2abe-4585-825e-0259b88416d2,USR-0038,2024-01-20 20:23:00,face,0.8607,DEV-0021,Manchester,1,success,167,False,
fbec1ed8-57c4-42c3-8878-9ef0dcacfa54,USR-0076,2024-01-20 20:27:00,fingerprint,0.9018,DEV-0046,London,1,success,167,False,
b9d9c1dc-1f9b-42b4-a6c4-ce9be483f4f1,USR-0172,2024-01-20 20:28:00,keystroke_dynamics,0.8629,DEV-0017,Manchester,1,success,192,False,
5287e5f4-85c1-4181-8567-4f45ad3b1b9d,USR-0155,2024-01-20 20:35:00,voice,0.7967,DEV-0040,New York,1,success,113,False,
59bb8900-6198-4718-84c7-aab4ca20508d,USR-0057,2024-01-20 20:39:00,voice,0.8153,DEV-0045,Manchester,1,success,156,False,
fe3f5662-0468-4a4a-a1e5-835e3e9f069a,USR-0154,2024-01-20 20:41:00,keystroke_dynamics,0.7908,DEV-0007,New York,1,success,91,False,
a605b7c9-fb07-4e93-8a37-31ab0be3534a,USR-0055,2024-01-20 20:48:00,voice,0.8806,DEV-0034,London,1,success,146,False,
ec95b3ac-0beb-4c34-8566-7c4879ba630a,USR-0032,2024-01-20 20:49:00,keystroke_dynamics,0.7713,DEV-0015,New York,1,success,129,False,
9399ad15-a37c-41c5-842b-266b1b02fa24,USR-0066,2024-01-20 20:51:00,face,0.7662,DEV-0027,London,1,success,188,False,
3e5f7e23-704c-49e2-aa3d-d7698dac210d,USR-0078,2024-01-20 20:56:00,voice,0.7748,DEV-0026,Manchester,1,success,195,False,
2dd93719-f8d9-4f33-86d9-03c0ad987301,USR-0088,2024-01-20 21:02:00,face,0.8778,DEV-0001,London,1,success,167,False,
6448a3d5-d576-4137-9456-e29d91c631cf,USR-0095,2024-01-20 21:10:00,voice,0.8723,DEV-0042,London,1,success,192,False,
e879c9a6-0ae9-4acc-b1c9-66b39eb03954,USR-0143,2024-01-20 21:14:00,voice,0.7858,DEV-0015,New York,1,success,203,False,
76a6e2e6-d4d3-4808-a054-a51cab1ead74,USR-0159,2024-01-20 21:24:00,face,0.6795,DEV-0014,London,1,success,191,False,
f41978cd-2dac-488b-81de-6d58518e58fd,USR-0152,2024-01-20 21:26:00,face,0.7983,DEV-0041,Manchester,1,success,184,False,
4f9a5f98-4d95-4273-8b2c-c805d1403430,USR-0045,2024-01-20 21:27:00,face,0.8141,DEV-0030,Manchester,1,success,155,False,
735741e5-fe1a-4ba9-8896-9c5b45f8c28d,USR-0033,2024-01-20 21:39:00,face,0.8632,DEV-0003,Manchester,1,success,128,False,
f168c605-ce1a-4669-9bbc-6cbc409ca8f2,USR-0046,2024-01-20 21:41:00,voice,0.92,DEV-0022,Manchester,1,success,240,False,
868592d2-5fb6-4406-b665-8a3452630028,USR-0106,2024-01-20 21:48:00,fingerprint,0.6536,DEV-0044,Manchester,1,success,172,False,
a904babd-69c2-4a17-83d1-677a79a6ab72,USR-0116,2024-01-20 21:50:00,face,0.7877,DEV-0050,London,1,success,198,False,
79dbf407-c5c6-4b7d-8ad0-4982ceb28a32,USR-0079,2024-01-20 21:51:00,fingerprint,0.8739,DEV-0037,London,1,success,181,False,
e9c7eb29-d9ad-49e0-b16a-8466dd0a4a6e,USR-0163,2024-01-20 21:55:00,keystroke_dynamics,0.7684,DEV-0006,Manchester,1,success,207,False,
3366da87-7f7a-478c-98b1-3a9d8e041844,USR-0179,2024-01-20 21:57:00,keystroke_dynamics,0.8716,DEV-0008,New York,1,success,146,False,
da2777af-a6ed-4e6b-a43a-35624cdf5063,USR-0037,2024-01-21 02:30:00,voice,0.8423,DEV-0023,New York,1,success,195,True,off_hours
47820b9c-488f-4db6-a404-c66d49869729,USR-0023,2024-01-21 02:41:00,fingerprint,0.8933,DEV-0001,Manchester,1,success,203,True,off_hours
79004406-b1e5-4a88-a9ad-b01daa3e009c,USR-0068,2024-01-21 04:08:00,keystroke_dynamics,0.7722,DEV-0006,London,1,success,141,True,off_hours
76876c62-4c61-445e-ba7e-5d9405d1fb63,USR-0030,2024-01-21 07:00:00,keystroke_dynamics,0.8513,DEV-0018,Manchester,1,success,205,False,
bd1531c8-3764-4bda-b108-d4482f65fafa,USR-0009,2024-01-21 07:03:00,keystroke_dynamics,0.7606,DEV-0026,Manchester,1,success,174,False,
9620bee6-6406-4ace-93a5-e8508950ddd6,USR-0038,2024-01-21 07:03:00,voice,0.7545,DEV-0042,Manchester,1,success,215,False,
dcdbf14e-5ca5-4057-9e71-9a56187ebca4,USR-0079,2024-01-21 07:04:00,keystroke_dynamics,0.7713,DEV-0007,London,1,success,194,False,
43bfd931-3605-4f54-a021-c0ca3531968d,USR-0009,2024-01-21 07:05:00,face,0.8761,DEV-0025,Manchester,1,success,230,False,
05a95733-2bdd-4419-beec-0074f4028e77,USR-0175,2024-01-21 07:05:00,face,0.8907,DEV-0011,London,1,success,135,False,
3ee82983-d557-4241-91dd-b9bf613d2de9,USR-0031,2024-01-21 07:06:00,keystroke_dynamics,0.787,DEV-0027,London,1,success,131,False,
2ad11fe8-7d1b-495e-b1a0-449dd703262f,USR-0036,2024-01-21 07:10:00,fingerprint,0.8335,DEV-0018,New York,1,success,165,False,
79d19c4e-1521-4d35-960f-1e2d21d72432,USR-0067,2024-01-21 07:15:00,keystroke_dynamics,0.9089,DEV-0048,London,1,success,168,False,
55eef366-bc76-4752-8dcb-e8184dfa6a17,USR-0140,2024-01-21 07:17:00,fingerprint,0.8154,DEV-0038,Manchester,1,success,239,False,
c7774fae-6137-48c3-9c7f-aca62e671784,USR-0051,2024-01-21 07:18:00,keystroke_dynamics,0.8211,DEV-0044,London,1,success,133,False,
3d15d3ee-c397-43ae-b77b-97421e12bbed,USR-0174,2024-01-21 07:19:00,keystroke_dynamics,0.8156,DEV-0004,London,1,success,213,False,
56282768-6df0-4c3c-9ab8-180f56479889,USR-0116,2024-01-21 07:23:00,voice,0.7225,DEV-0026,Manchester,1,success,183,False,
5cbe693e-5e7f-48d9-bc33-499fc4916b7f,USR-0160,2024-01-21 07:27:00,voice,0.7493,DEV-0038,Manchester,1,success,197,False,
9c2e58de-ea4e-4617-93f8-382b8fb864e4,USR-0014,2024-01-21 07:31:00,voice,0.8176,DEV-0042,London,1,success,122,False,
f5f3943a-e8e7-4030-8203-83406372d635,USR-0092,2024-01-21 07:36:00,fingerprint,0.7518,DEV-0046,New York,1,success,147,False,
4082cbb9-48bd-4b3e-a2f5-df2badaa44ca,USR-0019,2024-01-21 07:44:00,face,0.8625,DEV-0006,Manchester,1,success,218,False,
61cb0527-72e5-4892-8c1c-7204ed5e749b,USR-0076,2024-01-21 07:47:00,face,0.8344,DEV-0045,London,1,success,209,False,
d5d318cf-24e6-4ffd-b5dc-037d4b71481f,USR-0130,2024-01-21 07:49:00,voice,0.8159,DEV-0016,New York,1,success,169,False,
d02c75f9-198d-43a4-8cd2-0e4376dae194,USR-0050,2024-01-21 07:55:00,fingerprint,0.7836,DEV-0025,London,1,success,176,False,
24aa5685-7523-46ce-bc95-0bbae8184f34,USR-0048,2024-01-21 07:57:00,voice,0.886,DEV-0007,Manchester,1,success,222,False,
50c49c2b-e8c4-41fc-9f8c-1c815ce9a3d3,USR-0181,2024-01-21 07:58:00,voice,0.9136,DEV-0006,Manchester,1,success,178,False,
659ae9f2-171e-4028-a2be-80e1a84d5f25,USR-0091,2024-01-21 07:59:00,face,0.7892,DEV-0018,New York,1,success,207,False,
6ce763e1-708f-45a1-8ea6-e9bc82ff1dad,USR-0156,2024-01-21 08:01:00,voice,0.6825,DEV-0015,London,1,success,135,False,
83c5c510-0e08-4343-aea7-7ea8bc5ad195,USR-0082,2024-01-21 08:17:00,keystroke_dynamics,0.7611,DEV-0034,Manchester,1,success,123,False,
e008e8ed-3ecf-4f0a-b80e-c19dfbb713fd,USR-0174,2024-01-21 08:19:00,face,0.8625,DEV-0043,London,1,success,186,False,
4491be40-1042-4a8e-8da2-2a3950db8e34,USR-0095,2024-01-21 08:21:00,fingerprint,0.8031,DEV-0018,London,1,success,229,False,
7d76ab58-b271-415b-8af0-9ec34b726a7c,USR-0065,2024-01-21 08:22:00,fingerprint,0.7693,DEV-0019,Manchester,1,success,202,False,
b9a5d4d0-4237-41f1-bdac-dc5e20c0f275,USR-0048,2024-01-21 08:23:00,voice,0.8729,DEV-0006,Manchester,1,success,208,False,
e473b0b0-9017-44a8-8279-d9137afd2923,USR-0128,2024-01-21 08:25:00,voice,0.7478,DEV-0016,Manchester,1,success,189,False,
c4af9dc9-416c-4562-aec3-641124df6dcc,USR-0100,2024-01-21 08:33:00,voice,0.9005,DEV-0034,New York,1,success,102,False,
6c878546-7faf-4458-af14-f7775dad348e,USR-0060,2024-01-21 08:41:00,fingerprint,0.8395,DEV-0013,New York,1,success,107,False,
06a241af-1d0a-47f7-b5e4-a4713fe68c9c,USR-0023,2024-01-21 08:45:00,fingerprint,0.8933,DEV-0001,Manchester,1,success,203,False,
485d831c-9bea-4529-9801-7a2fa5b83693,USR-0047,2024-01-21 08:45:00,fingerprint,0.7949,DEV-0006,New York,1,success,98,False,
f34bfa59-a525-43e3-a093-97d5d3a1b88a,USR-0136,2024-01-21 08:52:00,voice,0.8582,DEV-0008,London,1,success,160,False,
dc956e31-0349-4b41-8111-fa05308b5146,USR-0113,2024-01-21 08:52:00,face,0.8664,DEV-0002,New York,1,success,211,False,
bc2e2b59-2c7d-4667-b664-c7202fddb26a,USR-0053,2024-01-21 09:01:00,fingerprint,0.7514,DEV-0048,Manchester,1,success,212,False,
c9e55c47-a237-48c1-a1f6-dfbe114b3c79,USR-0059,2024-01-21 09:01:00,fingerprint,0.7289,DEV-0035,Manchester,1,success,74,False,
3c98fe89-ec6e-45ca-973f-9ac917ee7fc7,USR-0120,2024-01-21 09:03:00,fingerprint,0.4318,DEV-0031,New York,11,success,127,True,rapid_retry
b01c337e-35b8-4aae-82b6-0c8e89c818d7,USR-0120,2024-01-21 09:03:00,fingerprint,0.6994,DEV-0031,New York,1,success,127,False,
4001570a-3312-4e73-8485-63a3aeee2302,USR-0142,2024-01-21 09:06:00,voice,0.7712,DEV-0021,Manchester,1,success,133,False,
573bfc17-2167-435e-8e73-34f233932b6c,USR-0043,2024-01-21 09:07:00,face,0.813,DEV-0013,London,1,success,188,False,
48c08d33-46f4-4ccb-b835-de289fd60efb,USR-0196,2024-01-21 09:07:00,voice,0.9226,DEV-0019,Manchester,1,success,228,False,
bef6a59a-c186-4221-9030-56b79e4c24dd,USR-0054,2024-01-21 09:16:00,face,0.8801,DEV-0026,New York,1,success,160,False,
2804335a-3311-45e0-ac5c-ce54210c78d9,USR-0096,2024-01-21 09:21:00,keystroke_dynamics,0.7509,DEV-0033,New York,1,success,184,False,
f7b217c7-ae92-4a71-8f7d-cb431679742f,USR-0023,2024-01-21 09:28:00,voice,0.7498,DEV-0047,Manchester,1,success,65,False,
e1568c60-1205-49cc-a757-59a074516c96,USR-0173,2024-01-21 09:30:00,fingerprint,0.7815,DEV-0007,Manchester,1,success,246,False,
cb80f288-446f-44dd-9abc-a6e5d0b1e3eb,USR-0032,2024-01-21 09:32:00,voice,0.8261,DEV-0046,New York,1,success,241,False,
e2acf72f-9e57-4f7a-a0ee-89aed453dd32,USR-0001,2024-01-21 09:34:00,face,0.8325,DEV-0011,New York,1,success,101,False,
bfbf397b-ac3e-4b0d-9e5b-a13d746cdb77,USR-0014,2024-01-21 09:37:00,face,0.8542,DEV-0011,London,1,success,197,False,
86879aa9-14f5-43d0-8991-2032df85c777,USR-0029,2024-01-21 09:38:00,fingerprint,0.8904,DEV-0015,London,1,success,194,False,
2b2bf58c-6da5-4dad-b56a-abc050fb35b0,USR-0054,2024-01-21 09:40:00,keystroke_dynamics,0.8787,DEV-0042,New York,1,success,125,False,
c4e57a92-98d5-46b9-b128-7916248bd5aa,USR-0179,2024-01-21 09:41:00,voice,0.7627,DEV-0022,New York,1,success,118,False,
3eabedcb-baa8-4dd4-88bd-64072bcfbe01,USR-0001,2024-01-21 09:50:00,keystroke_dynamics,0.7696,DEV-0039,New York,1,success,167,False,
d5cf18c2-c418-4fea-801e-59011f16a10e,USR-0054,2024-01-21 09:54:00,keystroke_dynamics,0.8787,DEV-0042,Singapore,1,success,125,True,geo_jump
7c2c0791-f6bf-4aa9-b1fc-f2e6b3dd7820,USR-0095,2024-01-21 10:01:00,face,0.8181,DEV-0038,London,1,success,181,False,
e1789474-380d-4643-8891-e9bcd83060dc,USR-0095,2024-01-21 10:09:00,face,0.8181,DEV-0038,Berlin,1,success,181,True,geo_jump
4d171ebc-5a45-48ea-93e7-63d10378bcb7,USR-0140,2024-01-21 10:11:00,keystroke_dynamics,0.807,DEV-0019,Manchester,1,success,168,False,
88fd5890-a479-4ce2-b7ee-e00f7743c104,USR-0132,2024-01-21 10:16:00,keystroke_dynamics,0.9421,DEV-0011,New York,1,success,259,False,
c509d558-0632-4b36-a7c8-f0c59808552c,USR-0068,2024-01-21 10:17:00,keystroke_dynamics,0.7722,DEV-0006,London,1,success,141,False,
d65bc676-429e-40e0-aaaa-94c8a097efe3,USR-0134,2024-01-21 10:37:00,face,0.7922,DEV-0005,New York,1,success,167,False,
f1043785-658b-4523-a014-1de9f54ad0a2,USR-0008,2024-01-21 10:39:00,voice,0.8546,DEV-0044,New York,1,success,171,False,
1fef4fb0-de25-45fe-91ad-5c228088a7de,USR-0133,2024-01-21 10:40:00,face,0.7174,DEV-0044,New York,1,success,195,False,
cd4f8b2b-899a-4252-81e1-b94a78883058,USR-0029,2024-01-21 10:43:00,face,0.8045,DEV-0018,London,1,success,243,False,
55f3ad50-e2fb-4984-bab2-7bcea39c3bd5,USR-0043,2024-01-21 10:44:00,voice,0.8639,DEV-0017,London,1,success,191,False,
647dc392-9c7e-4575-a37d-dcd698d3148b,USR-0035,2024-01-21 10:44:00,voice,0.815,DEV-0027,New York,1,success,122,False,
1336d4de-c5e9-43c3-bf44-23d549a1f7a1,USR-0194,2024-01-21 10:44:00,keystroke_dynamics,0.6977,DEV-0006,Manchester,1,success,137,False,
b8b791b0-4de8-4d1e-9fa0-bc178db969af,USR-0097,2024-01-21 10:48:00,fingerprint,0.8727,DEV-0050,New York,1,success,199,False,
50032b35-1857-4baf-bac7-e2b96a7e4c36,USR-0016,2024-01-21 10:48:00,voice,0.8429,DEV-0021,New York,1,success,197,False,
c2f72b1f-b9d4-42d3-8d35-f50cff02bf74,USR-0097,2024-01-21 10:48:00,fingerprint,0.4187,DEV-0050,New York,10,success,199,True,rapid_retry
1d480843-a339-4f8e-920d-e24a3914dce2,USR-0178,2024-01-21 11:02:00,keystroke_dynamics,0.8003,DEV-0004,New York,1,success,123,False,
c2492e5e-005f-40e6-95c3-b2dbf374190d,USR-0040,2024-01-21 11:02:00,keystroke_dynamics,0.8156,DEV-0006,New York,1,success,161,False,
995fa798-1f31-43fa-9c93-92456dd2c683,USR-0185,2024-01-21 11:05:00,fingerprint,0.7694,DEV-0041,London,1,success,133,False,
9bd65068-ba8d-4f8c-be05-fcef842c49fa,USR-0131,2024-01-21 11:05:00,voice,0.8072,DEV-0041,New York,1,success,140,False,
dabc47ce-3068-4fdd-965a-fd0f9db402f1,USR-0106,2024-01-21 11:13:00,keystroke_dynamics,0.6853,DEV-0010,Manchester,1,success,187,False,
3964afe6-9e6e-47d7-876f-3b07a2ec377a,USR-0163,2024-01-21 11:24:00,voice,0.8143,DEV-0048,Manchester,1,success,187,False,
a02cbed2-f58f-41b0-bc8c-65ab12d5dfe5,USR-0135,2024-01-21 11:30:00,face,0.7333,DEV-0025,Manchester,1,success,194,False,
3e6b74fd-9f02-4cbf-ab29-d9129d1b83df,USR-0053,2024-01-21 11:37:00,fingerprint,1.0,DEV-0045,Manchester,1,success,272,False,
3649f585-6e75-4e7a-9abb-b78f1585665d,USR-0138,2024-01-21 11:37:00,face,0.8543,DEV-0035,London,1,success,235,False,
1d03c3d5-b862-4cc3-9489-9c37cfa9026b,USR-0056,2024-01-21 11:38:00,fingerprint,0.8523,DEV-0022,New York,1,success,197,False,
1fa382e8-895c-4d99-83b3-8eb403902c5d,USR-0014,2024-01-21 11:39:00,fingerprint,0.8406,DEV-0033,London,1,success,198,False,
02fea0e2-41a7-42d6-895f-a84518cb913a,USR-0092,2024-01-21 11:41:00,keystroke_dynamics,0.5625,DEV-0026,New York,16,success,239,True,rapid_retry
88efe82b-1f3e-4a66-af6c-6f61cfefa2a2,USR-0092,2024-01-21 11:41:00,keystroke_dynamics,0.7429,DEV-0026,New York,1,success,239,False,
e666a9b4-9e53-44dc-ba1a-fd6767e56f19,USR-0165,2024-01-21 11:43:00,voice,0.8232,DEV-0030,Manchester,1,success,205,False,
d98f5e83-cf5b-494d-92cc-48539cef5ef4,USR-0108,2024-01-21 11:43:00,keystroke_dynamics,0.8401,DEV-0040,New York,1,success,168,False,
b257e257-cc4a-402c-8f49-94e07ab16533,USR-0081,2024-01-21 11:45:00,voice,0.774,DEV-0047,Manchester,1,success,155,False,
3a0e618f-428f-4941-8a0d-72ce2bf6f6c4,USR-0083,2024-01-21 11:46:00,fingerprint,0.7304,DEV-0032,New York,1,success,95,False,
72737998-34d2-44cd-9763-2be71b61508e,USR-0138,2024-01-21 11:48:00,face,0.8543,DEV-0035,Singapore,1,success,235,True,geo_jump
c7a2f280-927f-4103-9a94-08c029b44cb1,USR-0046,2024-01-21 11:48:00,fingerprint,0.8628,DEV-0004,Manchester,1,success,104,False,
5d316263-4959-4f6e-8c1b-7e93be162e89,USR-0190,2024-01-21 11:51:00,voice,0.822,DEV-0023,London,1,success,223,False,
950ce835-3659-4a8c-938f-b1ef2ec01db7,USR-0140,2024-01-21 11:53:00,keystroke_dynamics,0.3924,DEV-0025,Manchester,1,success,232,True,low_score_bypass
25dccca2-054e-4210-a3c9-f400ba6c557c,USR-0140,2024-01-21 11:53:00,keystroke_dynamics,0.8452,DEV-0025,Manchester,1,success,232,False,
329fc417-1081-4d45-bf45-f8a20594b24f,USR-0041,2024-01-21 11:56:00,keystroke_dynamics,0.9342,DEV-0002,Manchester,1,success,245,False,
d5de293b-b9a8-47ba-a6dc-e997b2c454a4,USR-0116,2024-01-21 11:59:00,voice,0.7335,DEV-0019,Manchester,1,success,217,False,
28c13091-444d-410b-bf87-e362cf8d446a,USR-0006,2024-01-21 12:00:00,keystroke_dynamics,0.8193,DEV-0032,New York,1,success,144,False,
7c16128d-b2c0-4394-a17f-29e170286046,USR-0011,2024-01-21 12:04:00,voice,0.8179,DEV-0007,London,1,success,250,False,
0e51f30d-c6a7-4e39-84b0-32ccd7c524a5,USR-0001,2024-01-21 12:07:00,voice,0.8688,DEV-0028,New York,1,success,234,False,
c80c2195-8b65-44ce-bacc-99705beec570,USR-0041,2024-01-21 12:11:00,keystroke_dynamics,0.8181,DEV-0032,Manchester,1,success,143,False,
290fb2bd-f458-4d04-8476-fc349dc59ddb,USR-0196,2024-01-21 12:18:00,keystroke_dynamics,0.9464,DEV-0047,Manchester,1,success,210,False,
396d1ffb-3a79-4efa-84e5-5bd56744acd4,USR-0048,2024-01-21 12:18:00,face,0.8247,DEV-0028,Manchester,1,success,94,False,
9d7d1756-3b4e-49f5-b2cd-9a0a840c5cb0,USR-0058,2024-01-21 12:21:00,face,0.8557,DEV-0008,New York,1,success,156,False,
4badb973-1ed0-4243-9ae6-9d9798fb7955,USR-0186,2024-01-21 12:25:00,voice,0.8161,DEV-0030,New York,1,success,131,False,
d8e77ca2-19b1-4043-bb70-324e36a09573,USR-0196,2024-01-21 12:25:00,voice,0.7837,DEV-0002,Manchester,1,success,96,False,
e3395b1a-1ce9-4871-bcf5-9d5feb9f33cb,USR-0051,2024-01-21 12:26:00,voice,0.7953,DEV-0042,London,1,success,185,False,
b78bf29d-0ccc-45c6-b5d0-ea433baada26,USR-0183,2024-01-21 12:33:00,face,0.8296,DEV-0019,London,1,success,183,False,
f31d40e2-0967-4567-aba4-39e6d4ec494f,USR-0157,2024-01-21 12:36:00,face,0.7911,DEV-0010,London,1,success,189,False,
0db4897a-4b18-4a0d-a0b7-d81890c97f32,USR-0142,2024-01-21 12:38:00,voice,0.7345,DEV-0015,Manchester,1,success,171,False,
1ce62a9f-79af-4348-90bb-c60d07bf63ee,USR-0073,2024-01-21 12:40:00,voice,0.7419,DEV-0021,New York,1,success,105,False,
ba65983d-fa33-4a98-a3f2-0557a2e2d1ca,USR-0134,2024-01-21 12:46:00,keystroke_dynamics,0.8052,DEV-0024,New York,1,success,102,False,
0beba1de-beb0-4722-bfff-bc75ff866deb,USR-0164,2024-01-21 12:55:00,keystroke_dynamics,0.4139,DEV-0025,Manchester,1,success,244,True,low_score_bypass
b06f0681-4b98-42c5-97aa-5681428f54aa,USR-0164,2024-01-21 12:55:00,keystroke_dynamics,0.8286,DEV-0025,Manchester,1,success,244,False,
5b6d6b7c-54b2-4582-b398-1e9e7cb882a0,USR-0054,2024-01-21 12:56:00,keystroke_dynamics,0.8909,DEV-0003,New York,1,success,199,False,
a72d0bf4-c84d-46c0-8021-a347a8c34b25,USR-0149,2024-01-21 12:56:00,face,0.7304,DEV-0035,Manchester,1,success,173,False,
5a7284a2-25ba-4795-a2a8-76d76d58bf63,USR-0128,2024-01-21 13:10:00,voice,0.8498,DEV-0049,Manchester,1,success,205,False,
dc89e59a-5190-4e93-a9d0-c2ecaa8d904c,USR-0183,2024-01-21 13:17:00,fingerprint,0.8487,DEV-0040,London,1,success,186,False,
2d1368f3-0580-4066-b22c-3dae2db4e428,USR-0105,2024-01-21 13:18:00,keystroke_dynamics,0.8666,DEV-0029,New York,1,success,160,False,
8a3c3b5e-801e-41da-85b1-ed25f1533ae8,USR-0010,2024-01-21 13:18:00,fingerprint,0.7873,DEV-0026,New York,1,success,195,False,
f2d1e6c1-fc8a-4016-b808-0dba6273f164,USR-0183,2024-01-21 13:22:00,fingerprint,0.8487,DEV-0040,Berlin,1,success,186,True,geo_jump
a590fd3c-ad6e-4c57-a520-c3d0fbcdbf5e,USR-0035,2024-01-21 13:23:00,fingerprint,0.8197,DEV-0034,New York,1,success,206,False,
9c595e03-4d2d-4557-8e06-a41671219097,USR-0103,2024-01-21 13:25:00,keystroke_dynamics,0.8711,DEV-0025,London,1,success,143,False,
8271bbba-f96f-4a1b-a4b3-b66b51b795ed,USR-0167,2024-01-21 13:31:00,face,0.7854,DEV-0012,London,1,success,119,False,
c3093b6e-37e9-42e2-935a-c07aaa0217d0,USR-0029,2024-01-21 13:32:00,fingerprint,0.8537,DEV-0050,London,1,success,168,False,
4775d7ab-d207-4bc4-b885-8b6d23e7cd20,USR-0110,2024-01-21 13:35:00,face,0.8299,DEV-0039,Manchester,1,success,180,False,
e9ea9d49-bc94-446e-a741-0d2ce0f13db6,USR-0178,2024-01-21 13:41:00,voice,0.8377,DEV-0043,New York,1,success,172,False,
101c778c-a1a1-41b4-9dca-34888459f41e,USR-0194,2024-01-21 13:44:00,keystroke_dynamics,0.8286,DEV-0046,Manchester,1,success,147,False,
9d148109-db18-4efb-8e53-4765ee6e5ef6,USR-0194,2024-01-21 13:44:00,keystroke_dynamics,0.3481,DEV-0046,Manchester,1,success,147,True,low_score_bypass
7936931e-9771-480b-b768-c85bfee3dbaa,USR-0081,2024-01-21 13:46:00,keystroke_dynamics,0.8235,DEV-0013,Manchester,1,success,155,False,
4d862412-ae8c-497b-955c-4e185be2124f,USR-0078,2024-01-21 13:46:00,face,0.7569,DEV-0026,Manchester,1,success,78,False,
9bcfe969-473f-4005-a66c-3392396c6135,USR-0166,2024-01-21 13:51:00,fingerprint,0.7534,DEV-0007,Manchester,1,success,112,False,
1825bc54-30be-445f-a835-14f2ceb81f9d,USR-0003,2024-01-21 13:53:00,voice,0.8366,DEV-0003,New York,1,success,213,False,
ac5e1ec3-e1be-4ed9-b483-518e458fa881,USR-0196,2024-01-21 13:55:00,face,0.7096,DEV-0017,Manchester,1,success,129,False,
9ceab67b-ba82-454a-87e2-a618802993b1,USR-0086,2024-01-21 13:56:00,voice,0.8359,DEV-0010,London,1,success,178,False,
69b6f3b7-fe5b-4fc9-80b4-f6d67ef6775b,USR-0076,2024-01-21 14:06:00,fingerprint,0.7542,DEV-0010,London,1,success,177,False,
afb144b5-624d-4ff7-81c8-d068931e5f89,USR-0161,2024-01-21 14:09:00,keystroke_dynamics,0.7199,DEV-0028,Manchester,1,success,219,False,
6cb96a2c-d68e-41f0-bb9d-58321f6d5768,USR-0088,2024-01-21 14:24:00,voice,0.8105,DEV-0029,London,1,success,143,False,
7412b293-4729-4739-a14f-f3d719db3ad0,USR-0001,2024-01-21 14:25:00,keystroke_dynamics,0.7924,DEV-0010,New York,1,success,222,False,
4207fb51-52ff-4ff5-a49c-5edd69aec17b,USR-0100,2024-01-21 14:27:00,face,0.7808,DEV-0046,New York,1,success,155,False,
5c7ae8ef-c324-4e35-beed-cc6522cb2720,USR-0087,2024-01-21 14:38:00,face,0.8531,DEV-0029,Manchester,1,success,166,False,
7414e3e1-a387-4e92-9362-0119efa9a0a3,USR-0077,2024-01-21 14:40:00,fingerprint,0.7935,DEV-0003,Manchester,1,success,184,False,
b8663c7c-a92d-4f4f-b6f3-ba5018302082,USR-0095,2024-01-21 14:43:00,fingerprint,0.7952,DEV-0024,London,1,success,181,False,
e476231a-ecdf-4364-bdce-7f651a0a7680,USR-0088,2024-01-21 14:47:00,keystroke_dynamics,0.7313,DEV-0019,London,1,success,190,False,
c09b61e4-0f46-4b11-a809-4564433121ff,USR-0194,2024-01-21 14:55:00,keystroke_dynamics,0.8369,DEV-0013,Manchester,1,success,151,False,
7d10257c-b3f4-4487-b3bf-de5f8f16fac0,USR-0190,2024-01-21 14:56:00,keystroke_dynamics,0.7952,DEV-0040,London,1,success,145,False,
57d337d3-4fd8-4bbb-992c-11072444d301,USR-0035,2024-01-21 15:02:00,face,0.8616,DEV-0004,New York,1,success,164,False,
0766699f-7bf2-4a06-90c1-de9c683629ce,USR-0100,2024-01-21 15:21:00,keystroke_dynamics,0.8612,DEV-0043,New York,1,success,209,False,
54ce26be-c8cc-42c2-a518-a4186f14b3f6,USR-0032,2024-01-21 15:24:00,face,0.7975,DEV-0033,New York,1,success,167,False,
d28fcf68-c871-47b3-8468-b74d85e3ade5,USR-0038,2024-01-21 15:24:00,face,0.8257,DEV-0002,Manchester,1,success,169,False,
63f2ae24-fc3d-4348-808d-4127610461e3,USR-0004,2024-01-21 15:25:00,voice,0.8509,DEV-0002,London,1,success,334,False,
24f384ef-df3d-4d65-bc25-bce108c2d2ce,USR-0170,2024-01-21 15:26:00,fingerprint,0.8588,DEV-0050,London,1,success,238,False,
4aff5eee-32b2-4952-8376-37d672a9dfa1,USR-0178,2024-01-21 15:27:00,voice,0.8336,DEV-0014,New York,1,success,176,False,
bb1fdb98-6f5a-481a-b1ca-a64c93727484,USR-0158,2024-01-21 15:30:00,face,0.7737,DEV-0021,New York,1,success,159,False,
2740a29d-f7d7-4510-bfa7-2ae11139dd0f,USR-0200,2024-01-21 15:43:00,keystroke_dynamics,0.6777,DEV-0002,London,1,success,158,False,
9ea6ed4a-04ca-430a-a207-db202f7f2cd7,USR-0065,2024-01-21 15:48:00,face,0.7625,DEV-0026,Manchester,1,success,125,False,
83d03e33-3296-44c0-8201-938b971444b7,USR-0161,2024-01-21 15:51:00,keystroke_dynamics,0.7857,DEV-0001,Manchester,1,success,212,False,
ca9f1d59-83e8-4700-8e63-813ed22e3226,USR-0045,2024-01-21 15:51:00,voice,0.7925,DEV-0040,Manchester,1,success,152,False,
8e144e1f-b6b6-415c-852f-e1b1b6b4d8e7,USR-0065,2024-01-21 15:55:00,face,0.7625,DEV-0026,Singapore,1,success,125,True,geo_jump
af7d7f21-1bd6-403d-9927-839b11d1ce50,USR-0075,2024-01-21 16:00:00,fingerprint,0.8375,DEV-0007,London,1,success,159,False,
eada79a3-4970-4d9a-89ce-3cfb2339ba19,USR-0020,2024-01-21 16:02:00,keystroke_dynamics,0.8645,DEV-0049,London,1,success,191,False,
e25df9a8-9ca8-45c4-a138-afe08d38bbd8,USR-0023,2024-01-21 16:04:00,fingerprint,0.8187,DEV-0024,Manchester,1,success,150,False,
d6de0902-ea89-4692-9176-37b264d88360,USR-0143,2024-01-21 16:07:00,face,0.7534,DEV-0035,New York,1,success,248,False,
999921ec-9d2f-4e76-beb2-d1727be19731,USR-0135,2024-01-21 16:11:00,fingerprint,0.7639,DEV-0021,Manchester,1,success,183,False,
3f8e2d0d-5261-4dec-b979-d5f56b5bc975,USR-0039,2024-01-21 16:22:00,keystroke_dynamics,0.8575,DEV-0045,New York,1,success,215,False,
e53e5f4c-6c7e-4a2c-867f-358ba48aa108,USR-0046,2024-01-21 16:25:00,keystroke_dynamics,0.7206,DEV-0050,Manchester,1,success,159,False,
d2e08e57-a6cb-4dda-93a0-181bcbafd542,USR-0090,2024-01-21 16:30:00,keystroke_dynamics,0.8503,DEV-0019,London,1,success,197,False,
4d579d00-cadc-410f-9228-130ba64272a2,USR-0074,2024-01-21 16:35:00,face,0.7649,DEV-0029,London,1,success,249,False,
e1d46f82-21c5-4e41-a8ce-e951b0478ea4,USR-0036,2024-01-21 16:36:00,keystroke_dynamics,0.7373,DEV-0005,New York,1,success,157,False,
ae27d432-1dc1-47eb-b11c-767385351a69,USR-0029,2024-01-21 16:38:00,voice,0.7119,DEV-0020,London,1,success,158,False,
c78a7900-d2bd-46ec-9481-13b4ddcf5003,USR-0092,2024-01-21 16:47:00,fingerprint,0.7393,DEV-0022,New York,1,success,168,False,
168885c2-8814-4bde-98db-f732dde4d194,USR-0068,2024-01-21 16:49:00,voice,0.9163,DEV-0010,London,1,success,168,False,
709b7d97-464c-44af-bd3f-3799a07295e9,USR-0007,2024-01-21 16:51:00,face,0.7868,DEV-0046,Manchester,1,success,132,False,
87f1d48c-d54e-4948-81c0-c5e3527c8f50,USR-0048,2024-01-21 16:56:00,voice,0.8748,DEV-0027,Manchester,1,success,118,False,
57d9cbb0-309e-47ba-90e6-56e592715f6e,USR-0048,2024-01-21 17:00:00,fingerprint,0.8912,DEV-0043,Manchester,1,success,237,False,
9f8cc29f-fd35-4c5f-9347-9a3b479bc637,USR-0025,2024-01-21 17:05:00,voice,0.7658,DEV-0005,London,1,success,192,False,
02b3c948-4db6-4475-a7dd-1ac44282b6e4,USR-0062,2024-01-21 17:06:00,fingerprint,0.7636,DEV-0031,Manchester,1,success,157,False,
81f76d1c-2dbc-4134-830f-f46e8026695f,USR-0001,2024-01-21 17:06:00,fingerprint,0.8236,DEV-0026,New York,1,success,278,False,
2240063b-fed7-47be-afd0-d2f7e3524444,USR-0048,2024-01-21 17:13:00,voice,0.8607,DEV-0004,Manchester,1,success,174,False,
33478a91-9609-498e-a7cb-a27a65281970,USR-0058,2024-01-21 17:15:00,face,0.8023,DEV-0049,New York,1,success,234,False,
09a0a0f6-73b0-4091-b634-c1694f76e388,USR-0019,2024-01-21 17:21:00,voice,0.7851,DEV-0049,Manchester,1,success,139,False,
640b1814-2812-49bc-9d3c-d2be08a97c0f,USR-0019,2024-01-21 17:26:00,voice,0.7851,DEV-0049,Singapore,1,success,139,True,geo_jump
a25291f3-730b-4657-b4cb-46131d39e9c2,USR-0070,2024-01-21 17:28:00,voice,0.7902,DEV-0001,Manchester,1,success,133,False,
54da1012-5a3c-49e0-9158-6f467abdcb0f,USR-0200,2024-01-21 17:29:00,keystroke_dynamics,0.8631,DEV-0035,London,1,success,175,False,
bbfecb11-f060-46a1-92d1-2566fc829c09,USR-0133,2024-01-21 17:29:00,keystroke_dynamics,0.8797,DEV-0040,New York,1,success,203,False,
ce8b76a2-082f-4fb9-80e3-fe4fe4fb2a3b,USR-0096,2024-01-21 17:34:00,face,0.8255,DEV-0013,New York,1,success,199,False,
d038e153-c601-418b-a1fa-01ba231ae7c7,USR-0037,2024-01-21 17:34:00,voice,0.8423,DEV-0023,New York,1,success,195,False,
1afd943c-3c92-41ab-8bac-c3c6bb8ec1cb,USR-0143,2024-01-21 17:35:00,keystroke_dynamics,0.8782,DEV-0002,New York,1,success,129,False,
9740b212-2d52-45f4-8a0e-c018b29769b2,USR-0061,2024-01-21 17:41:00,fingerprint,0.8484,DEV-0021,London,1,success,154,False,
96b93974-f587-43c5-999a-e3daaae39bc0,USR-0143,2024-01-21 17:47:00,face,0.7601,DEV-0032,New York,1,success,131,False,
7c8b7f1e-5bf8-4967-b057-fcd4a1701e8e,USR-0078,2024-01-21 17:49:00,voice,0.7686,DEV-0012,Manchester,1,success,155,False,
b062166c-79db-43f9-8b4e-c2ee3dbff049,USR-0078,2024-01-21 17:49:00,voice,0.4323,DEV-0012,Manchester,1,success,155,True,low_score_bypass
1ee93260-3002-4831-b227-e8d89c60c81b,USR-0052,2024-01-21 17:57:00,voice,0.7881,DEV-0027,Manchester,1,success,117,False,
3d3fc0e0-944b-4f07-91e8-44c9b00ecc67,USR-0052,2024-01-21 17:57:00,voice,0.5303,DEV-0027,Manchester,1,success,117,True,low_score_bypass
f9a62522-ca83-4709-ba14-675762538cdf,USR-0070,2024-01-21 17:58:00,face,0.7889,DEV-0002,Manchester,1,success,233,False,
1de20f2d-0328-4b00-a953-4ea7d76d9612,USR-0114,2024-01-21 18:03:00,voice,0.7351,DEV-0038,Manchester,1,success,219,False,
5ea0c503-3d7a-474e-b4c9-c3ad4e19392b,USR-0105,2024-01-21 18:11:00,keystroke_dynamics,0.7654,DEV-0017,New York,1,success,210,False,
ac735be0-0cee-4dc2-a737-f345388629ff,USR-0067,2024-01-21 18:14:00,fingerprint,0.8051,DEV-0015,London,1,success,205,False,
8ad8c568-1b39-4777-8aaa-4685f5266edf,USR-0128,2024-01-21 18:16:00,face,0.8894,DEV-0036,Manchester,1,success,173,False,
2474e10f-7181-40c2-b4b1-58aa26df6494,USR-0172,2024-01-21 18:20:00,keystroke_dynamics,0.7902,DEV-0029,Manchester,1,success,182,False,
9564d4c1-aedb-4262-9d95-b4d7570edab2,USR-0192,2024-01-21 18:21:00,fingerprint,0.8609,DEV-0044,London,1,success,191,False,
c9a5c042-c878-4b08-91a3-3332d882ce3c,USR-0166,2024-01-21 18:22:00,face,0.8078,DEV-0047,Manchester,1,success,173,False,
df162ec3-be84-4aa2-b92c-04da5af3da5a,USR-0048,2024-01-21 18:22:00,keystroke_dynamics,0.7683,DEV-0006,Manchester,1,success,181,False,
e552d0a8-b66f-4507-a588-b999971eea39,USR-0070,2024-01-21 18:25:00,face,0.7187,DEV-0003,Manchester,1,success,135,False,
2d49d235-bc77-4a20-b4a4-cb8027379316,USR-0156,2024-01-21 18:31:00,voice,0.8226,DEV-0017,London,1,success,228,False,
3f87dfc2-1591-42f2-a505-da9c46e75a2c,USR-0037,2024-01-21 18:34:00,voice,0.7825,DEV-0027,New York,1,success,172,False,
fe7b178d-fb0e-4c28-8110-bcfef1aa9ba0,USR-0083,2024-01-21 18:36:00,voice,0.7758,DEV-0030,New York,1,success,146,False,
04aa8f68-b9ae-4292-8012-1516f1e7a280,USR-0048,2024-01-21 18:37:00,keystroke_dynamics,0.7683,DEV-0006,Lagos,1,success,181,True,geo_jump
040a3aae-52e2-4fd9-96bf-10ab3ce915e7,USR-0015,2024-01-21 18:39:00,keystroke_dynamics,0.7465,DEV-0010,London,1,success,121,False,
3360d115-48b5-4c88-8f63-5f4a2b9a118e,USR-0068,2024-01-21 18:43:00,fingerprint,0.8151,DEV-0045,London,1,success,53,False,
9d9b72b9-e5ab-486c-9e34-c29a701dadb0,USR-0146,2024-01-21 18:48:00,fingerprint,0.8017,DEV-0006,London,1,success,167,False,
c310d2a2-0700-47c1-b1f9-4a097408f646,USR-0092,2024-01-21 18:53:00,fingerprint,0.7541,DEV-0020,New York,1,success,155,False,
95c89b2d-7892-4145-92d2-d7e6387d5add,USR-0080,2024-01-21 18:54:00,face,0.9698,DEV-0045,London,1,success,181,False,
56666f9f-53ac-4ab9-b467-2cd9362f5e5c,USR-0008,2024-01-21 18:55:00,fingerprint,0.8362,DEV-0029,New York,1,success,177,False,
21c71aa3-7414-43b5-8e3e-25f2cf0671c7,USR-0029,2024-01-21 18:57:00,voice,0.7012,DEV-0013,London,1,success,209,False,
e95e8740-5dd9-4744-84e5-27ea3a82b37c,USR-0197,2024-01-21 18:59:00,voice,0.8417,DEV-0032,London,1,success,131,False,
71f71add-abee-45b2-90e9-15d4d50372a8,USR-0101,2024-01-21 19:13:00,face,0.8296,DEV-0001,New York,1,success,206,False,
2ab05af8-87e7-49e2-bf46-d9d3f2794e8b,USR-0172,2024-01-21 19:14:00,keystroke_dynamics,0.7986,DEV-0043,Manchester,1,success,118,False,
db75dada-d51f-4de1-b17d-aa267357d500,USR-0133,2024-01-21 19:15:00,voice,0.7448,DEV-0004,New York,1,success,140,False,
bd16c038-4ef2-43f5-bf8f-bd67133a8490,USR-0133,2024-01-21 19:15:00,voice,0.5891,DEV-0004,New York,12,success,140,True,rapid_retry
1036ca81-0bc4-47ba-b0d0-ebcb6949ece5,USR-0051,2024-01-21 19:20:00,keystroke_dynamics,0.7927,DEV-0038,London,1,success,171,False,
282f0aa6-730f-4b28-acaf-549ed37dcef3,USR-0163,2024-01-21 19:27:00,voice,0.7646,DEV-0022,Manchester,1,success,169,False,
9a106a52-6408-4ac9-bbf6-76af7537e85e,USR-0188,2024-01-21 19:28:00,keystroke_dynamics,0.8108,DEV-0032,New York,1,success,196,False,
794e0838-7dcf-40fd-a330-98edda252795,USR-0069,2024-01-21 19:35:00,keystroke_dynamics,0.8553,DEV-0015,Manchester,1,success,204,False,
a8350a40-0858-414d-952a-ed00d4aa826d,USR-0150,2024-01-21 19:38:00,face,0.9211,DEV-0005,New York,1,success,154,False,
6605de3c-15c7-4c83-8336-ffe5663166a7,USR-0067,2024-01-21 19:48:00,fingerprint,0.8631,DEV-0034,London,1,success,173,False,
d900da4b-ff31-4846-8600-fc5f1f9b5662,USR-0118,2024-01-21 19:50:00,face,0.7748,DEV-0019,Manchester,1,success,175,False,
3e628981-9ef1-474f-bd13-452669d75427,USR-0074,2024-01-21 19:54:00,keystroke_dynamics,0.8534,DEV-0010,London,1,success,156,False,
289ac251-52b4-44e8-afab-cd734fe66636,USR-0063,2024-01-21 19:56:00,fingerprint,0.8336,DEV-0022,London,1,success,157,False,
70100d7e-2a5f-46e4-9332-406ff8b6bdee,USR-0126,2024-01-21 19:56:00,voice,0.8873,DEV-0044,New York,1,success,242,False,
fee5ce69-33cb-402e-ad84-414df54191ea,USR-0036,2024-01-21 19:59:00,voice,0.9656,DEV-0027,New York,1,success,197,False,
a18af1fd-615a-4341-9d06-5ae84358ce3f,USR-0153,2024-01-21 20:02:00,voice,0.8749,DEV-0010,New York,1,success,227,False,
f6295eb4-667a-4b91-ab86-08d1cdac6327,USR-0170,2024-01-21 20:05:00,fingerprint,0.8562,DEV-0007,London,1,success,205,False,
cbf6aa23-a01e-41f5-b702-beba0623ffbf,USR-0071,2024-01-21 20:05:00,voice,0.9159,DEV-0027,London,1,success,209,False,
725687c2-0e54-4d51-8c44-5778f86e92d6,USR-0167,2024-01-21 20:10:00,face,0.8177,DEV-0006,London,1,success,171,False,
93829b43-922f-415a-a1e3-db63ef7ddc76,USR-0003,2024-01-21 20:16:00,keystroke_dynamics,0.7666,DEV-0017,New York,1,success,147,False,
2518ec09-efdd-4a87-88c6-21bee1228e75,USR-0091,2024-01-21 20:17:00,face,0.8728,DEV-0028,New York,1,success,122,False,
759cde66-bacf-43d0-8b1f-9163ce9ff57f,USR-0001,2024-01-21 20:23:00,face,0.7839,DEV-0024,New York,1,success,254,False,
7f0386fa-13ba-4c91-a0a5-fde6939f71a2,USR-0039,2024-01-21 20:24:00,keystroke_dynamics,0.8176,DEV-0034,New York,1,success,174,False,
634d7549-9d9a-40e1-81ef-688b7fc0922e,USR-0196,2024-01-21 20:26:00,keystroke_dynamics,0.8632,DEV-0035,Manchester,1,success,200,False,
7fb8b6c6-1650-4f14-a527-8ea2c80cd031,USR-0131,2024-01-21 20:30:00,keystroke_dynamics,0.8664,DEV-0004,New York,1,success,179,False,
4341fd0e-244f-402b-8d53-280e1ebd55b6,USR-0189,2024-01-21 20:31:00,fingerprint,0.7718,DEV-0026,Manchester,1,success,257,False,
80acefb5-79d0-4e2b-8024-9b51307c3f63,USR-0099,2024-01-21 20:39:00,face,0.7674,DEV-0049,New York,1,success,123,False,
850f7bdc-ddf7-4263-a806-5678ad478200,USR-0164,2024-01-21 20:42:00,voice,0.9481,DEV-0048,Manchester,1,success,166,False,
f5705436-3877-4265-902c-01a3ab404598,USR-0111,2024-01-21 20:44:00,face,0.8989,DEV-0031,Manchester,1,success,208,False,
d59f2b69-79a8-432f-a097-1a15c80682d3,USR-0098,2024-01-21 20:52:00,keystroke_dynamics,0.8342,DEV-0029,London,1,success,142,False,
3ef7839f-8df4-497b-98f8-001856fe4769,USR-0105,2024-01-21 20:58:00,keystroke_dynamics,0.7132,DEV-0037,New York,1,success,240,False,
330c8461-0d06-4891-a980-8e3c9fa3fe4b,USR-0181,2024-01-21 21:00:00,keystroke_dynamics,0.7778,DEV-0040,Manchester,1,success,118,False,
340155bd-b6ac-4c8e-b977-c7b41e56d346,USR-0092,2024-01-21 21:06:00,face,0.8961,DEV-0023,New York,1,success,199,False,
0d700c8b-de36-490a-b030-9415ef21db2c,USR-0137,2024-01-21 21:06:00,voice,0.7305,DEV-0021,New York,1,success,231,False,
e7f8daa8-104c-4b6e-aadf-1b58d4a84169,USR-0167,2024-01-21 21:09:00,face,0.8221,DEV-0049,London,1,success,154,False,
51facefa-d6f8-4f7a-82fa-1da878308631,USR-0031,2024-01-21 21:10:00,keystroke_dynamics,0.8779,DEV-0032,London,1,success,229,False,
c2ad0d97-75aa-4cb0-9757-ad381498d0dd,USR-0078,2024-01-21 21:16:00,face,0.8917,DEV-0021,Manchester,1,success,119,False,
8da03d88-0c6f-4051-bc78-842387c5f526,USR-0052,2024-01-21 21:22:00,fingerprint,0.8335,DEV-0019,Manchester,1,success,216,False,
f311a3a1-45a8-4731-a00f-6ea257647ecf,USR-0173,2024-01-21 21:31:00,keystroke_dynamics,0.8672,DEV-0039,Manchester,1,success,198,False,
c172494f-9eae-4feb-8f76-a282bba04391,USR-0184,2024-01-21 21:33:00,keystroke_dynamics,0.8552,DEV-0028,London,1,success,169,False,
1d57e734-31bf-4cf6-80b3-af7cd5b211a9,USR-0054,2024-01-21 21:38:00,fingerprint,0.7441,DEV-0048,New York,1,success,108,False,
eeb687c3-b8a6-4bf6-b3d5-4f3e635b36bd,USR-0149,2024-01-21 21:39:00,voice,0.7484,DEV-0003,Manchester,1,success,106,False,
346003a3-67db-4a91-851f-cfef8305a8cb,USR-0188,2024-01-21 21:43:00,fingerprint,0.8506,DEV-0024,New York,1,success,157,False,
4ac9778d-8da8-4ee4-8df5-6ac6f96b648a,USR-0009,2024-01-21 21:49:00,face,0.7999,DEV-0028,Manchester,1,success,246,False,
8974e16a-2ef0-463c-9106-2a357d10bf9f,USR-0178,2024-01-21 21:55:00,fingerprint,0.8937,DEV-0030,New York,1,success,268,False,
690a7b80-af8d-488d-9811-70c1d8d2660e,USR-0092,2024-01-21 21:55:00,face,0.8518,DEV-0048,New York,1,success,153,False,
8ef4d74b-2dcc-4095-b28f-9444a0154d65,USR-0066,2024-01-21 21:58:00,keystroke_dynamics,0.7877,DEV-0023,London,1,success,206,False,
bb8cea35-1bc4-4161-aff7-9a573183eab0,USR-0191,2024-01-22 03:15:00,fingerprint,0.7697,DEV-0042,London,1,success,227,True,off_hours
8eb58d5c-7e8f-4f03-87e0-3fade9b2af2e,USR-0033,2024-01-22 03:35:00,keystroke_dynamics,0.7626,DEV-0008,Manchester,1,success,198,True,off_hours
a885f19e-dcac-4096-8595-7a60194d397d,USR-0154,2024-01-22 04:02:00,voice,0.8413,DEV-0050,New York,1,success,216,True,off_hours
3881e713-22be-40bc-b7eb-178670f7cd82,USR-0156,2024-01-22 04:10:00,keystroke_dynamics,0.7258,DEV-0033,Manchester,1,success,193,True,off_hours
290c42f8-d30b-4f65-99b3-8619d1fb55b1,USR-0092,2024-01-22 07:04:00,face,0.867,DEV-0049,New York,1,success,144,False,
04ffeab2-cb7b-4b3a-8b2d-158acd5ae324,USR-0041,2024-01-22 07:22:00,fingerprint,0.7818,DEV-0045,Manchester,1,success,198,False,
8505d91d-f28b-4fb9-95bf-1edb3b79da1e,USR-0083,2024-01-22 07:29:00,keystroke_dynamics,0.8296,DEV-0004,New York,1,success,234,False,
fff446b9-bb46-4c13-b28a-030b532da8fe,USR-0094,2024-01-22 07:38:00,keystroke_dynamics,0.7962,DEV-0012,Manchester,1,success,178,False,
e39836bb-e23d-4faa-afad-49e9c41c147e,USR-0030,2024-01-22 07:40:00,face,0.8874,DEV-0015,Manchester,1,success,217,False,
5c098a5c-585d-4d17-9258-14d9638cf9e3,USR-0197,2024-01-22 07:52:00,voice,0.7926,DEV-0013,London,1,success,125,False,
d6d7b3b8-3309-4d35-bf4d-f561f319c125,USR-0008,2024-01-22 07:57:00,keystroke_dynamics,0.7223,DEV-0019,New York,1,success,181,False,
eb4d8f42-8735-40a2-a511-09611869a217,USR-0032,2024-01-22 07:59:00,keystroke_dynamics,0.7533,DEV-0025,London,1,success,189,False,
2ab8c610-e7e3-49b8-918d-a4887d5704df,USR-0182,2024-01-22 08:07:00,keystroke_dynamics,0.8058,DEV-0003,New York,1,success,221,False,
3508507a-f622-4842-8402-2b3c508211a5,USR-0032,2024-01-22 08:11:00,face,0.7699,DEV-0048,London,1,success,263,False,
ba89eda3-7eb6-4f51-adc7-8d7ba63f89b5,USR-0175,2024-01-22 08:13:00,face,0.7691,DEV-0027,London,1,success,180,False,
584cb0f7-48de-48be-831e-ef965f71dcc4,USR-0085,2024-01-22 08:13:00,fingerprint,0.7149,DEV-0009,London,1,success,145,False,
bab8ad70-8d57-4064-abf0-a4f1f14cd6f2,USR-0067,2024-01-22 08:14:00,fingerprint,0.3385,DEV-0043,London,1,success,66,True,low_score_bypass
91ae3d4c-6659-4d83-920b-725b17871810,USR-0067,2024-01-22 08:14:00,fingerprint,0.8888,DEV-0043,London,1,success,66,False,
4ce953a7-22d9-4db3-982a-2277f966d59f,USR-0033,2024-01-22 08:16:00,fingerprint,0.7897,DEV-0013,Manchester,1,success,176,False,
805aadb5-fd91-4a63-9ca4-2a3ce177105f,USR-0191,2024-01-22 08:25:00,fingerprint,0.7697,DEV-0042,London,1,success,227,False,
7d23d479-9549-4a82-b787-ef8d3495311e,USR-0029,2024-01-22 08:30:00,fingerprint,0.7727,DEV-0022,London,1,success,155,False,
5fdc9844-fdb3-4e45-8e0f-89b95f187c02,USR-0098,2024-01-22 08:47:00,fingerprint,0.8679,DEV-0046,London,1,success,157,False,
f27f3ad7-4890-4b6d-9240-ef02a9681fc1,USR-0056,2024-01-22 08:53:00,voice,0.9409,DEV-0033,New York,1,success,231,False,
c1581092-f335-4ba3-913a-7052986f9025,USR-0006,2024-01-22 08:54:00,face,0.696,DEV-0022,New York,1,success,176,False,
14669189-5ca4-4e71-a8f0-e5f2e1568ad3,USR-0151,2024-01-22 09:03:00,voice,0.9381,DEV-0006,New York,1,success,217,False,
6b2afb3a-1b38-41ad-8b21-cf12a284598a,USR-0193,2024-01-22 09:03:00,voice,0.8493,DEV-0025,Manchester,1,success,275,False,
ff4c96d6-71f2-4e8f-b69f-68c3e60fd420,USR-0023,2024-01-22 09:04:00,fingerprint,0.8508,DEV-0040,Manchester,1,success,158,False,
ef4c113d-c35f-4e12-bbfb-48d5e09f6e24,USR-0158,2024-01-22 09:07:00,face,0.8612,DEV-0046,New York,1,success,164,False,
d4022243-ec35-4b0c-9612-66fbe4a6bf51,USR-0149,2024-01-22 09:11:00,keystroke_dynamics,0.862,DEV-0021,New York,1,success,115,False,
f9723977-52c0-4f9b-9f16-eb702219b7f7,USR-0093,2024-01-22 09:12:00,face,0.8547,DEV-0020,Manchester,1,success,198,False,
c5b86c82-379c-441a-ab7d-2448efb18149,USR-0170,2024-01-22 09:25:00,keystroke_dynamics,0.8261,DEV-0001,London,1,success,149,False,
84372286-f4ea-4fa5-935f-d8d22839d888,USR-0167,2024-01-22 09:26:00,voice,0.7712,DEV-0021,London,1,success,187,False,
4421c1e1-2a8b-4fc8-9006-862ab31eb8f5,USR-0082,2024-01-22 09:33:00,voice,0.3297,DEV-0040,Manchester,1,success,165,True,low_score_bypass
8a257159-3d17-4879-95bd-f39efb334e61,USR-0082,2024-01-22 09:33:00,voice,0.8471,DEV-0040,Manchester,1,success,165,False,
bd5a6112-d1b2-4e3c-aede-2487373058be,USR-0098,2024-01-22 09:37:00,fingerprint,0.8286,DEV-0048,London,1,success,110,False,
d66ec576-b7e6-4b4d-93d5-326f9b032c39,USR-0198,2024-01-22 09:39:00,voice,0.8513,DEV-0044,London,1,success,226,False,
59875c7d-0151-4cb0-9b6f-1a9e5a98b715,USR-0123,2024-01-22 09:44:00,voice,0.7607,DEV-0025,London,1,success,209,False,
950df1a0-7aaf-4001-9912-316afd9e8e20,USR-0034,2024-01-22 09:48:00,face,0.8564,DEV-0029,New York,1,success,172,False,
e041f0a3-3056-487f-a8f2-6d6384bed7ed,USR-0114,2024-01-22 09:53:00,fingerprint,0.8255,DEV-0013,Manchester,1,success,164,False,
15f0e5ea-4b0a-4742-946e-6a4f2a873e02,USR-0115,2024-01-22 09:54:00,face,0.8261,DEV-0049,New York,1,success,239,False,
83239ba9-771a-43fe-8a88-57a5957e8c66,USR-0106,2024-01-22 09:58:00,keystroke_dynamics,0.8306,DEV-0007,Manchester,1,success,198,False,
0c5c9940-5753-4534-be48-7b1c4c1f088f,USR-0152,2024-01-22 09:58:00,voice,0.8285,DEV-0042,Manchester,1,success,119,False,
5711d5fd-30b1-467b-a771-a42280038f26,USR-0072,2024-01-22 10:03:00,voice,0.819,DEV-0028,Manchester,1,success,200,False,
642830f3-3e12-4f2b-ba74-ed0bf36ee0b7,USR-0172,2024-01-22 10:11:00,fingerprint,0.8352,DEV-0045,Manchester,1,success,127,False,
4ec3f970-956d-40e4-aaa2-6216fada98f5,USR-0026,2024-01-22 10:17:00,fingerprint,0.8399,DEV-0049,New York,1,success,187,False,
38e59b27-16dc-4a6e-a789-077055ec024a,USR-0048,2024-01-22 10:19:00,keystroke_dynamics,0.8248,DEV-0007,Manchester,1,success,202,False,
fee91972-6f7b-43e7-9e19-f0104bf7e012,USR-0155,2024-01-22 10:27:00,voice,0.7982,DEV-0016,New York,1,success,118,False,
fcc4091b-f457-47c6-b894-6a15c34201db,USR-0038,2024-01-22 10:30:00,keystroke_dynamics,0.922,DEV-0044,Manchester,1,success,222,False,
7701f7bb-7bc6-4e1f-864e-e6e389c5b31a,USR-0008,2024-01-22 10:30:00,fingerprint,0.8341,DEV-0040,New York,1,success,210,False,
d4575305-73b0-420d-9f20-19ea3cd61f5e,USR-0072,2024-01-22 10:30:00,voice,0.8321,DEV-0008,Manchester,1,success,184,False,
f510ab53-c7fe-439f-9190-f938a66fd7f7,USR-0008,2024-01-22 10:31:00,face,0.7802,DEV-0015,New York,1,success,202,False,
2586dcd1-a7e6-4e4e-871c-dac2260d76ca,USR-0129,2024-01-22 10:31:00,face,0.7776,DEV-0009,Manchester,1,success,208,False,
c016c62b-a371-4326-866b-1f526f7f6354,USR-0198,2024-01-22 10:37:00,face,0.7778,DEV-0026,London,1,success,209,False,
95284c0a-cb6b-4562-a488-c84d99d090fd,USR-0057,2024-01-22 10:41:00,face,0.8504,DEV-0032,Manchester,1,success,237,False,
5a58abba-9130-4877-b320-e68f6de77482,USR-0136,2024-01-22 10:44:00,voice,0.7723,DEV-0043,London,1,success,249,False,
98a21f1c-914d-4fae-b100-13a7c6deb2f0,USR-0017,2024-01-22 10:45:00,keystroke_dynamics,0.7542,DEV-0006,London,1,success,122,False,
94fb09f0-53c9-4ae7-bcf0-7bb3f343d9eb,USR-0036,2024-01-22 10:52:00,fingerprint,0.8125,DEV-0047,New York,1,success,193,False,
304c9c7b-2e62-4a6f-9c71-14398098f50d,USR-0123,2024-01-22 10:54:00,face,0.8446,DEV-0014,London,1,success,228,False,
a180f402-fb3e-427f-9308-e1f29990e4a9,USR-0111,2024-01-22 10:56:00,voice,0.8287,DEV-0024,Manchester,1,success,106,False,
96fc734d-a003-4d28-8a8f-3653c9af18f8,USR-0009,2024-01-22 11:02:00,face,0.8556,DEV-0026,Manchester,1,success,167,False,
fb04c6b1-022b-4960-8f00-ba6af189d0b1,USR-0131,2024-01-22 11:05:00,keystroke_dynamics,0.8141,DEV-0037,New York,1,success,213,False,
23cecf1e-296d-491f-b079-ae53d6e0217c,USR-0123,2024-01-22 11:06:00,keystroke_dynamics,0.7644,DEV-0049,London,1,success,231,False,
79db7862-8d7d-4772-a08e-2f5c61177270,USR-0032,2024-01-22 11:09:00,fingerprint,0.8094,DEV-0045,London,1,success,246,False,
bce05a63-197f-4b8d-879b-f5e62275b1e2,USR-0088,2024-01-22 11:09:00,fingerprint,0.8106,DEV-0014,London,1,success,131,False,
cc0a628b-f518-4923-a829-2e3bbbfc5dc1,USR-0094,2024-01-22 11:17:00,fingerprint,0.7541,DEV-0027,Manchester,1,success,251,False,
7885187d-18fc-43b7-8b35-6e9a2e5eeb6a,USR-0048,2024-01-22 11:25:00,fingerprint,0.8071,DEV-0041,Manchester,1,success,145,False,
4087be6a-4514-4416-ac44-821eaf051764,USR-0132,2024-01-22 11:25:00,face,0.815,DEV-0047,New York,1,success,235,False,
bffa7a4f-0f19-42db-b370-dc1d2f85f99d,USR-0115,2024-01-22 11:37:00,fingerprint,0.8396,DEV-0020,New York,1,success,146,False,
97d20300-97f3-4baf-81fe-1d86e545fcc6,USR-0151,2024-01-22 11:38:00,face,0.793,DEV-0046,New York,1,success,99,False,
ac0d8818-8349-4078-bc4b-2732a170920c,USR-0152,2024-01-22 11:41:00,face,0.8963,DEV-0016,Manchester,1,success,188,False,
f2ca2002-f650-4852-82bc-e2e0dfd5988e,USR-0122,2024-01-22 11:42:00,voice,0.8027,DEV-0027,Manchester,1,success,186,False,
490ccf97-2b0c-456b-8ab2-0bf4196dedc0,USR-0100,2024-01-22 11:48:00,voice,0.7913,DEV-0001,New York,1,success,178,False,
279163f4-0208-4c91-8f90-9d9dd23c7585,USR-0132,2024-01-22 11:53:00,fingerprint,0.7999,DEV-0026,New York,1,success,133,False,
76b90472-7470-424c-b9f6-b641063ff61e,USR-0082,2024-01-22 11:53:00,face,0.8403,DEV-0034,Manchester,1,success,140,False,
178926f3-f91e-4b9b-8596-7e762824162d,USR-0130,2024-01-22 11:53:00,keystroke_dynamics,0.9049,DEV-0006,New York,1,success,253,False,
233e84ac-3e3f-4da0-af98-ad3371d2e63f,USR-0104,2024-01-22 11:56:00,keystroke_dynamics,0.8479,DEV-0044,Manchester,1,success,204,False,
4f66a914-0563-4b30-8834-0d51a5c6c5ae,USR-0128,2024-01-22 11:56:00,face,0.8729,DEV-0025,Manchester,1,success,201,False,
d4eee313-8c48-4218-a892-ab6fedb92750,USR-0177,2024-01-22 11:56:00,fingerprint,0.6987,DEV-0034,Manchester,1,success,186,False,
6fea84f5-79f3-4373-9bab-13ac9863bb20,USR-0195,2024-01-22 11:59:00,fingerprint,0.7158,DEV-0009,New York,1,success,193,False,
a3708c7f-d235-45df-bbf8-b1fe3232be72,USR-0102,2024-01-22 12:04:00,voice,0.7849,DEV-0037,New York,1,success,278,False,
5bb8b9c8-8932-49f3-9ee8-9a4c681134e2,USR-0041,2024-01-22 12:09:00,fingerprint,0.8544,DEV-0008,Manchester,1,success,108,False,
5200044b-3148-4df8-a6ca-8d50e5f5c891,USR-0054,2024-01-22 12:10:00,voice,0.6989,DEV-0024,New York,1,success,185,False,
61af663c-ed2e-4bcd-8c06-df90aa1c4023,USR-0053,2024-01-22 12:11:00,fingerprint,0.867,DEV-0044,Manchester,1,success,162,False,
d0207ede-1fa7-4e6b-bffa-749e45bfd2c3,USR-0154,2024-01-22 12:14:00,voice,0.8413,DEV-0050,New York,1,success,216,False,
b58f67b6-deda-428b-a232-0dc95bf6f06d,USR-0123,2024-01-22 12:17:00,fingerprint,0.806,DEV-0009,London,1,success,188,False,
b86d066b-1ba8-47c6-897a-24ad41b455b8,USR-0043,2024-01-22 12:21:00,keystroke_dynamics,0.7522,DEV-0047,London,1,success,276,False,
a1d78199-d8ed-4649-8a82-673019977e2e,USR-0079,2024-01-22 12:23:00,face,0.8446,DEV-0050,London,1,success,168,False,
b5c1f027-3563-459e-9c78-bade8ec7dccb,USR-0153,2024-01-22 12:26:00,face,0.7996,DEV-0013,New York,1,success,170,False,
57a911b3-5139-44a1-9081-34dc54270925,USR-0132,2024-01-22 12:26:00,fingerprint,0.7442,DEV-0022,New York,1,success,130,False,
a255e1bb-0795-4c1f-938d-6b8cc607b1e9,USR-0033,2024-01-22 12:28:00,face,0.9283,DEV-0042,Manchester,1,success,172,False,
2c56e0cd-a5ba-4472-a1df-5609e959137f,USR-0046,2024-01-22 12:33:00,fingerprint,0.874,DEV-0007,Manchester,1,success,198,False,
89fab5cc-95b0-4f8a-964f-10b584d6b400,USR-0119,2024-01-22 12:33:00,face,0.8684,DEV-0043,London,1,success,62,False,
ed86a0c9-7dea-4676-bf6f-b946e10d1490,USR-0046,2024-01-22 12:33:00,fingerprint,0.6266,DEV-0007,Manchester,15,success,198,True,rapid_retry
30e912f2-f2b4-4abf-8441-aefd0299436a,USR-0008,2024-01-22 12:34:00,voice,0.7933,DEV-0004,New York,1,success,195,False,
8bea75c1-b866-47aa-a3d4-526b2b54ff7a,USR-0031,2024-01-22 12:45:00,keystroke_dynamics,0.8602,DEV-0008,London,1,success,137,False,
4b27b079-5c5d-4f1b-94c0-c6c254f6516e,USR-0053,2024-01-22 12:49:00,voice,0.8116,DEV-0021,Manchester,1,success,192,False,
0f25477d-a559-40e7-8910-fade52380bf2,USR-0027,2024-01-22 12:51:00,keystroke_dynamics,0.6909,DEV-0049,London,1,success,151,False,
84182d35-3e71-4433-bd90-b81afbe0e6b8,USR-0035,2024-01-22 12:59:00,keystroke_dynamics,0.7822,DEV-0039,New York,1,success,241,False,
4eccb0ab-7d53-48ca-a250-46c05f866c8e,USR-0113,2024-01-22 13:00:00,voice,0.8035,DEV-0022,New York,1,success,161,False,
f330f931-3b8f-49d7-822e-dfc438107177,USR-0188,2024-01-22 13:00:00,face,0.7922,DEV-0046,New York,1,success,198,False,
9b62d6d2-c6cf-47bf-b73e-54c31ef8aca7,USR-0164,2024-01-22 13:01:00,fingerprint,0.7729,DEV-0008,Manchester,1,success,257,False,
5497062b-a683-4a72-a6f6-ed64bd2af2c4,USR-0169,2024-01-22 13:04:00,face,0.8011,DEV-0041,New York,1,success,233,False,
c342bd2b-f295-456e-9967-5f06bd767e35,USR-0009,2024-01-22 13:04:00,face,0.7534,DEV-0048,Manchester,1,success,250,False,
9347f486-2a44-4a88-97f8-5f5bf1e2cce7,USR-0122,2024-01-22 13:05:00,voice,0.7132,DEV-0042,Manchester,1,success,158,False,
f47e3ca0-723f-485a-a57b-084d2b0582e0,USR-0117,2024-01-22 13:13:00,fingerprint,0.757,DEV-0043,New York,1,success,213,False,
4a4a5612-243a-4f53-aa7b-6a7ca674dd6b,USR-0155,2024-01-22 13:15:00,voice,0.906,DEV-0022,New York,1,success,144,False,
11654cb3-d4e9-4a65-822b-7e76ac3cbe34,USR-0077,2024-01-22 13:17:00,voice,0.8756,DEV-0041,Manchester,1,success,176,False,
73b0e73d-5e51-4bf8-bfa0-29a6d0a73b72,USR-0116,2024-01-22 13:17:00,voice,0.7552,DEV-0039,London,1,success,132,False,
73b9c2ac-0134-476b-8ed9-fa95a26e865b,USR-0048,2024-01-22 13:20:00,fingerprint,0.9452,DEV-0044,Manchester,1,success,139,False,
dec56dc3-ad96-4213-b0a9-b97f7557c28c,USR-0078,2024-01-22 13:24:00,voice,0.7905,DEV-0041,Manchester,1,success,233,False,
f18cccdc-131e-4723-bbcd-f203459ee674,USR-0041,2024-01-22 13:27:00,voice,0.7926,DEV-0023,Manchester,1,success,187,False,
b495db4e-8245-4fb4-8ab7-706eb77350ca,USR-0011,2024-01-22 13:32:00,voice,0.8428,DEV-0002,London,1,success,204,False,
b08a4895-d4ff-4666-b5c8-e90d9e3d750d,USR-0018,2024-01-22 13:35:00,keystroke_dynamics,0.8188,DEV-0004,New York,1,success,202,False,
7636ae1c-e961-41f3-8130-8be0fcea9a96,USR-0137,2024-01-22 13:40:00,face,0.9061,DEV-0022,New York,1,success,110,False,
5c074653-d711-43e4-86d4-7d416fa5d3b0,USR-0055,2024-01-22 13:50:00,voice,0.811,DEV-0029,London,1,success,122,False,
581ab26c-e8c3-4a79-904e-54acbe216c79,USR-0097,2024-01-22 13:52:00,voice,0.9068,DEV-0030,London,1,success,161,False,
9b3b5b4c-ff2a-40c0-9ab3-83c9e88188c3,USR-0093,2024-01-22 13:53:00,keystroke_dynamics,0.7149,DEV-0046,Manchester,1,success,172,False,
9ba14c35-0ab5-407f-86b6-020a67a55936,USR-0069,2024-01-22 14:09:00,voice,0.8519,DEV-0010,Manchester,1,success,185,False,
bbfb1b71-0a68-4eb8-876d-e8c5440c7e5b,USR-0066,2024-01-22 14:10:00,voice,0.814,DEV-0038,London,1,success,177,False,
bf337a15-1e08-4f20-bdd1-51b0f64ab6ec,USR-0031,2024-01-22 14:11:00,keystroke_dynamics,0.7805,DEV-0050,London,1,success,167,False,
8edddfcd-1e52-4770-bf89-7142fe716b14,USR-0009,2024-01-22 14:14:00,fingerprint,0.818,DEV-0023,Manchester,1,success,158,False,
1d5720cd-fa52-43bb-805f-33377f67c68a,USR-0031,2024-01-22 14:16:00,keystroke_dynamics,0.7805,DEV-0050,Singapore,1,success,167,True,geo_jump
613dec3a-7466-409d-9810-c0abec1c9109,USR-0192,2024-01-22 14:18:00,face,0.7916,DEV-0010,London,1,success,172,False,
0f14f86c-2b50-4ad7-adb9-4a81684344a1,USR-0100,2024-01-22 14:19:00,fingerprint,0.8316,DEV-0035,New York,1,success,232,False,
59fbb46d-51d3-449c-bfff-a983081190e9,USR-0192,2024-01-22 14:24:00,voice,0.8976,DEV-0006,London,1,success,117,False,
339b77a8-4b1f-4d7b-8977-c513752a7d25,USR-0021,2024-01-22 14:26:00,keystroke_dynamics,0.8943,DEV-0032,Manchester,1,success,180,False,
69a31ab6-5ced-4a62-817e-f8408ace3a10,USR-0035,2024-01-22 14:30:00,face,0.4272,DEV-0038,New York,1,success,158,True,low_score_bypass
4ba17233-1ac3-4f31-bb96-e2d10649bcf6,USR-0035,2024-01-22 14:30:00,face,0.8495,DEV-0038,New York,1,success,158,False,
e9b87e7a-a078-4a1f-b0d3-b5f768a69e71,USR-0115,2024-01-22 14:30:00,keystroke_dynamics,0.8097,DEV-0014,New York,1,success,208,False,
5583b4db-6746-4338-b2c7-a202062e0778,USR-0200,2024-01-22 14:31:00,keystroke_dynamics,0.838,DEV-0027,London,1,success,100,False,
8b074d1a-6a7a-4841-a8cc-812a8150e0c9,USR-0053,2024-01-22 14:42:00,keystroke_dynamics,0.876,DEV-0031,Manchester,1,success,171,False,
4d747649-53bc-40e0-b8c0-9d8baa3319bc,USR-0156,2024-01-22 14:45:00,keystroke_dynamics,0.7258,DEV-0033,Manchester,1,success,193,False,
1723ecdb-b058-4256-94b3-e8cfbfbbeab3,USR-0046,2024-01-22 14:46:00,face,0.9569,DEV-0014,Manchester,1,success,155,False,
3d114802-2702-478b-9f0f-da8d05379ff6,USR-0008,2024-01-22 15:10:00,fingerprint,0.8356,DEV-0029,New York,1,success,143,False,
b7c4b3ee-9b1f-46d1-b881-49dc5dc96097,USR-0065,2024-01-22 15:11:00,fingerprint,0.8301,DEV-0045,Manchester,1,success,217,False,
2a6504e1-fb2f-4e8c-aa46-391177e2f124,USR-0200,2024-01-22 15:12:00,keystroke_dynamics,0.825,DEV-0027,London,1,success,148,False,
f758dce2-0556-4aea-a7b0-32831d7c0098,USR-0018,2024-01-22 15:14:00,keystroke_dynamics,0.7839,DEV-0020,New York,1,success,192,False,
ee0f65a8-2a13-4c1f-8cd0-15c1ad5900dd,USR-0035,2024-01-22 15:16:00,face,0.7287,DEV-0047,New York,1,success,224,False,
5a765b48-5d03-44d8-9396-440547b5c4cd,USR-0131,2024-01-22 15:16:00,fingerprint,0.8019,DEV-0013,New York,1,success,120,False,
6f6bbdf3-c673-42e0-bdca-c10ff9e9cf93,USR-0054,2024-01-22 15:20:00,face,0.9057,DEV-0027,New York,1,success,121,False,
ded255d0-bf1e-4366-8b8e-63d4ce7607ad,USR-0014,2024-01-22 15:22:00,face,0.859,DEV-0050,London,1,success,176,False,
721df83c-b464-49f4-b163-b27430c041a9,USR-0125,2024-01-22 15:28:00,face,0.9109,DEV-0015,London,1,success,225,False,
ae423568-de14-453b-9eac-41d9801f4909,USR-0048,2024-01-22 15:29:00,face,0.7476,DEV-0048,Manchester,1,success,136,False,
61127927-cd6a-4e30-8567-f81fb8e3fb43,USR-0153,2024-01-22 15:40:00,face,0.8299,DEV-0046,New York,1,success,218,False,
487f70f0-e5e4-4935-93bd-99f9c5f4656a,USR-0160,2024-01-22 15:50:00,face,0.8575,DEV-0013,Manchester,1,success,212,False,
6e1a1e1b-ed1d-4efa-9c4f-c55ebf715a28,USR-0093,2024-01-22 15:53:00,fingerprint,0.812,DEV-0030,Manchester,1,success,127,False,
12b3c5eb-4198-4029-98e1-d54cbc715183,USR-0093,2024-01-22 15:54:00,voice,0.7629,DEV-0001,Manchester,1,success,207,False,
88bbc5bb-64d3-4090-98d0-fc616cb2170b,USR-0160,2024-01-22 15:54:00,face,0.7843,DEV-0023,Manchester,1,success,163,False,
9be71737-06b8-4231-8e86-7f3ca487eeab,USR-0017,2024-01-22 15:59:00,voice,0.918,DEV-0045,London,1,success,134,False,
d61c8113-9b3f-4c54-b327-f33e6409e93b,USR-0194,2024-01-22 16:01:00,keystroke_dynamics,0.7669,DEV-0007,Manchester,1,success,184,False,
1667b920-926e-4991-aa82-cac85b74c4d1,USR-0160,2024-01-22 16:02:00,face,0.7843,DEV-0023,Berlin,1,success,163,True,geo_jump
ae3dc742-bef8-404b-bbcf-57d745f84c5d,USR-0181,2024-01-22 16:20:00,keystroke_dynamics,0.8063,DEV-0007,Manchester,1,success,186,False,
a928a5b2-9185-4abd-8e90-ae4a1fd28b9e,USR-0149,2024-01-22 16:21:00,face,0.6714,DEV-0003,New York,1,success,200,False,
136d6cce-a535-49d7-83ff-fdea3bd9b015,USR-0106,2024-01-22 16:22:00,voice,0.8253,DEV-0006,Manchester,1,success,162,False,
7250ee18-260a-4962-9d81-b7f57d5911c6,USR-0012,2024-01-22 16:28:00,keystroke_dynamics,0.7939,DEV-0050,New York,1,success,167,False,
1bbcb748-bb55-4fa3-ae26-651915f87768,USR-0132,2024-01-22 16:28:00,face,0.8618,DEV-0049,New York,1,success,166,False,
5f321f6d-02dd-45c2-a405-8e04b393cb2d,USR-0194,2024-01-22 16:35:00,voice,0.7704,DEV-0012,Manchester,1,success,145,False,
b09b2a5c-badc-432a-8159-0f538a0f4efb,USR-0002,2024-01-22 16:36:00,voice,0.7458,DEV-0017,New York,1,success,127,False,
4a85e443-3ba8-48d9-b4b5-5b8648a84587,USR-0108,2024-01-22 16:43:00,fingerprint,0.7236,DEV-0037,New York,1,success,195,False,
618ae305-95a5-4afa-831d-029fac1e86d8,USR-0014,2024-01-22 16:46:00,voice,0.8586,DEV-0037,London,1,success,233,False,
890d58e5-79c9-4246-b556-aeac81e87e90,USR-0175,2024-01-22 16:49:00,face,0.8174,DEV-0024,London,1,success,182,False,
2adcecb5-109b-451a-9d69-32c9a9db47b9,USR-0106,2024-01-22 16:49:00,face,0.8041,DEV-0042,Manchester,1,success,149,False,
cf674365-a4c1-4966-a682-c0fb159e9c9f,USR-0170,2024-01-22 16:50:00,voice,0.9401,DEV-0033,London,1,success,181,False,
7a768555-a987-4218-bf84-faef5336723b,USR-0026,2024-01-22 16:52:00,face,0.6578,DEV-0025,New York,1,success,207,False,
0aeccec7-204d-49da-b156-7f2acef74829,USR-0045,2024-01-22 17:04:00,keystroke_dynamics,0.8143,DEV-0008,Manchester,1,success,196,False,
9e11d2cd-0930-4ef6-8a80-068ddf547e50,USR-0012,2024-01-22 17:05:00,voice,0.7826,DEV-0005,New York,1,success,157,False,
d123f7c1-b7a1-467e-9a1e-00365cbaa496,USR-0055,2024-01-22 17:07:00,keystroke_dynamics,0.7842,DEV-0024,London,1,success,84,False,
4572b385-9e32-4085-b24f-92b9ca0841de,USR-0068,2024-01-22 17:09:00,voice,0.8326,DEV-0039,London,1,success,160,False,
f541a44e-16cc-4813-a635-53ba4299b351,USR-0092,2024-01-22 17:11:00,keystroke_dynamics,0.8798,DEV-0009,New York,1,success,227,False,
059dd55d-4b94-4e30-b303-f438fe2110d0,USR-0012,2024-01-22 17:25:00,voice,0.8421,DEV-0033,New York,1,success,164,False,
0123a348-638a-4df6-adf7-2cd3979aa051,USR-0035,2024-01-22 17:27:00,keystroke_dynamics,0.7952,DEV-0024,New York,1,success,190,False,
7b1463c9-30bf-4f5a-b01d-e9361527690a,USR-0035,2024-01-22 17:27:00,keystroke_dynamics,0.5043,DEV-0024,New York,17,success,190,True,rapid_retry
1daf7374-a255-40ef-bdf7-f8f04236d2f9,USR-0161,2024-01-22 17:31:00,voice,0.7896,DEV-0036,Manchester,1,success,134,False,
8da4afbe-1bf5-4332-8eb1-8cd30e9f52f7,USR-0149,2024-01-22 17:37:00,voice,0.7569,DEV-0029,New York,1,success,160,False,
1b4142aa-8aa4-41e9-a9aa-aa7e483eb6a1,USR-0131,2024-01-22 17:38:00,voice,0.7982,DEV-0042,New York,1,success,191,False,
e7867bbf-0136-4f98-8a5a-62d3ec9fba0a,USR-0178,2024-01-22 17:38:00,fingerprint,0.7811,DEV-0008,New York,1,success,166,False,
774c0afa-7f4d-408c-a1ff-f6c08347f1da,USR-0031,2024-01-22 17:41:00,keystroke_dynamics,0.6737,DEV-0010,London,1,success,174,False,
4c6a70f4-8ede-444d-876c-f68c3f1be0d0,USR-0026,2024-01-22 17:46:00,voice,0.8052,DEV-0029,New York,1,success,146,False,
ec68fc07-4d8c-4019-a88f-c85ac33a402e,USR-0143,2024-01-22 17:48:00,voice,0.9338,DEV-0016,New York,1,success,125,False,
5c56d9bc-5111-431d-a3be-441dbd5a0c9e,USR-0033,2024-01-22 17:49:00,face,0.946,DEV-0044,Manchester,1,success,170,False,
5c3552b3-9437-4280-bfd4-67e77491050c,USR-0070,2024-01-22 17:52:00,face,0.8023,DEV-0027,Manchester,1,success,238,False,
24444f64-3025-4856-8967-65693cb29bf1,USR-0120,2024-01-22 17:58:00,voice,0.8239,DEV-0043,New York,1,success,246,False,
7e388a19-46f7-420a-83c4-95061e8e06ed,USR-0085,2024-01-22 18:01:00,keystroke_dynamics,0.8344,DEV-0004,London,1,success,199,False,
b8fc7513-1b3f-44b0-9550-9b75c7cfb659,USR-0127,2024-01-22 18:01:00,fingerprint,0.8117,DEV-0006,New York,1,success,164,False,
693e5fcf-c080-4ba4-9e07-809d188854db,USR-0103,2024-01-22 18:03:00,fingerprint,0.7651,DEV-0013,London,1,success,185,False,
2c5d849c-4f8c-41b9-98d7-88d94d515b58,USR-0142,2024-01-22 18:03:00,face,0.9015,DEV-0039,New York,1,success,174,False,
1c3efda4-689b-4fb2-9a31-7fd79a0278a6,USR-0098,2024-01-22 18:06:00,keystroke_dynamics,0.6829,DEV-0032,London,1,success,148,False,
8486b704-0211-46ca-b863-af2d5e6ba460,USR-0104,2024-01-22 18:14:00,fingerprint,0.897,DEV-0041,Manchester,1,success,183,False,
5c11ab6d-42f5-43f5-8ef4-c34d5bf86f3c,USR-0031,2024-01-22 18:15:00,keystroke_dynamics,0.8359,DEV-0023,London,1,success,156,False,
7580e4e9-5945-4186-9a01-8d296060b1eb,USR-0046,2024-01-22 18:15:00,face,0.7759,DEV-0034,Manchester,1,success,208,False,
bff9507d-cd14-403e-8359-9af65d01f55f,USR-0022,2024-01-22 18:22:00,fingerprint,0.8814,DEV-0035,London,1,success,203,False,
83666636-68d5-46b8-a6ce-6d7a44e2a94b,USR-0046,2024-01-22 18:24:00,keystroke_dynamics,0.8333,DEV-0017,Manchester,1,success,231,False,
3b41c943-ebd8-43b1-8b3d-0c3617d09810,USR-0041,2024-01-22 18:25:00,keystroke_dynamics,0.818,DEV-0049,Manchester,1,success,198,False,
032a09e0-5071-45f0-a7ac-590c42f90f92,USR-0051,2024-01-22 18:33:00,keystroke_dynamics,0.8145,DEV-0030,London,1,success,176,False,
5c42adcf-5acc-416d-999d-ed5edb84aa96,USR-0170,2024-01-22 18:39:00,keystroke_dynamics,0.7203,DEV-0050,London,1,success,241,False,
e869707c-bdcb-4ffc-8dfb-a4e996cbdafb,USR-0057,2024-01-22 18:43:00,keystroke_dynamics,0.7911,DEV-0020,Manchester,1,success,207,False,
8971b1bb-992b-4a0e-8a85-7fe44014c0f8,USR-0052,2024-01-22 18:44:00,voice,0.5265,DEV-0007,Manchester,12,success,137,True,rapid_retry
51397c06-a630-4d9d-bcb9-23f5f5edf382,USR-0043,2024-01-22 18:44:00,face,0.8088,DEV-0030,London,1,success,114,False,
9fea97cc-3086-4fe3-a075-13728fe2c74f,USR-0111,2024-01-22 18:44:00,keystroke_dynamics,0.8735,DEV-0036,Manchester,1,success,171,False,
a8535961-632d-4302-9a82-833c20dda0ff,USR-0052,2024-01-22 18:44:00,voice,0.7711,DEV-0007,Manchester,1,success,137,False,
eec259dc-7f95-497c-a76a-a6ced50755d9,USR-0011,2024-01-22 18:53:00,fingerprint,0.8307,DEV-0042,London,1,success,126,False,
bdd4c1f2-71b8-4ce0-a347-2e25ba5498fd,USR-0085,2024-01-22 18:58:00,keystroke_dynamics,0.762,DEV-0013,London,1,success,148,False,
913a1734-ccb6-4571-abc5-35452e6d7a04,USR-0054,2024-01-22 19:03:00,face,0.797,DEV-0017,New York,1,success,175,False,
1a85910d-5a05-4c11-8ffc-a6b199b479d4,USR-0016,2024-01-22 19:12:00,face,0.7826,DEV-0040,New York,1,success,256,False,
1dc7deab-b07b-44ed-a67b-6ad334be5f01,USR-0178,2024-01-22 19:15:00,voice,0.7806,DEV-0020,New York,1,success,125,False,
50ffde64-6eda-4a8c-a789-e7d0a155eb2c,USR-0054,2024-01-22 19:19:00,keystroke_dynamics,0.8335,DEV-0027,New York,1,success,180,False,
44482593-e232-4c25-bcd6-2aba93c1392f,USR-0171,2024-01-22 19:24:00,voice,0.9238,DEV-0030,New York,1,success,120,False,
46b821c7-fe73-4856-b1fc-fc366ad3cc40,USR-0141,2024-01-22 19:38:00,face,0.7961,DEV-0014,Manchester,1,success,124,False,
244700ca-31e3-460a-82ca-a526ffa0a1af,USR-0171,2024-01-22 19:38:00,keystroke_dynamics,0.8453,DEV-0011,New York,1,success,139,False,
90fcc9f1-2ddc-456b-a8c2-cce9723b80d4,USR-0055,2024-01-22 19:38:00,fingerprint,0.7964,DEV-0001,London,1,success,220,False,
a2da43a7-fa1b-4659-adf6-5800997c0dc9,USR-0106,2024-01-22 19:39:00,voice,0.7458,DEV-0030,Manchester,1,success,230,False,
8be15610-b234-4948-a4f2-ae4cf016716b,USR-0070,2024-01-22 20:10:00,fingerprint,0.7707,DEV-0007,Manchester,1,success,131,False,
05e15e2f-f2b7-4922-854e-dd713977fd2f,USR-0092,2024-01-22 20:10:00,fingerprint,0.8622,DEV-0038,New York,1,success,279,False,
18963a6e-6fd8-4533-9577-58f5e03c63df,USR-0142,2024-01-22 20:17:00,keystroke_dynamics,0.7909,DEV-0028,New York,1,success,185,False,
8eb22579-0cdb-4ca4-b6ec-bdd68498e113,USR-0006,2024-01-22 20:17:00,fingerprint,0.9101,DEV-0049,New York,1,success,182,False,
51d41c6a-5731-4c46-97cb-9e5b03379b0b,USR-0162,2024-01-22 20:22:00,face,0.8593,DEV-0046,New York,1,success,252,False,
0534a101-8ddc-4719-81f3-8dd4fd034ada,USR-0021,2024-01-22 20:31:00,voice,0.7981,DEV-0039,Manchester,1,success,146,False,
4b11c181-2dc1-4143-8469-8c048af190cb,USR-0161,2024-01-22 20:34:00,face,0.7807,DEV-0040,Manchester,1,success,187,False,
a5df6f85-bab5-43fb-9dfc-d1d5cb863dea,USR-0054,2024-01-22 20:37:00,voice,0.8205,DEV-0032,New York,1,success,166,False,
5b182716-b9c6-426b-a401-118dc078bc3e,USR-0131,2024-01-22 20:43:00,face,0.9115,DEV-0050,New York,1,success,162,False,
f76ffc87-a888-4750-b6a8-31c77f63d2b6,USR-0119,2024-01-22 20:45:00,voice,0.4602,DEV-0039,London,1,success,217,True,low_score_bypass
a6d5dac6-ca41-4052-919e-af98b6b84329,USR-0119,2024-01-22 20:45:00,voice,0.7598,DEV-0039,London,1,success,217,False,
a5dd2836-e65f-49fa-838c-2eafa8097a77,USR-0077,2024-01-22 20:46:00,voice,0.769,DEV-0001,Manchester,1,success,158,False,
eea90156-d5bd-4de2-a751-0ccfd358a5d7,USR-0162,2024-01-22 20:57:00,voice,0.7842,DEV-0028,New York,1,success,204,False,
c7f7040b-8718-4322-b43c-6de656fdc504,USR-0169,2024-01-22 20:57:00,keystroke_dynamics,0.9506,DEV-0008,New York,1,success,107,False,
18b47298-a9ca-403d-b4d1-20248c84c302,USR-0171,2024-01-22 20:59:00,voice,0.8187,DEV-0015,New York,1,success,193,False,
f3c2944a-b60a-4dcc-a7f7-745142da8609,USR-0047,2024-01-22 21:04:00,keystroke_dynamics,0.8311,DEV-0018,New York,1,success,217,False,
8b8a7166-09cc-4f05-b45f-44334743968f,USR-0132,2024-01-22 21:07:00,keystroke_dynamics,0.864,DEV-0031,New York,1,success,235,False,
8d93e14a-5b16-4158-ba67-470c7d98302f,USR-0033,2024-01-22 21:20:00,keystroke_dynamics,0.7626,DEV-0008,Manchester,1,success,198,False,
75757602-2d02-423f-ad25-32e51d0678b7,USR-0133,2024-01-22 21:20:00,face,0.9122,DEV-0035,New York,1,success,236,False,
64c46086-919f-402e-a194-c7b1bcef40f8,USR-0122,2024-01-22 21:23:00,voice,0.8007,DEV-0027,Manchester,1,success,178,False,
27180985-f2d6-418c-83a3-574a919cf735,USR-0179,2024-01-22 21:23:00,face,0.8056,DEV-0027,New York,1,success,169,False,
9cfa2010-ff51-4c96-a7be-a2b29a7f326f,USR-0177,2024-01-22 21:24:00,face,0.7837,DEV-0026,Manchester,1,success,205,False,
a79b44b6-da50-4fed-9d4a-3d81b3a7d0e0,USR-0016,2024-01-22 21:33:00,face,0.8798,DEV-0041,New York,1,success,160,False,
5e99c568-09c7-4e3d-9a98-5b74ceb3c70f,USR-0156,2024-01-22 21:34:00,keystroke_dynamics,0.8712,DEV-0047,Manchester,1,success,168,False,
f2612977-7fe5-4edd-b4d3-87dd557c9198,USR-0188,2024-01-22 21:35:00,voice,0.7661,DEV-0030,New York,1,success,179,False,
ed441085-5024-46c6-ba53-de538375e8f9,USR-0194,2024-01-22 21:35:00,face,0.769,DEV-0014,Manchester,1,success,186,False,
6e4ff4a4-19cb-44c8-9b45-03bce892464d,USR-0124,2024-01-22 21:35:00,face,0.7347,DEV-0041,London,1,success,250,False,
bca6a6b0-93b0-427e-a154-7769f43dd740,USR-0118,2024-01-22 21:36:00,face,0.723,DEV-0042,Manchester,1,success,193,False,
73e7f042-516c-4b0a-9385-3918bc4015fa,USR-0041,2024-01-22 21:36:00,fingerprint,0.7738,DEV-0008,Manchester,1,success,128,False,
5df06e8c-878a-4ed9-a33f-fc8292ec89af,USR-0023,2024-01-22 21:41:00,face,0.9108,DEV-0004,Manchester,1,success,205,False,
84909370-e430-4b91-956f-e90eb5ccdbe6,USR-0140,2024-01-22 21:51:00,face,0.8501,DEV-0022,Manchester,1,success,178,False,
7e7d5e88-4dcd-4534-95d0-3545d5a76023,USR-0085,2024-01-22 21:56:00,fingerprint,0.8221,DEV-0016,London,1,success,124,False,
0c81a3cc-9965-4f48-8b4d-2de206b868bd,USR-0113,2024-01-23 02:43:00,keystroke_dynamics,0.7656,DEV-0049,New York,1,success,185,True,off_hours
64880945-ad1d-4537-97f3-4368c2efeecb,USR-0036,2024-01-23 07:00:00,face,0.8542,DEV-0025,New York,1,success,218,False,
9e1be56d-3f6c-4de5-adcf-cb58c2ca55ed,USR-0123,2024-01-23 07:14:00,face,0.8144,DEV-0048,London,1,success,226,False,
0c858251-10e9-40ff-9857-8862310565b6,USR-0123,2024-01-23 07:14:00,face,0.4727,DEV-0048,London,1,success,226,True,low_score_bypass
6cfacecc-1ae4-47cf-abd5-c14914d8e0e6,USR-0154,2024-01-23 07:16:00,voice,0.8929,DEV-0003,New York,1,success,184,False,
70b6052f-b2c6-4986-bc2f-db76fa584a4b,USR-0148,2024-01-23 07:25:00,voice,0.8604,DEV-0029,New York,1,success,192,False,
2540647b-784f-4b14-b2d3-1a6527dea64c,USR-0132,2024-01-23 07:25:00,keystroke_dynamics,0.7606,DEV-0016,New York,1,success,166,False,
5b951652-c11e-416b-a6d6-2330f5b19be4,USR-0104,2024-01-23 07:26:00,keystroke_dynamics,0.8012,DEV-0025,Manchester,1,success,148,False,
9ca4364d-5d9a-49f1-908e-3a956c6e8796,USR-0057,2024-01-23 07:33:00,fingerprint,0.723,DEV-0028,Manchester,1,success,191,False,
80daa8ca-6230-4d27-9a4b-160621019bff,USR-0048,2024-01-23 07:38:00,face,0.8502,DEV-0046,Manchester,1,success,251,False,
077d8688-59fe-4c45-abac-7bf82f4ddc9b,USR-0086,2024-01-23 07:38:00,face,0.9129,DEV-0023,London,1,success,192,False,
d0411dec-6ab9-4a0f-b6c6-533e1b7a5c94,USR-0143,2024-01-23 07:41:00,fingerprint,0.7941,DEV-0005,New York,1,success,170,False,
cec56969-5d4f-4107-911d-dc7990c80420,USR-0054,2024-01-23 07:48:00,fingerprint,0.7831,DEV-0042,New York,1,success,151,False,
2c2e8ba0-157e-4914-8442-4098ba9cee3d,USR-0157,2024-01-23 07:51:00,face,0.7868,DEV-0039,London,1,success,156,False,
9255273f-ed09-40f7-9217-4fb08e6b3085,USR-0066,2024-01-23 07:53:00,fingerprint,0.7993,DEV-0025,London,1,success,199,False,
cac4d0eb-3373-430e-bc31-a5971f119c0f,USR-0023,2024-01-23 07:54:00,voice,0.7673,DEV-0014,Manchester,1,success,146,False,
c438eae0-b5d0-4595-a4f8-9e23af39f2ce,USR-0073,2024-01-23 07:56:00,keystroke_dynamics,0.8145,DEV-0033,Manchester,1,success,180,False,
b960df1f-1715-4d76-afc1-aaeb340ce8c9,USR-0159,2024-01-23 07:59:00,voice,0.8566,DEV-0036,London,1,success,198,False,
97d3d50e-6697-4f77-93d6-40ccf4382911,USR-0158,2024-01-23 08:02:00,voice,0.8613,DEV-0011,New York,1,success,166,False,
5415c636-9979-4a46-b580-8b5975b568d7,USR-0101,2024-01-23 08:12:00,fingerprint,0.962,DEV-0006,New York,1,success,164,False,
c0ac1c00-af8e-46b2-acfb-f1736b4d3d1a,USR-0107,2024-01-23 08:24:00,voice,0.9068,DEV-0041,New York,1,success,153,False,
8570b59f-a903-4e67-bc56-8b5324acb722,USR-0030,2024-01-23 08:26:00,keystroke_dynamics,0.7795,DEV-0025,Manchester,1,success,174,False,
970e287a-0fd7-40f2-8f90-8490006e0070,USR-0118,2024-01-23 08:28:00,fingerprint,0.7822,DEV-0025,New York,1,success,150,False,
4c485cfc-9a02-40da-905c-1021157c6813,USR-0091,2024-01-23 08:34:00,keystroke_dynamics,0.9487,DEV-0022,New York,1,success,118,False,
52c83bfc-5b48-461f-9b1b-4cd736ba4918,USR-0111,2024-01-23 08:37:00,voice,0.8824,DEV-0033,New York,1,success,139,False,
eda413c6-eb84-46e4-85fa-e0476f669013,USR-0092,2024-01-23 08:40:00,voice,0.8463,DEV-0001,New York,1,success,125,False,
92a0c677-b700-43c5-90a9-0840c8e7f2f6,USR-0098,2024-01-23 08:41:00,keystroke_dynamics,0.7821,DEV-0031,London,1,success,168,False,
bea17713-fe36-44bf-b9e4-21bc1120653d,USR-0092,2024-01-23 08:42:00,voice,0.8463,DEV-0001,Singapore,1,success,125,True,geo_jump
8037b969-7946-4eae-93dc-00ee9203c5d2,USR-0145,2024-01-23 08:45:00,face,0.8721,DEV-0019,London,1,success,189,False,
142e3df0-3c28-45dc-912d-aea8673d2920,USR-0051,2024-01-23 08:46:00,keystroke_dynamics,0.7899,DEV-0003,London,1,success,125,False,
49e64c22-89a0-47eb-b98f-569b465cc2cb,USR-0036,2024-01-23 08:58:00,fingerprint,0.925,DEV-0036,New York,1,success,235,False,
0599e1f2-ccd3-454c-b68b-bbc673c66188,USR-0197,2024-01-23 08:59:00,face,0.862,DEV-0023,London,1,success,226,False,
82ece8aa-d20c-4375-a5d4-53c4a845fee9,USR-0121,2024-01-23 09:02:00,fingerprint,0.7296,DEV-0004,New York,1,success,157,False,
88516447-6e5b-4598-a8f0-e3e02f369832,USR-0149,2024-01-23 09:10:00,fingerprint,0.8031,DEV-0026,Manchester,1,success,184,False,
ae864837-ccc1-4250-bedd-84838cd4e7bc,USR-0123,2024-01-23 09:10:00,face,0.896,DEV-0027,London,1,success,208,False,
46e1ee40-dc8a-46a7-933c-2ed5a3fe0479,USR-0047,2024-01-23 09:16:00,voice,0.8804,DEV-0030,New York,1,success,129,False,
6088825e-e382-4da1-acce-4c234e55f3fe,USR-0106,2024-01-23 09:18:00,voice,0.833,DEV-0007,Manchester,1,success,161,False,
5fcc997d-1cbb-404b-accd-a2af4d64bb63,USR-0072,2024-01-23 09:20:00,keystroke_dynamics,0.8401,DEV-0033,Manchester,1,success,239,False,
4da7f632-0244-4c10-87d0-1cf295e81a39,USR-0194,2024-01-23 09:24:00,keystroke_dynamics,0.8086,DEV-0024,Manchester,1,success,173,False,
9ca3fbb3-ff11-48ba-b6ee-1640723ef466,USR-0023,2024-01-23 09:30:00,fingerprint,0.7907,DEV-0015,Manchester,1,success,135,False,
3c775558-b365-4b7c-8853-bc5542e17302,USR-0076,2024-01-23 09:32:00,voice,0.8237,DEV-0029,London,1,success,142,False,
65e92e49-b26c-4876-98fa-e8c71d10b6f6,USR-0153,2024-01-23 09:33:00,keystroke_dynamics,0.934,DEV-0012,New York,1,success,195,False,
a8835c66-1eca-40c0-84c7-2b2ae598e5c2,USR-0099,2024-01-23 09:34:00,keystroke_dynamics,0.8068,DEV-0013,New York,1,success,174,False,
160a3a13-30df-450c-89e0-8b89ca3e3238,USR-0095,2024-01-23 09:36:00,voice,0.8378,DEV-0031,London,1,success,246,False,
a995ecc3-6f5b-49a6-8ff1-c51f915cb31b,USR-0041,2024-01-23 09:48:00,face,0.8163,DEV-0031,Manchester,1,success,199,False,
c5ddf574-2543-4b1a-86ec-9e60e4433474,USR-0194,2024-01-23 09:49:00,fingerprint,0.7826,DEV-0007,Manchester,1,success,168,False,
83d0bae7-7c2c-4bcf-8770-d18fc9160147,USR-0080,2024-01-23 09:59:00,face,0.7674,DEV-0038,London,1,success,147,False,
8e2b4d2c-af49-4395-a775-957e3ea6ca65,USR-0159,2024-01-23 09:59:00,keystroke_dynamics,0.8427,DEV-0040,London,1,success,172,False,
ecab3301-bc8f-4d29-adea-94930658663a,USR-0005,2024-01-23 10:04:00,face,0.7596,DEV-0007,London,1,success,131,False,
0dc5d7d9-f5bc-40c0-89df-af7c55492107,USR-0158,2024-01-23 10:07:00,fingerprint,0.7798,DEV-0004,New York,1,success,173,False,
b1e76ab9-127c-42f0-aa74-bb8724f47c35,USR-0192,2024-01-23 10:17:00,fingerprint,0.8128,DEV-0005,London,1,success,124,False,
c5144d98-b41c-404f-a346-f415e5267a2b,USR-0028,2024-01-23 10:17:00,voice,0.7459,DEV-0030,New York,1,success,156,False,
c4bbf711-53ce-4524-8502-8ad9f568384d,USR-0005,2024-01-23 10:18:00,face,0.7596,DEV-0007,Singapore,1,success,131,True,geo_jump
77d8b428-3754-4771-aba5-d1c9035c5d03,USR-0138,2024-01-23 10:21:00,fingerprint,0.7647,DEV-0004,London,1,success,147,False,
43b47ee5-e1e8-4e7e-a249-8f666e51484d,USR-0024,2024-01-23 10:22:00,keystroke_dynamics,0.8057,DEV-0033,London,1,success,165,False,
851ab93f-297e-4f2f-837c-e599c1c353c4,USR-0154,2024-01-23 10:30:00,face,0.8386,DEV-0003,New York,1,success,135,False,
a05095fa-deba-4297-81e1-5f65a7610e80,USR-0127,2024-01-23 10:30:00,fingerprint,0.8448,DEV-0029,New York,1,success,170,False,
516546ca-5fcf-4219-b1c1-2d4b60d16c16,USR-0106,2024-01-23 10:36:00,face,0.8769,DEV-0047,Manchester,1,success,167,False,
27aedaae-8c48-43f4-bef3-89ba0a7016c8,USR-0174,2024-01-23 10:55:00,voice,0.8196,DEV-0023,London,1,success,167,False,
e660a8e0-8b13-4689-9ef2-a148209515d5,USR-0142,2024-01-23 11:03:00,fingerprint,0.5847,DEV-0026,Manchester,1,success,191,False,
f9cc596e-37e7-4948-8903-c8c72e8992cc,USR-0177,2024-01-23 11:04:00,fingerprint,0.7548,DEV-0001,Manchester,1,success,184,False,
24108e9a-3f77-4cae-b318-b96d44790612,USR-0024,2024-01-23 11:05:00,fingerprint,0.8215,DEV-0015,London,1,success,236,False,
e82b5b36-4269-428c-8bac-bedfff5a229e,USR-0048,2024-01-23 11:06:00,fingerprint,0.8583,DEV-0005,Manchester,1,success,222,False,
816bcb9f-7426-4193-8b7e-6b3c87d292a6,USR-0016,2024-01-23 11:08:00,fingerprint,0.8172,DEV-0040,New York,1,success,199,False,
a358c4d3-fc76-427b-80cd-11a8301c8108,USR-0116,2024-01-23 11:12:00,voice,0.8247,DEV-0046,London,1,success,168,False,
a81d0ecf-c27f-469e-bebe-a834bfffd800,USR-0182,2024-01-23 11:18:00,keystroke_dynamics,0.9016,DEV-0047,New York,1,success,125,False,
18d98279-71e5-48a4-a8c0-563d258a9c6b,USR-0181,2024-01-23 11:20:00,voice,0.867,DEV-0008,Manchester,1,success,197,False,
2e0c5488-a76f-4d3c-a252-2f2656ef26a3,USR-0160,2024-01-23 11:22:00,keystroke_dynamics,0.812,DEV-0012,Manchester,1,success,148,False,
994a77f9-2522-4779-a004-1dd5fb932692,USR-0191,2024-01-23 11:24:00,face,0.8593,DEV-0047,London,1,success,225,False,
75dacbbe-09a9-461a-9823-3383279b637c,USR-0066,2024-01-23 11:28:00,fingerprint,0.8612,DEV-0039,London,1,success,146,False,
81c61eeb-0ce3-48c8-8735-4e4ff85b6d0a,USR-0051,2024-01-23 11:30:00,voice,0.8908,DEV-0049,London,1,success,154,False,
a8cfe589-9dc8-4e1a-940e-7d01735d88f3,USR-0054,2024-01-23 11:32:00,fingerprint,0.8943,DEV-0023,New York,1,success,195,False,
080aadfb-e7c9-4b26-9141-25c63a9bedd4,USR-0002,2024-01-23 11:39:00,fingerprint,0.8895,DEV-0043,New York,1,success,147,False,
7b6fb65b-8d70-400f-84a1-dd66bce88f22,USR-0146,2024-01-23 11:45:00,keystroke_dynamics,0.7177,DEV-0016,Manchester,1,success,176,False,
f0a30219-c321-4788-8173-c12e6ac89d70,USR-0167,2024-01-23 11:46:00,keystroke_dynamics,0.8911,DEV-0017,London,1,success,222,False,
a3900655-7307-43d5-a261-078d202f00a8,USR-0133,2024-01-23 11:56:00,fingerprint,0.8364,DEV-0043,New York,1,success,193,False,
a7728290-78d5-40ef-830b-4532a7c24c68,USR-0107,2024-01-23 12:08:00,voice,0.8418,DEV-0047,New York,1,success,111,False,
d7d3b9d9-4c85-4233-8325-bd9ebf98e734,USR-0052,2024-01-23 12:08:00,keystroke_dynamics,0.8956,DEV-0039,Manchester,1,success,225,False,
192bb3bc-e843-4f65-aef0-244b2c19ee3d,USR-0163,2024-01-23 12:10:00,fingerprint,0.8043,DEV-0046,Manchester,1,success,180,False,
85475ee1-1e06-496a-a302-7b2102c1c269,USR-0172,2024-01-23 12:22:00,voice,0.7833,DEV-0011,Manchester,1,success,146,False,
00af085d-2b08-4fcd-b595-1ffd793130ce,USR-0156,2024-01-23 12:25:00,keystroke_dynamics,0.8228,DEV-0015,London,1,success,209,False,
9e15ebcc-66d1-47f6-8659-010a4ede79b6,USR-0083,2024-01-23 12:37:00,voice,0.8223,DEV-0038,New York,1,success,223,False,
aaefdbe1-d674-498a-aa97-cbce673659ef,USR-0157,2024-01-23 12:44:00,keystroke_dynamics,0.7256,DEV-0048,London,1,success,194,False,
1e7f92ad-ea39-43ff-a14f-ea786e2f1d3b,USR-0088,2024-01-23 12:57:00,fingerprint,0.7869,DEV-0028,London,1,success,136,False,
1c3892e8-f2cf-4d63-80ab-4b7f2e968660,USR-0115,2024-01-23 13:00:00,voice,0.9183,DEV-0004,New York,1,success,216,False,
7bd7b4bf-8e0e-4bb7-8f20-c5e75ec646eb,USR-0057,2024-01-23 13:01:00,face,0.7757,DEV-0019,Manchester,1,success,187,False,
4a832ab5-57c8-40b0-9a73-cd2f4f05495e,USR-0104,2024-01-23 13:02:00,keystroke_dynamics,0.8463,DEV-0009,Manchester,1,success,213,False,
d43cdd6d-e0c1-4f1e-a0da-897258321ee4,USR-0023,2024-01-23 13:05:00,face,0.848,DEV-0018,Manchester,1,success,178,False,
945b3711-0a85-4722-b0c9-5ec44f2fcfd6,USR-0141,2024-01-23 13:06:00,face,0.8793,DEV-0014,Manchester,1,success,148,False,
4cca3dda-7cbb-4627-9929-c7c73709d7d3,USR-0167,2024-01-23 13:13:00,fingerprint,0.6892,DEV-0031,London,1,success,177,False,
e3fb7b87-a7a3-4c7a-81c9-a46487d22e31,USR-0184,2024-01-23 13:16:00,voice,0.734,DEV-0014,London,1,success,267,False,
a2f87dea-cb22-4b8d-9a0b-d63d69f841b0,USR-0129,2024-01-23 13:21:00,keystroke_dynamics,0.7238,DEV-0041,Manchester,1,success,107,False,
58d0202b-75d5-4115-9ce8-b890cc6b3a6e,USR-0200,2024-01-23 13:21:00,fingerprint,0.8118,DEV-0023,London,1,success,202,False,
ef8c485b-c07a-40f2-add4-253b50f0fd0a,USR-0005,2024-01-23 13:31:00,keystroke_dynamics,0.7443,DEV-0016,London,1,success,216,False,
c948384b-1174-4357-8546-74262f120b9e,USR-0053,2024-01-23 13:31:00,fingerprint,0.7857,DEV-0037,Manchester,1,success,193,False,
a748dbcf-ac61-4e63-8dde-29a6baa4b71a,USR-0003,2024-01-23 13:35:00,fingerprint,0.8575,DEV-0008,New York,1,success,145,False,
7b011fdd-94c0-49e0-9c9c-4570bedd62a7,USR-0085,2024-01-23 13:35:00,face,0.9395,DEV-0008,London,1,success,195,False,
fabf8aef-608d-4b54-9913-0b900286675d,USR-0122,2024-01-23 13:42:00,voice,0.7968,DEV-0049,Manchester,1,success,143,False,
c3e3c148-06e2-4861-957e-dc3cbdf774c8,USR-0089,2024-01-23 13:45:00,face,0.8067,DEV-0050,New York,1,success,218,False,
09b7fdf7-7d8d-4ddd-acf1-49cb4f1e1a37,USR-0042,2024-01-23 13:46:00,face,0.8259,DEV-0025,Manchester,1,success,231,False,
de431e06-e924-4069-80bb-ae526ec01269,USR-0023,2024-01-23 13:46:00,face,0.832,DEV-0004,Manchester,1,success,225,False,
682904ca-febf-4c56-9826-c4966ebb7a17,USR-0102,2024-01-23 13:56:00,voice,0.6427,DEV-0032,New York,1,success,154,False,
93efe8f0-395c-4d62-b3c7-fd751bb9d499,USR-0154,2024-01-23 13:57:00,keystroke_dynamics,0.8439,DEV-0030,New York,1,success,165,False,
6f8963b3-d5b5-424c-bd9e-599373230f23,USR-0151,2024-01-23 13:59:00,face,0.7735,DEV-0006,New York,1,success,158,False,
6e191042-370b-4063-9d90-e79eb888f6ed,USR-0016,2024-01-23 14:06:00,face,0.91,DEV-0001,New York,1,success,214,False,
49a5baeb-d1f4-4c8d-951b-1974de668dd0,USR-0068,2024-01-23 14:12:00,face,0.8546,DEV-0013,London,1,success,174,False,
0e165b12-9bdc-40d1-9cbf-7b8c74102d5d,USR-0038,2024-01-23 14:12:00,face,0.8531,DEV-0035,Manchester,1,success,205,False,
f1abf7a0-cd59-4b8c-a362-7835555df8c6,USR-0129,2024-01-23 14:16:00,voice,0.8378,DEV-0039,Manchester,1,success,185,False,
552dad08-c536-40a2-8850-4c6b12cd1aeb,USR-0129,2024-01-23 14:16:00,voice,0.4835,DEV-0039,Manchester,1,success,185,True,low_score_bypass
3cd5fd7f-49c1-4669-86b3-3fe61c76bdf6,USR-0021,2024-01-23 14:20:00,fingerprint,0.892,DEV-0020,Manchester,1,success,153,False,
da743152-627b-41a1-bfd6-f23232ffe294,USR-0012,2024-01-23 14:22:00,keystroke_dynamics,0.9029,DEV-0003,New York,1,success,205,False,
be332380-b7aa-43b6-a900-b66f6083bf88,USR-0117,2024-01-23 14:28:00,face,0.8884,DEV-0048,New York,1,success,132,False,
f79f8fa9-bd8c-4f4f-8fe2-75b124e72383,USR-0142,2024-01-23 14:35:00,face,0.8169,DEV-0013,Manchester,1,success,195,False,
1db14bfc-6f3a-4115-acb4-678c16120aa6,USR-0038,2024-01-23 14:35:00,voice,0.8709,DEV-0035,Manchester,1,success,130,False,
c53f1db3-d275-4d43-8451-7303e94d4fbe,USR-0053,2024-01-23 14:37:00,fingerprint,0.8498,DEV-0021,Manchester,1,success,222,False,
eb3cc270-e188-43d7-a573-dc3049b49625,USR-0108,2024-01-23 14:38:00,voice,0.7582,DEV-0010,London,1,success,160,False,
5f13e10b-ff7a-484d-bf96-dd35cca99089,USR-0062,2024-01-23 14:38:00,voice,0.8125,DEV-0038,Manchester,1,success,213,False,
ab132032-b2e1-4f66-b1f0-2ea8242f5829,USR-0068,2024-01-23 14:40:00,voice,0.8634,DEV-0045,London,1,success,184,False,
efd37a6d-0c74-4518-abf8-43df96f19d54,USR-0098,2024-01-23 14:42:00,voice,0.8781,DEV-0049,London,1,success,195,False,
25ee2f0f-76a3-4eb0-850c-71f44d08f416,USR-0095,2024-01-23 14:43:00,voice,0.6926,DEV-0010,London,1,success,196,False,
b7a63ca5-b08c-447d-ba74-7c443ebe066c,USR-0167,2024-01-23 14:44:00,voice,0.7738,DEV-0007,London,1,success,240,False,
a43366c9-7d3d-4b72-9f3e-c5721527b2ac,USR-0119,2024-01-23 14:46:00,voice,0.8873,DEV-0010,London,1,success,189,False,
744da236-5c7c-4778-874f-054fd2a5d216,USR-0098,2024-01-23 14:48:00,fingerprint,0.8629,DEV-0004,London,1,success,170,False,
108abb5c-018c-4313-a139-6d49713e9035,USR-0112,2024-01-23 14:50:00,face,0.7476,DEV-0046,London,1,success,144,False,
e2fb8d66-a892-4ad4-887f-e19cf7ba19f9,USR-0115,2024-01-23 14:51:00,fingerprint,0.7865,DEV-0007,New York,1,success,161,False,
df69a560-9baa-4785-b8f2-17f0b8314c26,USR-0112,2024-01-23 14:51:00,fingerprint,0.8416,DEV-0042,London,1,success,201,False,
c571f9ab-4158-4d90-b504-4d156fb138c2,USR-0113,2024-01-23 14:55:00,keystroke_dynamics,0.7656,DEV-0049,New York,1,success,185,False,
fe914b95-a0b6-4265-9120-6a372703c75d,USR-0131,2024-01-23 14:56:00,face,0.8193,DEV-0047,New York,1,success,170,False,
076c108d-214c-47b1-8cfc-64207192e443,USR-0073,2024-01-23 14:59:00,fingerprint,0.8488,DEV-0005,Manchester,1,success,209,False,
380a1bb7-d653-44bb-8bfc-a0caf1613bab,USR-0118,2024-01-23 15:03:00,voice,0.8309,DEV-0006,New York,1,success,138,False,
a9d500dd-2140-4672-a3b9-7f36c0793f64,USR-0158,2024-01-23 15:06:00,face,0.8706,DEV-0033,New York,1,success,192,False,
4d7d10f3-7d16-4638-a58a-83773da8b37a,USR-0119,2024-01-23 15:17:00,fingerprint,0.8328,DEV-0002,London,1,success,179,False,
5c0b9b10-a757-4b10-82f5-25b902ed73ce,USR-0028,2024-01-23 15:25:00,face,0.8986,DEV-0050,New York,1,success,235,False,
d97e8d3c-04c4-446a-a461-0160134d695a,USR-0055,2024-01-23 15:27:00,keystroke_dynamics,0.8392,DEV-0044,London,1,success,246,False,
98507072-7f44-4bca-9d3a-e1311b388581,USR-0078,2024-01-23 15:41:00,voice,0.8198,DEV-0030,Manchester,1,success,158,False,
e2d903c8-a61a-4d8e-abf7-240fccc62fed,USR-0051,2024-01-23 15:43:00,voice,0.8133,DEV-0029,London,1,success,147,False,
0d3f69ed-a8c5-4cca-82ae-cc90c5386208,USR-0134,2024-01-23 15:51:00,fingerprint,0.8797,DEV-0048,New York,1,success,217,False,
09b2eae6-54eb-4c91-b784-ae08758fc8fa,USR-0054,2024-01-23 15:55:00,face,0.7785,DEV-0037,New York,1,success,101,False,
dce61522-0632-418e-b0dd-be62aa35b738,USR-0054,2024-01-23 15:55:00,face,0.4962,DEV-0037,New York,1,success,101,True,low_score_bypass
1bf962a5-16c0-48e8-9e92-2cf1ba47680f,USR-0115,2024-01-23 15:57:00,voice,0.9158,DEV-0041,New York,1,success,205,False,
2e709838-0190-4620-99dc-abd056febfb9,USR-0017,2024-01-23 15:58:00,keystroke_dynamics,0.9168,DEV-0049,London,1,success,198,False,
a9230810-c346-44f9-8bed-0104929ea405,USR-0168,2024-01-23 16:02:00,keystroke_dynamics,0.7489,DEV-0001,Manchester,1,success,244,False,
425ca2e3-8682-462f-a8ae-013ac6807bb4,USR-0143,2024-01-23 16:03:00,voice,0.8116,DEV-0021,New York,1,success,166,False,
9f325c4c-0415-4961-bea7-ededcca0152e,USR-0182,2024-01-23 16:05:00,voice,0.8112,DEV-0015,New York,1,success,141,False,
8aa6b006-436a-4b9d-91c5-6a004bb13407,USR-0065,2024-01-23 16:08:00,voice,0.8714,DEV-0001,Manchester,1,success,247,False,
fbc8c77e-2933-4fc4-8918-a346c00c200c,USR-0053,2024-01-23 16:11:00,keystroke_dynamics,0.7274,DEV-0044,Manchester,1,success,154,False,
a6091ad0-b114-44aa-92f6-9081400564b8,USR-0070,2024-01-23 16:11:00,keystroke_dynamics,0.7965,DEV-0050,Manchester,1,success,139,False,
8ff01845-0f90-4d63-a8b4-9b00c86768b2,USR-0153,2024-01-23 16:12:00,face,0.7595,DEV-0001,New York,1,success,183,False,
aae50490-ecdc-4b27-9ed2-1b1584db01dd,USR-0174,2024-01-23 16:14:00,face,0.9728,DEV-0009,London,1,success,248,False,
848be725-da6b-4060-bdcc-4915934a85d9,USR-0145,2024-01-23 16:15:00,face,0.9205,DEV-0002,London,1,success,143,False,
0803ad31-4e1e-4f3d-a910-22b80d60e364,USR-0149,2024-01-23 16:23:00,face,0.8467,DEV-0021,Manchester,1,success,197,False,
a513964e-965a-493e-85b6-9e95cc009f08,USR-0156,2024-01-23 16:25:00,face,0.8219,DEV-0022,London,1,success,144,False,
3c20592f-c04a-46c4-b3b6-3fe1d1843324,USR-0006,2024-01-23 16:30:00,voice,0.8627,DEV-0003,New York,1,success,135,False,
a0017720-200b-4903-8642-6c458d03f17a,USR-0024,2024-01-23 16:40:00,fingerprint,0.6782,DEV-0032,London,1,success,139,False,
76c5a0dc-7e7e-4419-a0c1-4035c5d95f51,USR-0018,2024-01-23 16:45:00,face,0.8089,DEV-0026,New York,1,success,174,False,
1b9ec5f9-dd41-4a67-9c37-5254a8fc5690,USR-0068,2024-01-23 16:57:00,fingerprint,0.8375,DEV-0034,London,1,success,218,False,
223bd9be-b11c-420e-a9fd-197204105bd1,USR-0101,2024-01-23 16:58:00,keystroke_dynamics,0.7425,DEV-0017,New York,1,success,163,False,
13ad3ead-816e-4f32-a077-5ce4151f62f9,USR-0076,2024-01-23 17:06:00,voice,0.7001,DEV-0027,London,1,success,181,False,
04621030-5afc-46a6-9229-13f100f3e866,USR-0068,2024-01-23 17:06:00,fingerprint,0.8375,DEV-0034,Singapore,1,success,218,True,geo_jump
e4917f7d-91c4-4efc-bcb8-96bb68c0cbef,USR-0048,2024-01-23 17:08:00,fingerprint,0.833,DEV-0012,Manchester,1,success,138,False,
b850b440-1c8c-4498-a7ad-595bdc739cbc,USR-0167,2024-01-23 17:10:00,fingerprint,0.8088,DEV-0010,London,1,success,231,False,
f75efed8-2d6b-4953-8fea-d84ec98cfd48,USR-0070,2024-01-23 17:12:00,voice,0.7636,DEV-0037,Manchester,1,success,224,False,
f220eeb5-6760-4abd-bf31-0f21c87b17d9,USR-0107,2024-01-23 17:17:00,keystroke_dynamics,0.728,DEV-0022,New York,1,success,134,False,
36ca9390-96a2-479d-a576-d828f5517659,USR-0107,2024-01-23 17:17:00,keystroke_dynamics,0.5327,DEV-0022,New York,1,success,134,True,low_score_bypass
1cb9b73a-906d-4c8c-aad0-8c8913fe8a29,USR-0029,2024-01-23 17:17:00,keystroke_dynamics,0.7257,DEV-0025,London,1,success,134,False,
9a5c68ad-aeb0-4110-ac13-b24990d22d54,USR-0102,2024-01-23 17:19:00,voice,0.8724,DEV-0015,New York,1,success,183,False,
5133577b-4651-4173-8d0e-391db9272714,USR-0137,2024-01-23 17:36:00,voice,0.8669,DEV-0009,New York,1,success,182,False,
60042231-36c3-4e85-8bae-295e902a405c,USR-0066,2024-01-23 17:47:00,keystroke_dynamics,0.8087,DEV-0025,London,1,success,227,False,
8a5a4272-5f90-4e57-a472-2a76f7c90c89,USR-0101,2024-01-23 18:02:00,voice,0.9339,DEV-0042,New York,1,success,175,False,
e8b3d763-f4ff-4f3a-8d9d-baeb553d2625,USR-0031,2024-01-23 18:03:00,face,0.8003,DEV-0007,London,1,success,186,False,
35eaede0-ea83-456b-bd8c-93df41515f1e,USR-0200,2024-01-23 18:04:00,face,0.9151,DEV-0010,London,1,success,218,False,
cd04c001-56a3-4ccc-893c-9cc6668b28da,USR-0057,2024-01-23 18:05:00,keystroke_dynamics,0.7605,DEV-0009,Manchester,1,success,154,False,
0b3d6dc9-616f-460a-8ce3-77d760f11528,USR-0070,2024-01-23 18:06:00,face,0.7437,DEV-0025,Manchester,1,success,188,False,
f69f239b-578e-411f-adb4-6c7fe6d1fe21,USR-0132,2024-01-23 18:14:00,keystroke_dynamics,0.8346,DEV-0047,New York,1,success,190,False,
d24e4a96-f3b6-45ae-b8c7-f2360a6119f6,USR-0175,2024-01-23 18:16:00,face,0.3069,DEV-0010,London,1,success,224,True,low_score_bypass
4bfaa29e-032d-496d-a537-68573749af64,USR-0175,2024-01-23 18:16:00,face,0.811,DEV-0010,London,1,success,224,False,
72c573e9-58c5-4875-a56c-0a56f05ff9c3,USR-0096,2024-01-23 18:29:00,face,0.7682,DEV-0003,New York,1,success,174,False,
f28bf846-3b50-4fda-b875-b1c777243aa3,USR-0073,2024-01-23 18:33:00,voice,0.8677,DEV-0020,Manchester,1,success,218,False,
f5d68c8f-299c-4d73-8295-f5c984d77929,USR-0149,2024-01-23 18:37:00,voice,0.8336,DEV-0042,Manchester,1,success,224,False,
beb64fd8-ffc4-495b-8bc1-35a9503fe053,USR-0184,2024-01-23 18:38:00,keystroke_dynamics,0.8885,DEV-0014,London,1,success,125,False,
cf35fdb9-bdf1-4708-a6c0-df52f71de9c5,USR-0170,2024-01-23 18:41:00,keystroke_dynamics,0.7736,DEV-0004,London,1,success,175,False,
e3157b34-62f5-43b1-a8cd-ea8a7710199d,USR-0199,2024-01-23 18:43:00,voice,0.9532,DEV-0045,Manchester,1,success,204,False,
4de5f4af-f278-45f6-8c49-f33a1c5d9fe9,USR-0137,2024-01-23 18:55:00,voice,0.7912,DEV-0003,New York,1,success,190,False,
553a2bad-148a-4202-a8cf-20c875453946,USR-0182,2024-01-23 19:03:00,face,0.9106,DEV-0041,New York,1,success,195,False,
bf733026-9664-4ca5-a460-2d314e9f67a7,USR-0178,2024-01-23 19:04:00,keystroke_dynamics,0.8901,DEV-0044,New York,1,success,170,False,
73fe7e1d-f36d-4b13-9f53-4d9aa7faf009,USR-0094,2024-01-23 19:11:00,voice,0.8429,DEV-0033,Manchester,1,success,127,False,
54231dbe-2ba6-4158-a5ae-cf37a9d1a28e,USR-0051,2024-01-23 19:13:00,face,0.8513,DEV-0022,London,1,success,176,False,
5b6a8102-0428-4378-bf50-23f440ef3935,USR-0021,2024-01-23 19:19:00,fingerprint,0.8067,DEV-0044,Manchester,1,success,168,False,
b1d81887-4739-4c7b-bff3-0c8d83ff3e96,USR-0036,2024-01-23 19:23:00,voice,0.8489,DEV-0026,New York,1,success,201,False,
697c3923-87fa-441a-be83-b91f25440fe0,USR-0012,2024-01-23 19:29:00,fingerprint,0.8595,DEV-0019,New York,1,success,260,False,
b67cb2ac-94dc-4c97-8891-4d9982183bb9,USR-0150,2024-01-23 19:35:00,fingerprint,0.8897,DEV-0012,New York,1,success,172,False,
e950419d-f89c-491d-9280-9c97a1f76e1c,USR-0185,2024-01-23 19:36:00,keystroke_dynamics,0.8396,DEV-0048,London,1,success,186,False,
86cac6f4-e238-4e93-bd17-c5e8d5ca69ab,USR-0019,2024-01-23 19:40:00,face,0.8234,DEV-0048,Manchester,1,success,201,False,
29fb832c-cbe6-4571-b622-e18ee83bcc84,USR-0070,2024-01-23 19:42:00,fingerprint,0.7584,DEV-0050,Manchester,1,success,165,False,
80cfb1db-1287-4313-8f02-6c2c1b414999,USR-0058,2024-01-23 19:42:00,voice,0.8385,DEV-0027,New York,1,success,136,False,
0496122f-5525-40d1-88d4-0d840b653f5f,USR-0077,2024-01-23 19:47:00,keystroke_dynamics,0.5318,DEV-0001,Manchester,1,success,220,True,low_score_bypass
00f2baa4-931b-4fae-a42e-3a16e79503fb,USR-0077,2024-01-23 19:47:00,keystroke_dynamics,0.7953,DEV-0001,Manchester,1,success,220,False,
010e4265-ad3f-4dd4-8496-26ba30c9a2be,USR-0048,2024-01-23 19:50:00,keystroke_dynamics,0.9154,DEV-0045,Manchester,1,success,202,False,
1ff49f0a-9435-4cb1-b24a-f3fba016db34,USR-0103,2024-01-23 19:53:00,fingerprint,0.9622,DEV-0034,London,1,success,235,False,
90208d23-86ff-46f2-a970-1e00520fc3e7,USR-0177,2024-01-23 19:56:00,fingerprint,0.8876,DEV-0036,Manchester,1,success,244,False,
ee481499-c096-4be4-a755-978de5341283,USR-0077,2024-01-23 19:59:00,keystroke_dynamics,0.7953,DEV-0001,Berlin,1,success,220,True,geo_jump
b0c07fcc-96ad-44df-adf7-5924c5b8386b,USR-0035,2024-01-23 20:07:00,face,0.8204,DEV-0027,New York,1,success,153,False,
80fa3363-7497-47d9-8346-93d1ca67d562,USR-0126,2024-01-23 20:10:00,voice,0.7188,DEV-0046,New York,1,success,213,False,
4b657bcc-b041-4f19-bbe7-18354e8bf78a,USR-0043,2024-01-23 20:17:00,voice,0.8881,DEV-0034,London,1,success,135,False,
45e49a9e-5128-4026-bf5e-fb6bcdf40137,USR-0106,2024-01-23 20:23:00,keystroke_dynamics,0.7309,DEV-0038,Manchester,1,success,98,False,
6f6335bf-6ecf-4ab4-bfc7-6f6ab9465130,USR-0185,2024-01-23 20:25:00,voice,0.9059,DEV-0016,London,1,success,151,False,
48769153-c688-43fe-9255-5c758d55119e,USR-0031,2024-01-23 20:43:00,face,0.8711,DEV-0043,London,1,success,174,False,
bf00f56c-6a49-49a6-8ee2-5e54bfcb3388,USR-0066,2024-01-23 20:45:00,voice,0.7558,DEV-0026,London,1,success,248,False,
e645bb00-d3e6-4c21-b10b-394d6021a15b,USR-0100,2024-01-23 20:50:00,keystroke_dynamics,0.7883,DEV-0049,New York,1,success,234,False,
ccb1063d-25a7-4338-aab9-278d92dfcf99,USR-0083,2024-01-23 20:50:00,face,0.684,DEV-0018,New York,1,success,165,False,
cf1ca021-6431-4fc2-a946-4f3f514f6fd9,USR-0153,2024-01-23 20:57:00,face,0.7777,DEV-0023,New York,1,success,169,False,
5ae0bb5a-7977-43fe-b4cc-721462b215ad,USR-0156,2024-01-23 21:09:00,voice,0.9105,DEV-0025,London,1,success,139,False,
d0713654-25cb-49de-8add-f902c46ea4cd,USR-0190,2024-01-23 21:10:00,face,0.7441,DEV-0043,London,1,success,255,False,
d0ef1299-250b-4c5a-90e0-8a8175ea1023,USR-0118,2024-01-23 21:10:00,fingerprint,0.8756,DEV-0040,New York,1,success,164,False,
c35d8f64-418a-4089-ba7d-e9617927a136,USR-0131,2024-01-23 21:10:00,face,0.8453,DEV-0023,New York,1,success,134,False,
70869a45-4a8a-4b17-b09a-083a0c9ea060,USR-0070,2024-01-23 21:12:00,keystroke_dynamics,0.7835,DEV-0007,Manchester,1,success,139,False,
145d2f7e-f057-412b-945e-b87f0eff6a6b,USR-0149,2024-01-23 21:15:00,keystroke_dynamics,0.8153,DEV-0033,Manchester,1,success,201,False,
910c4cb7-25f0-4b0a-a64e-f59d6a18e5af,USR-0045,2024-01-23 21:22:00,fingerprint,0.8433,DEV-0038,Manchester,1,success,190,False,
1139fa12-34c1-43ea-bd9c-4e6404015ced,USR-0030,2024-01-23 21:22:00,voice,0.7736,DEV-0009,Manchester,1,success,196,False,
39b02e2a-d96e-484f-bdb0-174e7938878a,USR-0030,2024-01-23 21:30:00,voice,0.8236,DEV-0016,Manchester,1,success,191,False,
1417c2f9-eb91-431a-9eb0-5b4a1b4ffd5f,USR-0059,2024-01-23 21:31:00,keystroke_dynamics,0.8194,DEV-0011,Manchester,1,success,192,False,
1deb979d-8d0b-46d7-ad91-f45623b13ebd,USR-0083,2024-01-23 21:32:00,voice,0.7257,DEV-0009,New York,1,success,223,False,
6319629b-d73e-4bb9-8f9c-a17b8db8dadf,USR-0045,2024-01-23 21:42:00,voice,0.7438,DEV-0021,Manchester,1,success,248,False,
0a2cbb1b-e70c-4274-9930-300a07006af3,USR-0152,2024-01-23 21:46:00,voice,0.7999,DEV-0047,Manchester,1,success,174,False,
0ea66dbf-a011-48d8-8630-419c40c71862,USR-0156,2024-01-23 21:50:00,face,0.7755,DEV-0003,London,1,success,212,False,
2504fd28-de6a-4459-a980-f6ff266c47fb,USR-0070,2024-01-23 21:55:00,face,0.9198,DEV-0026,Manchester,1,success,192,False,
1e42d2b8-0067-4b62-b18c-d979fab0a15d,USR-0071,2024-01-23 21:59:00,face,0.7759,DEV-0020,London,1,success,174,False,
5b5dc6ed-ef45-49fb-9955-5d44b245e656,USR-0012,2024-01-24 02:17:00,keystroke_dynamics,0.913,DEV-0008,New York,1,success,140,True,off_hours
0577f0c3-925b-4545-a090-9a10fb0f79e5,USR-0174,2024-01-24 02:54:00,fingerprint,0.9007,DEV-0038,London,1,success,155,True,off_hours
18f67e0c-bd28-48b0-86e2-e0802a0f31e4,USR-0167,2024-01-24 03:14:00,keystroke_dynamics,0.8019,DEV-0010,London,1,success,213,True,off_hours
c2cb0bc7-f032-4337-a10d-27dcbf153b90,USR-0057,2024-01-24 04:44:00,face,0.6961,DEV-0012,Manchester,1,success,181,True,off_hours
3457c8d7-5236-44ef-8d8b-10518af35cd2,USR-0195,2024-01-24 07:04:00,keystroke_dynamics,0.7297,DEV-0032,Manchester,1,success,196,False,
78428071-2eb3-4f6a-83f2-6a392653de2b,USR-0130,2024-01-24 07:07:00,face,0.8108,DEV-0020,New York,1,success,197,False,
ae2e7dd2-19a2-4602-a8a3-d3a35fdd67bb,USR-0172,2024-01-24 07:13:00,fingerprint,0.8083,DEV-0032,New York,1,success,167,False,
73b0d676-3527-45c8-8534-ca08f6f24d1c,USR-0041,2024-01-24 07:15:00,face,0.7984,DEV-0019,Manchester,1,success,192,False,
461e24a3-f2fb-494a-bd29-6f9c7d6af5c4,USR-0017,2024-01-24 07:25:00,keystroke_dynamics,0.4262,DEV-0015,London,9,success,171,True,rapid_retry
5024bdc6-dcb3-4df3-93ee-cdc6ebd14d2c,USR-0017,2024-01-24 07:25:00,keystroke_dynamics,0.7611,DEV-0015,London,1,success,171,False,
fa75b5fc-7921-40b3-aa0a-8302276f8e0d,USR-0137,2024-01-24 07:28:00,face,0.417,DEV-0047,New York,1,success,261,True,low_score_bypass
d03a9ed2-515a-4eea-af69-a1cfc19666e9,USR-0137,2024-01-24 07:28:00,face,0.7013,DEV-0047,New York,1,success,261,False,
8dda4ff2-b27b-4bb4-a8c6-90b230a2cee8,USR-0044,2024-01-24 07:29:00,keystroke_dynamics,0.8314,DEV-0046,London,1,success,197,False,
18a440bd-1c47-40a5-9270-2b29a41247a2,USR-0065,2024-01-24 07:31:00,voice,0.8093,DEV-0022,Manchester,1,success,143,False,
a3209116-222d-46a4-8163-b6ce1877bc06,USR-0041,2024-01-24 07:35:00,keystroke_dynamics,0.7905,DEV-0017,Manchester,1,success,168,False,
ea98fef8-d0d7-4e37-bbf2-025f4a0d2b73,USR-0030,2024-01-24 07:37:00,face,0.8913,DEV-0008,Manchester,1,success,208,False,
cf5c8dd3-df10-4434-ab09-6202f77aefe1,USR-0095,2024-01-24 07:43:00,keystroke_dynamics,0.7715,DEV-0034,London,1,success,171,False,
6cbdd931-2f90-4058-b9ca-28265af56a23,USR-0075,2024-01-24 07:44:00,keystroke_dynamics,0.7302,DEV-0024,London,1,success,143,False,
97fa7f04-8363-4007-9cae-9610c72c1fe3,USR-0016,2024-01-24 07:45:00,face,0.8096,DEV-0034,New York,1,success,215,False,
0f9027d5-90f0-447c-b4af-80050ba24c4f,USR-0125,2024-01-24 07:46:00,face,0.8678,DEV-0013,London,1,success,246,False,
09ab99a3-658c-42ee-b1c4-6ef9db13f2ec,USR-0110,2024-01-24 07:47:00,face,0.84,DEV-0034,Manchester,1,success,126,False,
373aedf8-431e-430f-8387-f74d1149d096,USR-0038,2024-01-24 07:47:00,fingerprint,0.758,DEV-0017,Manchester,1,success,195,False,
89ef698a-ca46-439f-93ba-dc3ecc5bf684,USR-0168,2024-01-24 07:51:00,face,0.7846,DEV-0046,Manchester,1,success,175,False,
1c66021e-1a79-4ec1-9def-b7bb945094c8,USR-0135,2024-01-24 07:56:00,fingerprint,0.9354,DEV-0034,Manchester,1,success,141,False,
e0b55615-d3b6-4f1b-b4f7-6d09739cafa5,USR-0070,2024-01-24 07:59:00,face,0.8154,DEV-0032,Manchester,1,success,112,False,
0f5c365a-27e8-4b87-9c7b-f8eb4969b2a1,USR-0130,2024-01-24 08:03:00,fingerprint,0.7529,DEV-0043,New York,1,success,205,False,
cf767343-fced-4994-9631-c383303014d0,USR-0042,2024-01-24 08:05:00,fingerprint,0.8611,DEV-0046,Manchester,1,success,253,False,
0d31812e-30c3-4756-9453-f867b97e6224,USR-0030,2024-01-24 08:06:00,fingerprint,0.8435,DEV-0001,Manchester,1,success,159,False,
676cf539-c9be-43d7-ab1b-0f5260ae9b09,USR-0196,2024-01-24 08:07:00,voice,0.7258,DEV-0043,Manchester,1,success,229,False,
cb53f0be-5e7b-4866-9270-54706a7be8b1,USR-0066,2024-01-24 08:24:00,face,0.7107,DEV-0009,London,1,success,156,False,
53cd6268-610c-4373-8299-9aa40cdf742b,USR-0008,2024-01-24 08:27:00,fingerprint,0.8229,DEV-0049,New York,1,success,146,False,
f48f709c-49a2-4441-8ac4-de854a5b1aff,USR-0026,2024-01-24 08:35:00,fingerprint,0.8249,DEV-0022,New York,1,success,121,False,
462e9af3-9962-4263-aabc-42b1059997f6,USR-0125,2024-01-24 08:40:00,fingerprint,0.8241,DEV-0043,London,1,success,185,False,
df9b141e-c7f7-4da1-bff1-5840207e863f,USR-0038,2024-01-24 08:42:00,keystroke_dynamics,0.8002,DEV-0013,Manchester,1,success,209,False,
5304317f-af42-412f-b838-b3268e944239,USR-0001,2024-01-24 08:43:00,voice,0.7536,DEV-0050,New York,1,success,132,False,
a127dc6b-ab9b-453d-b5f5-c65410c2c2e5,USR-0054,2024-01-24 08:45:00,fingerprint,0.7771,DEV-0038,New York,1,success,200,False,
b0d515ab-c891-455d-94c1-76b90ac013d5,USR-0064,2024-01-24 08:50:00,keystroke_dynamics,0.889,DEV-0043,New York,1,success,191,False,
36cdf42f-892c-4b33-99af-8224d7232ce3,USR-0090,2024-01-24 08:52:00,keystroke_dynamics,0.8746,DEV-0042,London,1,success,172,False,
b2b8d698-5dd0-455c-b986-f498b52f80c9,USR-0087,2024-01-24 08:54:00,fingerprint,0.7663,DEV-0039,Manchester,1,success,222,False,
8a1b0744-0be7-4352-a85c-0862e9e02d8d,USR-0170,2024-01-24 08:56:00,keystroke_dynamics,0.7644,DEV-0010,Manchester,1,success,169,False,
636f6e5c-2253-4706-87ad-8b268eaa5841,USR-0030,2024-01-24 08:57:00,voice,0.8326,DEV-0042,Manchester,1,success,160,False,
350b0860-095e-497c-a655-2e7f957fe29f,USR-0106,2024-01-24 09:13:00,voice,0.8323,DEV-0005,New York,1,success,148,False,
4da9b236-d15f-4acd-97df-c472e2fba2a1,USR-0188,2024-01-24 09:14:00,keystroke_dynamics,0.9243,DEV-0008,New York,1,success,140,False,
3e9639ba-0ed2-4c9d-bd17-5712d8b22277,USR-0038,2024-01-24 09:16:00,fingerprint,0.8478,DEV-0032,Manchester,1,success,125,False,
15f7ef61-da4e-404c-ba7e-1b86c1fad753,USR-0068,2024-01-24 09:16:00,keystroke_dynamics,0.8276,DEV-0030,London,1,success,161,False,
ec9a799e-1943-4791-b9b0-7ec4f93c8859,USR-0087,2024-01-24 09:24:00,fingerprint,0.7847,DEV-0005,Manchester,1,success,189,False,
bf3b1681-0e4d-464e-b97e-8bfbd3ec2149,USR-0130,2024-01-24 09:27:00,fingerprint,0.7526,DEV-0003,New York,1,success,261,False,
3810ae66-5a31-44cc-8d4b-69a99b689c88,USR-0013,2024-01-24 09:31:00,keystroke_dynamics,0.8143,DEV-0036,Manchester,1,success,191,False,
26996aab-daaf-4529-9eef-f82a0dd70158,USR-0048,2024-01-24 09:31:00,fingerprint,0.7508,DEV-0031,Manchester,1,success,225,False,
cc027d43-d622-4179-bb5a-d45d535322bf,USR-0191,2024-01-24 09:37:00,face,0.8672,DEV-0035,London,1,success,203,False,
f8ef32ee-ebac-42ef-8b2e-1eb3b523b1f3,USR-0134,2024-01-24 09:43:00,fingerprint,0.8212,DEV-0019,New York,1,success,215,False,
25f88c74-53ea-4919-9b48-62c2d5ff2a1f,USR-0041,2024-01-24 09:44:00,fingerprint,0.8749,DEV-0025,Manchester,1,success,158,False,
2904a6d6-e3e7-45ab-9c02-bc2935dbe396,USR-0092,2024-01-24 09:55:00,face,0.9012,DEV-0006,New York,1,success,161,False,
f5b0fa1c-b013-4951-a3db-2b6da8cfa238,USR-0168,2024-01-24 09:55:00,fingerprint,0.8576,DEV-0023,Manchester,1,success,234,False,
74773879-3eec-45dc-b660-302f477eb375,USR-0198,2024-01-24 09:57:00,voice,0.8618,DEV-0012,Manchester,1,success,238,False,
134c6c92-ec5b-427c-9fde-4fbf3ff350bf,USR-0003,2024-01-24 09:59:00,face,0.8328,DEV-0011,New York,1,success,130,False,
f413db19-bade-4d5d-afff-15ccb2dc6c34,USR-0038,2024-01-24 10:01:00,keystroke_dynamics,0.8558,DEV-0023,Manchester,1,success,142,False,
f11afc00-132b-4f36-9940-4d24eced9c30,USR-0125,2024-01-24 10:13:00,voice,0.7533,DEV-0007,London,1,success,133,False,
ce315937-34fa-42b6-9043-7e4c34e50699,USR-0036,2024-01-24 10:15:00,face,0.8061,DEV-0017,New York,1,success,238,False,
d9b59f84-edc3-41c3-adea-2d2d086c405f,USR-0032,2024-01-24 10:18:00,keystroke_dynamics,0.8008,DEV-0012,New York,1,success,186,False,
18deabfe-5172-44f0-a285-f766f9d46d34,USR-0162,2024-01-24 10:25:00,face,0.8911,DEV-0043,New York,1,success,215,False,
e21734c6-d36f-41c9-8caa-2cd36ae71db3,USR-0200,2024-01-24 10:29:00,voice,0.8648,DEV-0050,London,1,success,178,False,
db7be180-aac2-4afb-bc9d-b15bcb8553f6,USR-0188,2024-01-24 10:29:00,fingerprint,0.824,DEV-0023,New York,1,success,247,False,
93e0f235-4e80-410b-bd0e-e0b640f7924b,USR-0057,2024-01-24 10:30:00,voice,0.8476,DEV-0029,Manchester,1,success,187,False,
37bea260-c053-4253-9a1e-490d6894844f,USR-0163,2024-01-24 10:30:00,fingerprint,0.9019,DEV-0007,Manchester,1,success,178,False,
af051197-3ebb-45f1-b58d-aaee760fdd95,USR-0163,2024-01-24 10:40:00,fingerprint,0.839,DEV-0014,Manchester,1,success,234,False,
78202426-3134-4ab8-b9e8-d78149bb1313,USR-0096,2024-01-24 10:46:00,fingerprint,0.7975,DEV-0009,New York,1,success,127,False,
929daf9f-0149-42af-8ab1-a5041f8c56e0,USR-0054,2024-01-24 10:59:00,keystroke_dynamics,0.7367,DEV-0014,New York,1,success,115,False,
1b2ededb-8fc8-4fc0-83d5-bceb5edbb8ee,USR-0024,2024-01-24 11:06:00,face,0.7627,DEV-0034,London,1,success,196,False,
0ce87570-b4d6-43e6-9aa9-0d26ab636d66,USR-0096,2024-01-24 11:14:00,voice,0.936,DEV-0031,New York,1,success,190,False,
922b4fb2-1ca7-4972-bc6d-317323fbc01f,USR-0091,2024-01-24 11:23:00,keystroke_dynamics,0.8052,DEV-0017,New York,1,success,87,False,
47543604-aa9b-44ba-bb4f-068eecad122d,USR-0152,2024-01-24 11:23:00,keystroke_dynamics,0.8097,DEV-0050,Manchester,1,success,174,False,
8772df4a-15b1-44a6-b292-45ba7df6bc1d,USR-0123,2024-01-24 11:26:00,fingerprint,0.9703,DEV-0002,London,1,success,161,False,
1b2765f6-f383-44f7-addc-ac0a97206c66,USR-0094,2024-01-24 11:27:00,keystroke_dynamics,0.7807,DEV-0002,Manchester,1,success,98,False,
3b1d12cf-3b70-4092-98ab-182c3b1d0181,USR-0069,2024-01-24 11:42:00,keystroke_dynamics,0.7693,DEV-0043,Manchester,1,success,179,False,
31dae817-4937-490f-84a5-b18bcdcd0a34,USR-0058,2024-01-24 11:45:00,keystroke_dynamics,0.8132,DEV-0049,New York,1,success,188,False,
17ec889c-86c1-46cb-a996-30f7af77520e,USR-0019,2024-01-24 12:03:00,fingerprint,0.8522,DEV-0028,Manchester,1,success,144,False,
3d730c3b-bade-43a0-93a2-2a821458771d,USR-0122,2024-01-24 12:11:00,face,0.8698,DEV-0001,Manchester,1,success,143,False,
d56ce8ea-1959-4b5a-a7a8-f6366a35df59,USR-0014,2024-01-24 12:12:00,face,0.8325,DEV-0032,London,1,success,98,False,
216e9fe5-93f3-4596-8c1c-8b0556771f36,USR-0036,2024-01-24 12:16:00,voice,0.8484,DEV-0024,New York,1,success,142,False,
ceb7803e-c3fc-4c0e-95c2-c94db3fdc2b8,USR-0146,2024-01-24 12:17:00,face,0.7842,DEV-0007,London,1,success,184,False,
3fab0c74-bbbb-4ccc-8d8e-352b37328d15,USR-0154,2024-01-24 12:25:00,fingerprint,0.7939,DEV-0025,New York,1,success,212,False,
147f0413-b0c4-4ddc-b634-71f87b45bd9c,USR-0075,2024-01-24 12:28:00,fingerprint,0.8123,DEV-0019,London,1,success,145,False,
49a214ae-f7e8-48e5-8d2b-91efb8976ec5,USR-0016,2024-01-24 12:50:00,voice,0.8568,DEV-0037,New York,1,success,137,False,
6e9c92ba-bbb5-4037-9e23-faf9e66414db,USR-0108,2024-01-24 12:51:00,face,0.8071,DEV-0024,New York,1,success,35,False,
335dab46-85b3-45aa-8f54-6781a0733e57,USR-0090,2024-01-24 12:53:00,face,0.8774,DEV-0003,London,1,success,175,False,
c891c9c6-8952-4c51-9145-3eb78e59f579,USR-0119,2024-01-24 12:54:00,keystroke_dynamics,0.7681,DEV-0017,London,1,success,225,False,
30efcbd3-f3ce-48b7-b5b3-0874591c228f,USR-0133,2024-01-24 12:54:00,voice,0.7584,DEV-0018,New York,1,success,161,False,
41f83199-f4ea-4769-8366-c189cd8d9f75,USR-0058,2024-01-24 12:58:00,voice,0.7759,DEV-0001,New York,1,success,246,False,
f1faf665-7115-43f3-92e8-9d1028711733,USR-0012,2024-01-24 13:05:00,keystroke_dynamics,0.855,DEV-0039,New York,1,success,165,False,
90e0f4a0-fbdd-4933-8bd5-8bf61efd76e9,USR-0008,2024-01-24 13:11:00,face,0.7907,DEV-0009,New York,1,success,162,False,
92fbacf6-d5d1-4669-9c45-3357e8294a67,USR-0050,2024-01-24 13:13:00,face,0.8067,DEV-0023,Manchester,1,success,261,False,
9267e278-9bd7-49be-a265-eddaea02cc7d,USR-0050,2024-01-24 13:13:00,face,0.3272,DEV-0023,Manchester,1,success,261,True,low_score_bypass
a9c3640d-e411-49d7-9030-fb0c45d5aacb,USR-0094,2024-01-24 13:15:00,face,0.7728,DEV-0006,Manchester,1,success,188,False,
7a2f2c57-94ce-43b7-82fd-7e2d95eef403,USR-0167,2024-01-24 13:16:00,keystroke_dynamics,0.8311,DEV-0014,London,1,success,204,False,
3ee79d31-feef-41f8-a0b6-2f900adbc4ff,USR-0070,2024-01-24 13:19:00,face,0.8315,DEV-0002,Manchester,1,success,178,False,
dd7902fc-db61-4a80-a9f7-c6d1c6475ae2,USR-0140,2024-01-24 13:22:00,fingerprint,0.8389,DEV-0050,Manchester,1,success,188,False,
b5a5f8e6-b639-4f04-a852-4385d9f2dd0d,USR-0023,2024-01-24 13:22:00,keystroke_dynamics,0.7601,DEV-0021,Manchester,1,success,192,False,
b75901d0-3036-481c-80d9-8272e52e1409,USR-0191,2024-01-24 13:26:00,keystroke_dynamics,0.8278,DEV-0028,London,1,success,119,False,
94a1875d-2db6-4edb-82de-ffccf86c2ca2,USR-0006,2024-01-24 13:31:00,face,0.8189,DEV-0045,New York,1,success,139,False,
1b435fdc-41f4-4834-9cf5-d1fccd3a7e73,USR-0006,2024-01-24 13:31:00,face,0.626,DEV-0045,New York,14,success,139,True,rapid_retry
1f5df912-54e0-4431-8f13-3b65d450afa2,USR-0041,2024-01-24 13:33:00,face,0.9086,DEV-0027,Manchester,1,success,133,False,
9381ebb3-a7f2-407e-b821-947c43a7320c,USR-0154,2024-01-24 13:37:00,face,0.7475,DEV-0038,New York,1,success,196,False,
01bf9e73-3f80-4385-af92-40b652d78f10,USR-0028,2024-01-24 13:38:00,fingerprint,0.882,DEV-0013,Manchester,1,success,225,False,
f91e5fcd-85ec-4729-94dd-1b56435391b2,USR-0049,2024-01-24 13:47:00,face,0.8503,DEV-0016,New York,1,success,239,False,
46a56fe8-6f46-41b1-aace-1aa9103246b3,USR-0033,2024-01-24 13:50:00,voice,0.8087,DEV-0041,Manchester,1,success,216,False,
2e2d0681-a8b2-4070-9b18-72ac78c4c27f,USR-0143,2024-01-24 13:51:00,keystroke_dynamics,0.748,DEV-0038,New York,1,success,197,False,
5bbf785b-9ad7-4864-bd9a-b6d97d3635b9,USR-0170,2024-01-24 13:56:00,keystroke_dynamics,0.8017,DEV-0036,Manchester,1,success,232,False,
8d5a9549-34f3-4b8e-9891-e25c2418c7fd,USR-0152,2024-01-24 13:58:00,voice,0.9609,DEV-0032,Manchester,1,success,217,False,
11defebf-9e98-461d-88fe-bf6d199c8d94,USR-0054,2024-01-24 13:59:00,voice,0.8822,DEV-0046,New York,1,success,123,False,
667ae277-348f-4ce0-a03b-c183bd75f95c,USR-0104,2024-01-24 14:01:00,keystroke_dynamics,0.8004,DEV-0005,Manchester,1,success,133,False,
2c613d5c-8af4-4753-923f-128ee67882ae,USR-0178,2024-01-24 14:01:00,keystroke_dynamics,0.8574,DEV-0026,New York,1,success,212,False,
e716eb38-581f-43df-be71-bda810128b96,USR-0184,2024-01-24 14:07:00,fingerprint,0.8453,DEV-0049,London,1,success,147,False,
cf928274-9ffc-4f2b-9ea8-22bb57385567,USR-0184,2024-01-24 14:15:00,fingerprint,0.8453,DEV-0049,Singapore,1,success,147,True,geo_jump
6b15c11b-b113-450b-9ea0-50c6eb9ed274,USR-0034,2024-01-24 14:22:00,fingerprint,0.8008,DEV-0015,New York,1,success,251,False,
09624ec9-e803-42eb-b677-7be4970c9eb4,USR-0055,2024-01-24 14:24:00,face,0.7542,DEV-0028,London,1,success,120,False,
a2ded1de-c302-40d5-a214-5243f5d23fc6,USR-0163,2024-01-24 14:28:00,keystroke_dynamics,0.8605,DEV-0011,Manchester,1,success,203,False,
62524390-52a3-469d-8906-9da96d3b867c,USR-0152,2024-01-24 14:38:00,fingerprint,0.85,DEV-0048,Manchester,1,success,100,False,
282fbcce-8e25-4e3d-a1cc-06e5a03a5196,USR-0186,2024-01-24 14:43:00,keystroke_dynamics,0.9008,DEV-0018,Manchester,1,success,194,False,
f5239f95-6ac6-4272-8875-7d0612037b06,USR-0164,2024-01-24 14:47:00,fingerprint,0.7813,DEV-0050,Manchester,1,success,150,False,
a8cdf44d-7b74-4440-97db-4c2f1e158e2f,USR-0057,2024-01-24 14:48:00,keystroke_dynamics,0.7682,DEV-0040,Manchester,1,success,178,False,
4603c9ee-d463-4183-a231-72118578b1c6,USR-0055,2024-01-24 14:48:00,face,0.8148,DEV-0036,London,1,success,201,False,
dcb9d394-e8ac-44c4-b6b9-824010416cbc,USR-0119,2024-01-24 14:50:00,fingerprint,0.7881,DEV-0015,London,1,success,164,False,
bf3c4c06-4343-48bc-89fa-6a688fb5d27b,USR-0001,2024-01-24 14:52:00,fingerprint,0.8068,DEV-0049,New York,1,success,194,False,
edcb8cb6-0692-4c63-9424-aed51bac5c15,USR-0008,2024-01-24 14:53:00,voice,0.8518,DEV-0050,New York,1,success,237,False,
28719b9b-db8f-4e32-adef-50031fce01e3,USR-0036,2024-01-24 14:56:00,fingerprint,0.7774,DEV-0025,New York,1,success,129,False,
e6e987ca-b87b-4384-9fdd-de2ea8a2b7ad,USR-0024,2024-01-24 15:00:00,fingerprint,0.7812,DEV-0001,London,1,success,148,False,
d0e6e660-7c69-4ee1-bb5e-4bcf15ed6269,USR-0002,2024-01-24 15:03:00,voice,0.7648,DEV-0004,New York,1,success,241,False,
e6ef3a0b-dd1e-4932-b5cd-dc34920ee451,USR-0178,2024-01-24 15:07:00,keystroke_dynamics,0.8049,DEV-0031,New York,1,success,203,False,
b46788bd-d38e-43e4-8de1-087bafa14a55,USR-0041,2024-01-24 15:13:00,face,0.8143,DEV-0035,Manchester,1,success,108,False,
8855817d-3112-4678-b08c-523dcb7e717c,USR-0106,2024-01-24 15:13:00,face,0.7947,DEV-0014,New York,1,success,204,False,
5cce5ba9-31d4-4e09-8fd3-3afc91fdfa4f,USR-0024,2024-01-24 15:15:00,fingerprint,0.893,DEV-0030,London,1,success,240,False,
e835f080-d951-4f98-a79f-2f429256d707,USR-0061,2024-01-24 15:17:00,keystroke_dynamics,0.8896,DEV-0014,London,1,success,218,False,
3016cecc-9b9a-4a55-aff7-45a064ea1dd3,USR-0128,2024-01-24 15:17:00,face,0.7806,DEV-0026,Manchester,1,success,230,False,
30a900ad-939b-462d-a645-f129629c2ae3,USR-0006,2024-01-24 15:21:00,voice,0.8614,DEV-0045,New York,1,success,163,False,
9a7fde23-af59-4a66-a75b-21134f62cc9d,USR-0094,2024-01-24 15:23:00,voice,0.7448,DEV-0019,Manchester,1,success,171,False,
1d7af727-ac13-44e8-a109-18c950168bd5,USR-0181,2024-01-24 15:26:00,face,0.5839,DEV-0050,Manchester,15,success,161,True,rapid_retry
1706c3cd-da44-4dee-94dd-bff40d81339d,USR-0181,2024-01-24 15:26:00,face,0.7197,DEV-0050,Manchester,1,success,161,False,
a7dc2bc0-bd9c-4693-b6ca-1127e9f87970,USR-0039,2024-01-24 15:26:00,fingerprint,0.8421,DEV-0050,Manchester,1,success,95,False,
6e3f683a-bf3c-4140-bf54-a51101fa964e,USR-0017,2024-01-24 15:27:00,keystroke_dynamics,0.7748,DEV-0015,London,1,success,168,False,
a83db2df-e4aa-412a-a682-13c7a525dcd0,USR-0143,2024-01-24 15:32:00,face,0.8612,DEV-0018,New York,1,success,154,False,
f0b5156b-b82c-4074-afd5-dea589d7fd6c,USR-0006,2024-01-24 15:48:00,face,0.8215,DEV-0013,New York,1,success,199,False,
6dda4f8d-cea6-4f4c-b9e5-8ff092f837d4,USR-0017,2024-01-24 16:00:00,voice,0.8321,DEV-0042,London,1,success,222,False,
8f3dc97f-e6b0-4a0a-b98f-5dbe15aede0f,USR-0033,2024-01-24 16:02:00,fingerprint,0.7956,DEV-0023,Manchester,1,success,207,False,
cb08587d-1963-426d-ae21-8b099afd4015,USR-0016,2024-01-24 16:15:00,face,0.8246,DEV-0004,New York,1,success,128,False,
f395c213-79ee-42c0-aa7a-907d41f3f1b9,USR-0117,2024-01-24 16:17:00,keystroke_dynamics,0.8177,DEV-0008,New York,1,success,212,False,
300a491a-faa1-4736-bee6-b06e37f7a96a,USR-0133,2024-01-24 16:21:00,keystroke_dynamics,0.8579,DEV-0037,New York,1,success,133,False,
8fddbebc-f7ff-48d4-b509-f08a2c988bca,USR-0043,2024-01-24 16:23:00,fingerprint,0.8924,DEV-0006,London,1,success,211,False,
8db7c020-7e8d-4bb3-b932-b23322c1d7a1,USR-0117,2024-01-24 16:25:00,keystroke_dynamics,0.8177,DEV-0008,Berlin,1,success,212,True,geo_jump
3e39bf9b-e9b8-43ea-a456-d76756ff66fd,USR-0164,2024-01-24 16:25:00,face,0.7691,DEV-0014,Manchester,1,success,127,False,
73e88db6-9e23-43d0-b491-5c14a30b669c,USR-0062,2024-01-24 16:28:00,face,0.7788,DEV-0016,Manchester,1,success,122,False,
2e740569-5346-405c-b60c-2dd39d4e42f2,USR-0100,2024-01-24 16:29:00,face,0.8155,DEV-0005,New York,1,success,172,False,
ca359116-e22d-4fbb-99f1-9675be32fa85,USR-0163,2024-01-24 16:29:00,fingerprint,0.8942,DEV-0009,Manchester,1,success,169,False,
b1fead13-f280-4f1d-9a6c-0db952171c88,USR-0033,2024-01-24 16:31:00,voice,0.8409,DEV-0023,Manchester,1,success,160,False,
1327f1bc-2784-478f-b84f-16b3a79fbfaf,USR-0012,2024-01-24 16:33:00,keystroke_dynamics,0.913,DEV-0008,New York,1,success,140,False,
decceaea-622b-4588-8275-da34881e40c6,USR-0161,2024-01-24 16:34:00,fingerprint,0.8432,DEV-0025,Manchester,1,success,180,False,
6714272a-d981-4a41-a1cc-233c9838d168,USR-0122,2024-01-24 16:35:00,voice,0.7698,DEV-0035,Manchester,1,success,215,False,
3c8aae87-9606-406a-98d5-4b7ec08bd631,USR-0100,2024-01-24 16:38:00,voice,0.8221,DEV-0016,New York,1,success,112,False,
e28065d7-bc49-4467-8f81-0db2bbc1686b,USR-0186,2024-01-24 16:38:00,voice,0.8589,DEV-0026,Manchester,1,success,181,False,
8c68720e-d787-463d-87b8-f95cb265a6c2,USR-0083,2024-01-24 16:43:00,fingerprint,0.7057,DEV-0045,New York,1,success,237,False,
7b6c7129-cd63-4ba8-b03c-664b3abf9c65,USR-0057,2024-01-24 16:46:00,keystroke_dynamics,0.7609,DEV-0020,Manchester,1,success,187,False,
1122e28f-6c18-4b52-b3b9-66e28eaa0112,USR-0193,2024-01-24 16:48:00,fingerprint,0.8085,DEV-0005,Manchester,1,success,155,False,
57cc6c2a-b61c-47e8-9c58-a3bea1ac78c9,USR-0083,2024-01-24 16:48:00,fingerprint,0.7057,DEV-0045,Berlin,1,success,237,True,geo_jump
94047909-d81c-41a0-b7bb-a2aa178a8c73,USR-0090,2024-01-24 16:50:00,keystroke_dynamics,0.7843,DEV-0013,London,1,success,155,False,
af32baf8-811d-44af-a8ca-7483dc0e3375,USR-0057,2024-01-24 16:52:00,voice,0.7186,DEV-0023,Manchester,1,success,161,False,
4fa3baf6-48f3-48ba-a697-64976cfb6acc,USR-0160,2024-01-24 17:01:00,face,0.8765,DEV-0045,Manchester,1,success,183,False,
e9366a85-3a46-4be3-9255-a4de9330ba83,USR-0054,2024-01-24 17:03:00,face,0.8393,DEV-0024,New York,1,success,179,False,
32f194d8-2fcb-4dce-86de-e37b7d15c353,USR-0108,2024-01-24 17:05:00,voice,0.9833,DEV-0038,New York,1,success,213,False,
ec4014c6-da60-49f3-8e40-b29426b94955,USR-0093,2024-01-24 17:07:00,keystroke_dynamics,0.8038,DEV-0033,Manchester,1,success,118,False,
a7668617-78db-4de3-8a28-4792ffaca645,USR-0055,2024-01-24 17:12:00,keystroke_dynamics,0.877,DEV-0012,London,1,success,189,False,
c9ea356a-7abf-4ebf-942c-b1ae19f738cb,USR-0044,2024-01-24 17:20:00,fingerprint,0.8401,DEV-0014,London,1,success,173,False,
75b17a55-d426-4982-a43e-4288a2b5b498,USR-0008,2024-01-24 17:25:00,voice,0.7078,DEV-0006,New York,1,success,165,False,
e6cfcbd8-79d2-4001-ad6b-8a4e18a70609,USR-0057,2024-01-24 17:29:00,face,0.6961,DEV-0012,Manchester,1,success,181,False,
bb0084fa-3822-451b-9b00-f1a0d2ed3196,USR-0127,2024-01-24 17:34:00,fingerprint,0.8587,DEV-0048,New York,1,success,185,False,
520b7950-dee4-454b-8afc-13fb6e8f19bc,USR-0194,2024-01-24 17:35:00,face,0.7849,DEV-0021,Manchester,1,success,226,False,
fcea545a-c066-48e4-b013-b8e468729600,USR-0191,2024-01-24 17:37:00,keystroke_dynamics,1.0,DEV-0046,London,1,success,181,False,
9642b052-5379-4279-8cb5-062589a06a99,USR-0108,2024-01-24 17:37:00,fingerprint,0.8797,DEV-0029,New York,1,success,190,False,
69d1b037-0385-4534-b23b-be88d478f5dc,USR-0108,2024-01-24 17:37:00,fingerprint,0.5221,DEV-0029,New York,17,success,190,True,rapid_retry
dd088545-92c6-4b94-b5f3-405dda2bf1b7,USR-0174,2024-01-24 17:37:00,voice,0.8566,DEV-0002,London,1,success,178,False,
603ecfef-2141-4a14-9acc-b00ddb3fb4a2,USR-0077,2024-01-24 17:37:00,face,0.7839,DEV-0021,Manchester,1,success,154,False,
67e2020e-f11f-4e97-b546-1a1c5a5a5dac,USR-0180,2024-01-24 17:42:00,face,0.8117,DEV-0003,London,1,success,226,False,
73d39457-b25f-43df-b8d4-9848702ba49f,USR-0035,2024-01-24 17:52:00,voice,0.8927,DEV-0006,New York,1,success,190,False,
dd2fb568-ce02-4728-9712-288a7bd64d37,USR-0153,2024-01-24 17:54:00,keystroke_dynamics,0.7397,DEV-0016,New York,1,success,204,False,
b85f164b-6160-4399-9307-3198bc3eb402,USR-0069,2024-01-24 17:54:00,fingerprint,0.8909,DEV-0039,Manchester,1,success,273,False,
c8ebe27a-23a4-470e-9dbc-15c02a7dc57c,USR-0036,2024-01-24 17:59:00,face,0.8382,DEV-0032,New York,1,success,208,False,
2b5997f2-c447-4e3f-8525-c1b4f73c6a1f,USR-0157,2024-01-24 18:00:00,face,0.7681,DEV-0013,London,1,success,207,False,
cab21438-8557-4c6c-8a23-b722c2afba28,USR-0112,2024-01-24 18:09:00,face,0.8034,DEV-0005,London,1,success,165,False,
7cd0129d-2e8d-4e87-9334-20e6d9d80b8d,USR-0008,2024-01-24 18:09:00,keystroke_dynamics,0.8243,DEV-0042,New York,1,success,160,False,
b34c6c73-5833-4b30-ac77-6e950b981ccd,USR-0029,2024-01-24 18:14:00,keystroke_dynamics,0.7921,DEV-0043,London,1,success,175,False,
a4d78f64-1fb0-46cc-a529-2f568fa09a4c,USR-0099,2024-01-24 18:22:00,face,0.7914,DEV-0037,New York,1,success,247,False,
8e5fd65f-536c-42d0-9b63-205fcbf85149,USR-0074,2024-01-24 18:24:00,voice,0.7979,DEV-0041,London,1,success,188,False,
89b3889d-46aa-4714-97ba-a888a3beb445,USR-0168,2024-01-24 18:25:00,keystroke_dynamics,0.8334,DEV-0016,Manchester,1,success,120,False,
01a25ed1-c3ab-45f1-8c6b-7074ab102c9b,USR-0031,2024-01-24 18:26:00,fingerprint,0.766,DEV-0017,London,1,success,205,False,
85c53910-93f6-4723-81d2-3a76ca179780,USR-0057,2024-01-24 18:28:00,keystroke_dynamics,0.8717,DEV-0031,Manchester,1,success,123,False,
b3133c8e-9ec6-495e-a1f2-17be39f99c64,USR-0139,2024-01-24 18:32:00,voice,0.6965,DEV-0038,Manchester,1,success,211,False,
e9d6bb7e-361d-4014-b114-56de301c8db3,USR-0045,2024-01-24 18:33:00,voice,0.7458,DEV-0030,Manchester,1,success,184,False,
9d47172c-ab01-4101-bb32-aadb1f41c851,USR-0005,2024-01-24 18:34:00,face,0.4678,DEV-0032,London,10,success,203,True,rapid_retry
a2607723-17a0-4f49-8d01-280fd89a40c0,USR-0005,2024-01-24 18:34:00,face,0.8109,DEV-0032,London,1,success,203,False,
3e72e402-3a43-47a1-b52d-ed780f94db38,USR-0167,2024-01-24 18:35:00,keystroke_dynamics,0.8019,DEV-0010,London,1,success,213,False,
b79ee140-1844-4abd-be41-635f150a5643,USR-0171,2024-01-24 18:35:00,voice,0.7806,DEV-0023,New York,1,success,224,False,
c55523ed-fe89-46c8-99cb-3540643ffdae,USR-0043,2024-01-24 18:38:00,voice,0.8934,DEV-0028,London,1,success,169,False,
ef2ddcc4-8df6-41da-9f07-c1a5dfc620ce,USR-0020,2024-01-24 18:40:00,keystroke_dynamics,0.7313,DEV-0037,London,1,success,187,False,
3da34aca-1e07-44a8-828f-d8cb80189536,USR-0156,2024-01-24 18:43:00,keystroke_dynamics,0.7889,DEV-0035,Manchester,1,success,158,False,
a19ccc9a-b732-4e2b-94a4-2bf0b96a5305,USR-0192,2024-01-24 18:44:00,fingerprint,0.8083,DEV-0024,London,1,success,181,False,
ae7cfd14-7577-4730-868d-a4b2f613bda0,USR-0059,2024-01-24 18:47:00,face,0.8735,DEV-0034,Manchester,1,success,180,False,
c03832d0-4ab4-4a29-8dd5-16c85e8354da,USR-0162,2024-01-24 18:54:00,voice,0.8357,DEV-0008,New York,1,success,217,False,
e7094153-5a31-4916-aefb-2a2471693ed5,USR-0066,2024-01-24 18:57:00,face,0.775,DEV-0032,London,1,success,171,False,
a5b2c7ea-2947-4f54-973e-129c35f0b1be,USR-0056,2024-01-24 18:58:00,face,0.8509,DEV-0014,New York,1,success,146,False,
f5b79271-a10d-4956-8634-caf6950506dd,USR-0145,2024-01-24 19:01:00,keystroke_dynamics,0.8236,DEV-0049,London,1,success,184,False,
68e0c800-9e48-4e45-a904-ee42884526f5,USR-0181,2024-01-24 19:06:00,voice,0.7236,DEV-0029,Manchester,1,success,200,False,
b1f0b429-d54f-4d02-b976-c6377e9716ad,USR-0174,2024-01-24 19:08:00,fingerprint,0.9007,DEV-0038,London,1,success,155,False,
57bcad3a-d0a1-4fe8-9f64-2a5317cba85d,USR-0051,2024-01-24 19:14:00,voice,0.7427,DEV-0023,London,1,success,191,False,
def3306a-f998-43f2-b799-fddb79e546e7,USR-0061,2024-01-24 19:17:00,face,0.922,DEV-0044,London,1,success,163,False,
c88a618e-fed4-457d-bb02-6576f512c4c3,USR-0004,2024-01-24 19:20:00,keystroke_dynamics,0.8011,DEV-0039,London,1,success,210,False,
7a5cd426-5c1f-4f7b-81c4-dda8ccbf1dfe,USR-0170,2024-01-24 19:22:00,face,0.7898,DEV-0023,Manchester,1,success,139,False,
19991b39-180a-4e01-8677-36bc258675e9,USR-0140,2024-01-24 19:25:00,keystroke_dynamics,0.8159,DEV-0043,Manchester,1,success,123,False,
640445a1-87e7-499b-8600-8f33814671a1,USR-0140,2024-01-24 19:25:00,keystroke_dynamics,0.596,DEV-0043,Manchester,14,success,123,True,rapid_retry
0ab2e2ca-73a5-4d2e-8e1e-7525e957967a,USR-0101,2024-01-24 19:27:00,fingerprint,0.8099,DEV-0014,New York,1,success,204,False,
da948cdf-6637-4dc7-91f4-48bb28802cff,USR-0132,2024-01-24 19:31:00,face,0.8136,DEV-0012,New York,1,success,244,False,
1027fbf7-3877-40f0-9d99-d4c5cc96bf43,USR-0078,2024-01-24 19:31:00,keystroke_dynamics,0.7994,DEV-0033,Manchester,1,success,165,False,
3eaf5f08-28c5-41e3-a8ac-4518eb8f54d8,USR-0163,2024-01-24 19:39:00,face,0.8625,DEV-0007,Manchester,1,success,211,False,
d62c4be4-9302-45dc-84e5-eddd771d030f,USR-0175,2024-01-24 19:42:00,keystroke_dynamics,0.8844,DEV-0011,London,1,success,212,False,
1dd03ecd-0595-49a3-ac00-46f07957595f,USR-0095,2024-01-24 19:44:00,face,0.9481,DEV-0010,London,1,success,191,False,
8c6ef4cd-f9d6-4e8e-bd61-de15ae53719c,USR-0175,2024-01-24 19:49:00,keystroke_dynamics,0.8844,DEV-0011,Berlin,1,success,212,True,geo_jump
095ffa81-40d9-4bce-b930-ba208b040f49,USR-0021,2024-01-24 19:49:00,keystroke_dynamics,0.8652,DEV-0036,Manchester,1,success,195,False,
7fb0b7b6-5b43-4e1a-b26a-cdeaa6662e73,USR-0166,2024-01-24 19:53:00,fingerprint,0.8551,DEV-0013,Manchester,1,success,182,False,
b67333e0-8ceb-424f-9eca-85b31c7378e6,USR-0171,2024-01-24 19:58:00,fingerprint,0.683,DEV-0009,New York,1,success,171,False,
edda1677-4e08-4b81-ac4d-6c0037abaaf8,USR-0122,2024-01-24 20:00:00,voice,0.9348,DEV-0030,Manchester,1,success,127,False,
d27e5846-4c7f-4cd6-b032-97d2a911610c,USR-0173,2024-01-24 20:08:00,keystroke_dynamics,0.7974,DEV-0047,Manchester,1,success,190,False,
bf4d4bd8-7222-4838-85cf-dce6e7b4dcd3,USR-0168,2024-01-24 20:15:00,keystroke_dynamics,0.7845,DEV-0006,Manchester,1,success,193,False,
5b80b8d1-8788-4fed-b8c0-4ed8fdd4ff21,USR-0042,2024-01-24 20:24:00,voice,0.7884,DEV-0026,Manchester,1,success,235,False,
fa3f012e-4d71-4f28-a185-21ab9ea1e617,USR-0093,2024-01-24 20:27:00,keystroke_dynamics,0.819,DEV-0035,Manchester,1,success,226,False,
c8ddd9bb-b42e-4714-a515-81bad206e99a,USR-0134,2024-01-24 20:33:00,fingerprint,0.8906,DEV-0016,New York,1,success,127,False,
e2eed64b-82f4-4196-9a41-c57f4bf70dc6,USR-0128,2024-01-24 20:33:00,keystroke_dynamics,0.7892,DEV-0014,Manchester,1,success,215,False,
55082167-2ff5-4dab-aaa9-46d411c7c76c,USR-0139,2024-01-24 20:34:00,voice,0.8277,DEV-0043,Manchester,1,success,205,False,
802b1bf4-b8ff-415c-9727-20fa73a27c7b,USR-0070,2024-01-24 20:36:00,fingerprint,0.7737,DEV-0044,Manchester,1,success,244,False,
53ed75f6-3ec7-4cca-b031-e2cd1687819b,USR-0168,2024-01-24 20:37:00,keystroke_dynamics,0.8303,DEV-0048,Manchester,1,success,134,False,
cd75e6de-c19d-4186-b3c7-a1a88d15baef,USR-0086,2024-01-24 20:39:00,keystroke_dynamics,0.8718,DEV-0028,London,1,success,112,False,
b5b453ca-3d42-493c-8c9f-d3349bdf0377,USR-0011,2024-01-24 20:42:00,face,0.8625,DEV-0022,London,1,success,157,False,
5fa5e0aa-9b11-4530-bd24-7c11bf6b8cdf,USR-0028,2024-01-24 20:44:00,fingerprint,0.7938,DEV-0019,Manchester,1,success,175,False,
d96da200-d947-472a-9c61-3985596ed71c,USR-0130,2024-01-24 20:46:00,voice,0.9243,DEV-0009,New York,1,success,197,False,
730ad7de-27af-4ff9-87f8-9f6211a1e557,USR-0065,2024-01-24 20:49:00,voice,0.7846,DEV-0013,Manchester,1,success,161,False,
4a229ba5-925f-4cc6-9e9d-2f8a1ef11a27,USR-0098,2024-01-24 20:54:00,face,0.866,DEV-0009,London,1,success,163,False,
61a11729-3cb9-4350-9b4d-a0fe7bb38605,USR-0012,2024-01-24 20:58:00,voice,0.81,DEV-0040,New York,1,success,185,False,
178cb5a0-3b66-4afa-bcf8-b9130ed40264,USR-0147,2024-01-24 21:02:00,voice,0.8044,DEV-0015,London,1,success,184,False,
cb505aa3-0c4a-4f81-a1c2-e70c629153bf,USR-0171,2024-01-24 21:09:00,fingerprint,0.8844,DEV-0021,New York,1,success,214,False,
dca02eec-acda-4acc-9165-e21098543881,USR-0004,2024-01-24 21:11:00,voice,0.8227,DEV-0026,London,1,success,153,False,
df996726-5c36-4f5c-a23f-3abf0441e22c,USR-0117,2024-01-24 21:18:00,face,0.8263,DEV-0014,New York,1,success,186,False,
ac8d8f32-1477-4569-ae1a-b11ad1550475,USR-0184,2024-01-24 21:19:00,keystroke_dynamics,0.8896,DEV-0038,London,1,success,234,False,
fa42156e-972e-423e-b1ed-f3d3668f5032,USR-0088,2024-01-24 21:22:00,keystroke_dynamics,0.8238,DEV-0027,London,1,success,165,False,
d10bf4dc-0de4-4af4-9347-94cc5d04032d,USR-0052,2024-01-24 21:28:00,keystroke_dynamics,0.8081,DEV-0029,Manchester,1,success,262,False,
33013b08-7b48-4db6-860f-01a54480d02d,USR-0135,2024-01-24 21:31:00,face,0.7963,DEV-0011,Manchester,1,success,192,False,
9d091856-4b3d-4578-8c69-a8cae32ffec3,USR-0174,2024-01-24 21:34:00,voice,0.8674,DEV-0021,London,1,success,200,False,
cc351e4f-703e-457f-b5ab-8466b5578b00,USR-0033,2024-01-24 21:40:00,fingerprint,0.8251,DEV-0047,Manchester,1,success,147,False,
8373edf3-dec9-4438-884f-f1a7af481fc0,USR-0126,2024-01-24 21:46:00,face,0.8431,DEV-0024,New York,1,success,211,False,
01bb819c-4dfe-4117-a2af-711f1b628a9d,USR-0033,2024-01-24 21:46:00,voice,0.6637,DEV-0014,Manchester,1,success,187,False,
33bcb8a9-c71d-4564-8992-b886c8f216c1,USR-0072,2024-01-24 21:47:00,keystroke_dynamics,0.7604,DEV-0009,New York,1,success,185,False,
4ccb2355-39d1-47ff-b27e-1442fd7fe973,USR-0032,2024-01-24 21:53:00,voice,0.8304,DEV-0028,New York,1,success,189,False,
91b76c45-d9b8-4389-ac16-ddb7fd93754a,USR-0111,2024-01-24 21:55:00,face,0.8244,DEV-0013,Manchester,1,success,227,False,
51ffdef6-b660-4a31-b8b8-9fc4e47172b1,USR-0178,2024-01-24 21:59:00,fingerprint,0.797,DEV-0035,New York,1,success,166,False,
d0f64c6d-fa2b-4ff7-a3b7-aaf692dd8487,USR-0191,2024-01-24 21:59:00,fingerprint,0.8347,DEV-0028,London,1,success,135,False,
6df3be7a-af61-4ae1-83a3-5aed33440c51,USR-0113,2024-01-25 02:00:00,face,0.7845,DEV-0003,New York,1,success,193,True,off_hours
36d25823-9b35-4089-829e-588250d3b1d6,USR-0061,2024-01-25 02:51:00,fingerprint,0.8326,DEV-0018,London,1,success,136,True,off_hours
f3310760-87e6-4238-ad59-2953e24297fc,USR-0044,2024-01-25 03:09:00,face,0.7078,DEV-0014,London,1,success,164,True,off_hours
a48339f7-c703-4a4c-b150-f94fe2f2cf57,USR-0167,2024-01-25 07:02:00,voice,0.8423,DEV-0050,London,1,success,180,False,
737ea52f-6d15-4b06-961c-9af39f021a19,USR-0106,2024-01-25 07:08:00,keystroke_dynamics,0.8156,DEV-0031,Manchester,1,success,148,False,
497bc13b-d2de-447d-8455-d60e69958fd1,USR-0090,2024-01-25 07:10:00,fingerprint,0.8991,DEV-0011,London,1,success,125,False,
f9c3ee05-0012-4399-a7af-55453d3fec1b,USR-0058,2024-01-25 07:15:00,keystroke_dynamics,0.73,DEV-0022,New York,1,success,148,False,
1eb74b56-53ff-43a2-8a19-35014169b9fc,USR-0017,2024-01-25 07:19:00,keystroke_dynamics,0.8263,DEV-0044,London,1,success,177,False,
f33685da-c380-4b4a-bdc4-2f12fe9bd0e1,USR-0093,2024-01-25 07:19:00,keystroke_dynamics,0.8027,DEV-0017,Manchester,1,success,189,False,
ac1cfcfc-f1c0-46ba-95ff-7d9dbd5a0760,USR-0172,2024-01-25 07:20:00,face,0.828,DEV-0044,New York,1,success,155,False,
288f3435-c3b5-44db-9387-03c92b29bf36,USR-0048,2024-01-25 07:37:00,face,0.8168,DEV-0022,Manchester,1,success,140,False,
6491982b-e5ad-481d-977f-4c1626d658fb,USR-0069,2024-01-25 07:42:00,fingerprint,0.8209,DEV-0007,Manchester,1,success,141,False,
002f4aee-a308-41ea-8f36-7c1b9a6ff965,USR-0171,2024-01-25 07:45:00,face,0.8204,DEV-0030,London,1,success,136,False,
f0636972-c737-427a-9e34-106afa902bfb,USR-0127,2024-01-25 07:49:00,fingerprint,0.8367,DEV-0050,New York,1,success,192,False,
a28defe3-9bf0-4273-9247-6f57a5e5a5ab,USR-0001,2024-01-25 07:55:00,fingerprint,0.8819,DEV-0010,New York,1,success,217,False,
33b70b63-4bee-4160-bfac-89fe5fe0c7c3,USR-0112,2024-01-25 07:57:00,fingerprint,0.8165,DEV-0020,London,1,success,171,False,
bcf2fc3b-d958-44c2-a053-8c1ba84510a1,USR-0040,2024-01-25 07:58:00,voice,0.8317,DEV-0023,New York,1,success,149,False,
39bfc9b6-47ba-48aa-b2f9-4b2c8e10814f,USR-0069,2024-01-25 08:00:00,fingerprint,0.8818,DEV-0018,Manchester,1,success,211,False,
9cf116dc-c4b0-4ad1-b037-e34da8bb81dc,USR-0194,2024-01-25 08:12:00,face,0.8544,DEV-0015,Manchester,1,success,182,False,
61652fd3-41dd-4edf-acfa-a174ba059e68,USR-0113,2024-01-25 08:14:00,keystroke_dynamics,0.7396,DEV-0010,New York,1,success,160,False,
7e6ae55c-502c-46f1-864d-10e38e738520,USR-0137,2024-01-25 08:14:00,keystroke_dynamics,0.8429,DEV-0008,New York,1,success,178,False,
ebc1bb52-82e4-4d4a-943a-c1c54f560ed5,USR-0038,2024-01-25 08:15:00,face,0.8506,DEV-0032,Manchester,1,success,221,False,
0f0e5767-606f-4a15-b76c-432eb4428cde,USR-0118,2024-01-25 08:17:00,face,0.7918,DEV-0035,Manchester,1,success,224,False,
81b83de2-ec07-4a4c-8f72-8efc3187dc09,USR-0200,2024-01-25 08:18:00,voice,0.934,DEV-0025,London,1,success,193,False,
3385db3b-e893-486d-a3fb-6609334b92a2,USR-0104,2024-01-25 08:25:00,face,0.7822,DEV-0006,Manchester,1,success,202,False,
ff70abaa-80e5-4b3d-90be-35ee397e241d,USR-0150,2024-01-25 08:32:00,keystroke_dynamics,0.8679,DEV-0014,New York,1,success,180,False,
6b579789-4bb4-4889-b900-5224851031c0,USR-0097,2024-01-25 08:34:00,face,0.7731,DEV-0033,New York,1,success,214,False,
aa000756-52e0-434e-a505-a2b69dd3c15a,USR-0133,2024-01-25 08:39:00,fingerprint,0.8595,DEV-0047,New York,1,success,189,False,
19dad534-be2b-4dee-b848-c332ee1caec8,USR-0151,2024-01-25 08:43:00,fingerprint,0.8343,DEV-0042,New York,1,success,129,False,
1d2d1771-6e3d-4494-9675-c8f3104c6350,USR-0096,2024-01-25 08:48:00,face,0.9718,DEV-0014,New York,1,success,140,False,
b8525de3-e916-4e82-8116-8b7efa9f4841,USR-0173,2024-01-25 08:53:00,keystroke_dynamics,0.8791,DEV-0024,Manchester,1,success,211,False,
b69b8391-e4ee-4f51-9ce8-5b7d0761dc0c,USR-0156,2024-01-25 08:53:00,keystroke_dynamics,0.7058,DEV-0042,Manchester,1,success,160,False,
39590149-077f-4e36-9a4d-67db9e33bdbc,USR-0137,2024-01-25 09:01:00,face,0.8447,DEV-0031,New York,1,success,243,False,
8365d2cf-173b-4226-84d9-ea2dcb56eb48,USR-0157,2024-01-25 09:02:00,keystroke_dynamics,0.7294,DEV-0025,London,1,success,152,False,
a395b867-7397-41a1-b641-940591cbbc49,USR-0108,2024-01-25 09:04:00,fingerprint,0.8298,DEV-0005,New York,1,success,239,False,
3f91c419-e846-49df-b373-35549e204ac7,USR-0093,2024-01-25 09:08:00,voice,0.8872,DEV-0004,Manchester,1,success,191,False,
f5946de4-ad9e-492f-9b02-7f54ae5b4ff8,USR-0184,2024-01-25 09:15:00,keystroke_dynamics,0.8979,DEV-0031,London,1,success,205,False,
87935334-fc20-494e-bf7d-a45e35221344,USR-0162,2024-01-25 09:19:00,keystroke_dynamics,0.8597,DEV-0034,New York,1,success,200,False,
23a13e20-7fd2-45ee-ac48-436668bd80d7,USR-0034,2024-01-25 09:23:00,keystroke_dynamics,0.859,DEV-0015,New York,1,success,119,False,
1f115b76-d92c-4227-aadf-50853fcb7546,USR-0006,2024-01-25 09:30:00,keystroke_dynamics,0.9177,DEV-0018,New York,1,success,124,False,
7bb775d4-9172-4023-89b1-85d6fa6d81ee,USR-0075,2024-01-25 09:30:00,face,0.8715,DEV-0048,London,1,success,202,False,
3acb43a3-d2c7-4ffb-a118-433b882ccd1e,USR-0030,2024-01-25 09:31:00,fingerprint,0.8082,DEV-0009,Manchester,1,success,173,False,
1836a027-2050-4d45-8b16-f0a7f6fa16a1,USR-0171,2024-01-25 09:31:00,keystroke_dynamics,0.8243,DEV-0008,London,1,success,175,False,
10f1bc81-448a-4a9e-a6b2-bc5b50c187fc,USR-0001,2024-01-25 09:32:00,fingerprint,0.8417,DEV-0041,New York,1,success,154,False,
1b5d3449-8abe-4e04-a7ee-dfe95c72e5ca,USR-0034,2024-01-25 09:35:00,keystroke_dynamics,0.859,DEV-0015,Berlin,1,success,119,True,geo_jump
2f981e44-ca78-4f58-adec-4b0d529b3b96,USR-0136,2024-01-25 09:41:00,face,0.7248,DEV-0050,London,1,success,171,False,
6786d506-38ba-4abc-8b53-05e517d2582e,USR-0009,2024-01-25 09:50:00,fingerprint,0.7133,DEV-0018,Manchester,1,success,239,False,
6b52f93c-2321-464e-a20d-4a1f479f6628,USR-0041,2024-01-25 10:06:00,face,0.8445,DEV-0012,Manchester,1,success,167,False,
56c76990-7401-43c1-8155-aa51bca2c581,USR-0097,2024-01-25 10:07:00,keystroke_dynamics,0.8034,DEV-0048,New York,1,success,153,False,
7ff5475c-d83f-4f4f-ac0b-fe69d0c29b24,USR-0174,2024-01-25 10:12:00,face,0.8396,DEV-0019,London,1,success,175,False,
7a114e56-12e2-4c2a-94e4-339da9a9cef7,USR-0130,2024-01-25 10:16:00,voice,0.7946,DEV-0023,New York,1,success,149,False,
e988a44d-b9ca-4928-9e2d-22f6080fc9b3,USR-0083,2024-01-25 10:16:00,face,0.4566,DEV-0027,New York,1,success,185,True,low_score_bypass
e24c724b-e453-44c2-b037-f0b710ccf85f,USR-0083,2024-01-25 10:16:00,face,0.8906,DEV-0027,New York,1,success,185,False,
25637cc3-ca97-4bf5-95d5-96afa663d2cd,USR-0020,2024-01-25 10:42:00,voice,0.9494,DEV-0011,London,1,success,155,False,
e606d7c2-1e18-446d-ae42-1840a05f36c8,USR-0070,2024-01-25 10:42:00,fingerprint,0.7426,DEV-0012,Manchester,1,success,174,False,
7f6bf62c-a1c1-4b96-baab-d9f2850b7073,USR-0071,2024-01-25 10:43:00,keystroke_dynamics,0.7123,DEV-0046,London,1,success,166,False,
4708b42e-8d4e-46c5-8409-10e29bf072e7,USR-0167,2024-01-25 10:53:00,fingerprint,0.7815,DEV-0004,London,1,success,98,False,
11730df2-2956-42c6-8bac-fa4aef1e4acf,USR-0131,2024-01-25 11:01:00,keystroke_dynamics,0.8442,DEV-0034,New York,1,success,106,False,
8914bc96-5cb2-4033-b5e0-edd684c62e4b,USR-0153,2024-01-25 11:08:00,face,0.7065,DEV-0014,New York,1,success,177,False,
109efb40-8ceb-4c57-97e3-23cf6d651847,USR-0071,2024-01-25 11:09:00,face,0.9027,DEV-0018,London,1,success,184,False,
98197749-f041-44f7-8e8f-d00b178976de,USR-0077,2024-01-25 11:10:00,face,0.8264,DEV-0023,Manchester,1,success,166,False,
046606f6-3c7a-412d-aafd-3660e5199bd9,USR-0197,2024-01-25 11:11:00,fingerprint,0.8484,DEV-0027,London,1,success,167,False,
43d88870-f81d-4aa1-8812-0a8e78308930,USR-0012,2024-01-25 11:15:00,voice,0.8791,DEV-0008,London,1,success,171,False,
c6a28e4e-002f-4ca4-b43e-85315dfb1922,USR-0065,2024-01-25 11:18:00,voice,0.7717,DEV-0026,Manchester,1,success,223,False,
4e2da257-8074-41ed-8ea4-ae7336955a61,USR-0167,2024-01-25 11:18:00,face,0.8903,DEV-0012,London,1,success,184,False,
9d1c0838-edc8-4ca8-a3bc-d6f3b18d2c8c,USR-0043,2024-01-25 11:20:00,voice,0.848,DEV-0025,London,1,success,240,False,
47503f1d-c33a-4f6c-9d69-1fba5e187b24,USR-0017,2024-01-25 11:21:00,voice,0.9642,DEV-0038,London,1,success,177,False,
ab13b31a-a4f1-4126-ae0c-2cb51f63ed1f,USR-0017,2024-01-25 11:21:00,voice,0.3888,DEV-0038,London,1,success,177,True,low_score_bypass
cdba8621-da62-4307-9753-ba9908087cc4,USR-0065,2024-01-25 11:24:00,voice,0.7717,DEV-0026,Singapore,1,success,223,True,geo_jump
be9dd48c-bbc0-48ed-b2dc-80ee0447b659,USR-0172,2024-01-25 11:27:00,keystroke_dynamics,0.8096,DEV-0030,New York,1,success,134,False,
c4196c8a-c44f-42a8-9a4a-96aee987cfb2,USR-0153,2024-01-25 11:34:00,voice,0.7264,DEV-0050,New York,1,success,264,False,
8c1046bf-24b3-4794-a93d-b7fa8e8ded45,USR-0179,2024-01-25 11:43:00,fingerprint,0.8392,DEV-0016,New York,1,success,175,False,
cd853347-3457-4c7f-af5d-b99c85f3cb12,USR-0155,2024-01-25 11:55:00,voice,0.8604,DEV-0048,New York,1,success,132,False,
af5235bc-f8ab-43f4-b2f9-ade159debc39,USR-0192,2024-01-25 11:59:00,voice,0.8488,DEV-0036,London,1,success,201,False,
1093a05b-f26b-4379-ab32-dc3a03a4bf4b,USR-0165,2024-01-25 12:07:00,face,0.7741,DEV-0050,Manchester,1,success,108,False,
fabb6609-7de1-4a85-91c4-194a70c98336,USR-0077,2024-01-25 12:07:00,face,0.8376,DEV-0030,Manchester,1,success,189,False,
6b382a0a-231d-460b-b362-cd559b0ada0b,USR-0049,2024-01-25 12:14:00,voice,0.771,DEV-0039,Manchester,1,success,183,False,
71a91c81-4eee-4680-b0ba-8fe363ff910d,USR-0111,2024-01-25 12:22:00,voice,0.9051,DEV-0006,Manchester,1,success,191,False,
4684833e-19dd-4b90-8839-c8e410db5fdc,USR-0139,2024-01-25 12:27:00,face,0.8445,DEV-0014,Manchester,1,success,203,False,
189ac35d-aa5f-49ca-9bea-530d219c00cb,USR-0094,2024-01-25 12:28:00,keystroke_dynamics,0.8431,DEV-0002,Manchester,1,success,208,False,
418860b9-2d3e-454b-8799-c04bf71925ae,USR-0127,2024-01-25 12:29:00,face,0.8514,DEV-0044,New York,1,success,147,False,
b062259e-524a-4652-8958-b354268e81b4,USR-0154,2024-01-25 12:31:00,keystroke_dynamics,0.8309,DEV-0018,New York,1,success,191,False,
c234af07-f3e0-4b1f-85df-9333de36992f,USR-0132,2024-01-25 12:34:00,keystroke_dynamics,0.9168,DEV-0007,New York,1,success,209,False,
7d8f2350-31c7-4a44-a4f8-f226830481c2,USR-0084,2024-01-25 12:38:00,fingerprint,0.8059,DEV-0012,New York,1,success,144,False,
15458478-5865-4721-bc25-7ff18fb30b07,USR-0162,2024-01-25 12:40:00,face,0.7489,DEV-0023,New York,1,success,167,False,
b8f73fad-9937-4931-8333-59b960857b5f,USR-0170,2024-01-25 12:43:00,fingerprint,0.784,DEV-0047,London,1,success,229,False,
f6c9dd38-06a2-474c-a102-56376f023006,USR-0121,2024-01-25 12:44:00,voice,0.8166,DEV-0038,New York,1,success,144,False,
8d814215-2d49-4058-9f84-e3c56daa8c7e,USR-0133,2024-01-25 12:46:00,keystroke_dynamics,0.6708,DEV-0012,New York,1,success,161,False,
a3b4a240-7f48-4536-9f2e-444a501bcf44,USR-0174,2024-01-25 12:48:00,keystroke_dynamics,0.885,DEV-0021,London,1,success,153,False,
3513a238-d91b-4a04-bcca-ba381e30614f,USR-0071,2024-01-25 12:54:00,fingerprint,0.8205,DEV-0041,London,1,success,170,False,
8129aa0c-40ef-4857-815f-566c0ba6aa86,USR-0093,2024-01-25 12:57:00,voice,0.8435,DEV-0044,Manchester,1,success,203,False,
5122f001-70e6-4474-8534-bd7686423a80,USR-0150,2024-01-25 12:58:00,face,0.7939,DEV-0031,New York,1,success,178,False,
8f040721-e5a5-429e-8b8c-1d76303c1503,USR-0086,2024-01-25 12:59:00,fingerprint,0.722,DEV-0039,London,1,success,163,False,
7dd12d57-0b84-4c50-96c1-b18366dc3989,USR-0099,2024-01-25 13:08:00,face,0.8988,DEV-0031,New York,1,success,142,False,
13974770-15bd-48ba-9caa-f6a5451ea1db,USR-0154,2024-01-25 13:11:00,keystroke_dynamics,0.7421,DEV-0043,New York,1,success,121,False,
a0152b5b-6c17-4150-9447-16cc4352acea,USR-0062,2024-01-25 13:14:00,fingerprint,0.7545,DEV-0030,Manchester,1,success,185,False,
fe07832a-badc-4599-9f7f-ae0c7ba79d05,USR-0068,2024-01-25 13:16:00,voice,0.9633,DEV-0033,London,1,success,227,False,
67cbfc39-f54f-4b92-8442-906f2e16f0b6,USR-0056,2024-01-25 13:18:00,face,0.823,DEV-0008,New York,1,success,210,False,
ea879f65-279c-458a-b21a-6d71782152e0,USR-0113,2024-01-25 13:19:00,face,0.8251,DEV-0035,New York,1,success,168,False,
cbbed980-07e6-4cb0-90bd-e9001529e6f5,USR-0036,2024-01-25 13:22:00,keystroke_dynamics,0.8121,DEV-0026,New York,1,success,213,False,
b2d7692a-eb70-4da9-8d66-d79dd0170108,USR-0073,2024-01-25 13:25:00,voice,0.809,DEV-0014,Manchester,1,success,134,False,
3bc5f97f-d173-470b-ac99-3c800b7d1856,USR-0068,2024-01-25 13:27:00,fingerprint,0.8085,DEV-0049,London,1,success,172,False,
a028dc87-d6fb-4a95-a9db-b362c0dfb921,USR-0194,2024-01-25 13:31:00,face,0.8473,DEV-0020,Manchester,1,success,139,False,
36a2c52b-0047-4139-985d-f528b4258e19,USR-0037,2024-01-25 13:33:00,fingerprint,0.7645,DEV-0007,Manchester,1,success,190,False,
f0fbdb65-a6a5-490a-81ad-e98a0c3838a5,USR-0097,2024-01-25 13:37:00,fingerprint,0.9136,DEV-0006,New York,1,success,101,False,
668b179f-7e11-43ab-91cf-c46bc037c059,USR-0187,2024-01-25 13:40:00,fingerprint,0.8358,DEV-0039,Manchester,1,success,189,False,
5a766ac4-0f4c-4562-aa71-295cf816ee8a,USR-0185,2024-01-25 13:40:00,face,0.7873,DEV-0009,London,1,success,199,False,
30385dd7-4c7d-4313-a6c6-81b0e4729be5,USR-0047,2024-01-25 13:44:00,voice,0.8207,DEV-0017,New York,1,success,294,False,
7c193e6f-496c-403a-86fd-01e69fd33d40,USR-0076,2024-01-25 13:46:00,voice,0.8035,DEV-0009,London,1,success,91,False,
42378962-e4fd-4c34-9670-7a2129dc073e,USR-0046,2024-01-25 13:49:00,keystroke_dynamics,0.7954,DEV-0016,Manchester,1,success,208,False,
1e9d8b00-ca0d-408e-ba90-2275c72bf2e8,USR-0166,2024-01-25 13:53:00,voice,0.8195,DEV-0050,Manchester,1,success,219,False,
e8780458-ab48-406d-ae8a-457fc712cf67,USR-0174,2024-01-25 13:54:00,fingerprint,0.7812,DEV-0011,London,1,success,213,False,
1ab9f662-1bc0-4912-8519-72c431d9dd32,USR-0131,2024-01-25 13:57:00,fingerprint,0.8476,DEV-0042,New York,1,success,174,False,
4251d2f0-20a8-4260-97a1-a2f67a139e90,USR-0122,2024-01-25 14:02:00,voice,0.8755,DEV-0022,Manchester,1,success,186,False,
b69f75c5-c82b-41be-a1eb-64e6fd498e20,USR-0041,2024-01-25 14:08:00,keystroke_dynamics,0.6948,DEV-0046,Manchester,1,success,156,False,
d61169a1-ff46-46bf-894d-916deb6d2fed,USR-0027,2024-01-25 14:11:00,face,0.8141,DEV-0014,London,1,success,180,False,
74eff545-3e65-4603-b8e3-654bfaf14ff0,USR-0011,2024-01-25 14:12:00,face,0.87,DEV-0009,London,1,success,198,False,
f7eae66e-ca6c-4f9b-8969-71018b2c550a,USR-0034,2024-01-25 14:14:00,fingerprint,0.8338,DEV-0017,New York,1,success,199,False,
b481acde-eeaf-4b56-99b6-5b6b6ef1d60c,USR-0153,2024-01-25 14:14:00,fingerprint,0.8208,DEV-0044,New York,1,success,179,False,
6bbdb66f-9181-4091-96c6-f45cdc5e4e78,USR-0038,2024-01-25 14:15:00,fingerprint,0.8378,DEV-0013,Manchester,1,success,198,False,
9c83cfae-1050-4d65-b897-3d1553199080,USR-0162,2024-01-25 14:15:00,face,0.7434,DEV-0041,New York,1,success,216,False,
ba0371f9-90ed-41d3-af44-4cf56f089155,USR-0090,2024-01-25 14:16:00,keystroke_dynamics,0.9595,DEV-0020,London,1,success,158,False,
62e0adf7-a315-4bbb-adb2-31a2cfcc2abd,USR-0142,2024-01-25 14:23:00,face,0.7922,DEV-0045,Manchester,1,success,195,False,
3ab09847-6f43-47cc-9bc2-b4b46a40e733,USR-0027,2024-01-25 14:23:00,face,0.8141,DEV-0014,Lagos,1,success,180,True,geo_jump
db992f51-c433-43bd-99cc-86568a03be43,USR-0122,2024-01-25 14:24:00,voice,0.8487,DEV-0042,Manchester,1,success,156,False,
61d15db2-a67a-470a-9175-3cd1dd69cf6b,USR-0119,2024-01-25 14:27:00,fingerprint,0.7954,DEV-0043,London,1,success,137,False,
0038dc84-a3ed-433a-a722-2ea2261b5048,USR-0077,2024-01-25 14:35:00,keystroke_dynamics,0.6769,DEV-0008,Manchester,1,success,209,False,
ca77736e-80fd-463d-b3d3-6295ee6bcb89,USR-0125,2024-01-25 14:35:00,face,0.7986,DEV-0002,London,1,success,245,False,
ab0b4cc5-15f0-4a19-98c1-80d2aadf3692,USR-0044,2024-01-25 14:36:00,face,0.7291,DEV-0006,London,1,success,192,False,
5d1c1906-1090-4c9d-ab31-71dcfa549893,USR-0088,2024-01-25 14:44:00,face,0.9335,DEV-0047,London,1,success,144,False,
6c8073b7-76a8-4a27-88e6-1f32f01f333c,USR-0149,2024-01-25 14:45:00,face,0.8093,DEV-0009,Manchester,1,success,210,False,
d4bf7a4b-25b8-442f-836b-15c7e7c225da,USR-0020,2024-01-25 15:01:00,keystroke_dynamics,0.8184,DEV-0046,London,1,success,142,False,
6e4c1501-808f-4cb9-a59d-12db268f090a,USR-0138,2024-01-25 15:04:00,voice,0.8482,DEV-0037,London,1,success,184,False,
51071545-fc5b-44bd-85b1-49a096867676,USR-0090,2024-01-25 15:04:00,fingerprint,0.7598,DEV-0034,London,1,success,166,False,
1238d630-743b-45a2-9c0f-2fcfb3f6fe0d,USR-0009,2024-01-25 15:07:00,voice,0.7983,DEV-0028,Manchester,1,success,226,False,
0614ac41-275c-45dc-afa0-8cbebf343ca7,USR-0054,2024-01-25 15:11:00,fingerprint,0.8952,DEV-0041,New York,1,success,162,False,
903506bb-ef6d-4fc6-afbd-f3690636f35e,USR-0197,2024-01-25 15:17:00,keystroke_dynamics,0.929,DEV-0039,London,1,success,233,False,
18a73d94-a13e-466d-96c6-d99779fe7ccc,USR-0061,2024-01-25 15:24:00,fingerprint,0.8326,DEV-0018,London,1,success,136,False,
b4209103-bca7-46eb-83ef-0f77848ac924,USR-0058,2024-01-25 15:26:00,face,0.808,DEV-0009,New York,1,success,189,False,
664d49fa-94b5-4339-84c1-1826d910498c,USR-0175,2024-01-25 15:30:00,keystroke_dynamics,0.7926,DEV-0003,London,1,success,200,False,
5199839c-d0de-4fb6-858c-6c02bf409640,USR-0136,2024-01-25 15:31:00,keystroke_dynamics,0.7445,DEV-0034,London,1,success,139,False,
aaf91531-0200-41f0-8768-a84fa76afde6,USR-0005,2024-01-25 15:31:00,face,0.7936,DEV-0018,London,1,success,185,False,
1cf98855-719d-454f-81c6-af4013d5ac4f,USR-0149,2024-01-25 15:35:00,keystroke_dynamics,0.8206,DEV-0033,Manchester,1,success,152,False,
be9e01a9-d18c-4fde-a445-8bad2f4f914c,USR-0143,2024-01-25 15:39:00,keystroke_dynamics,0.7589,DEV-0044,New York,1,success,147,False,
59e110eb-1f09-4b9d-a969-29b20513eda8,USR-0061,2024-01-25 15:41:00,face,0.8799,DEV-0020,London,1,success,168,False,
0331bd0d-13ba-4d24-bebb-527c1438e799,USR-0130,2024-01-25 15:41:00,face,0.7672,DEV-0040,New York,1,success,147,False,
209f4ff2-10a7-4298-bef8-1d8520d4c165,USR-0102,2024-01-25 15:43:00,voice,0.7169,DEV-0001,New York,1,success,189,False,
abeb5f49-7406-4a32-83ef-3ce99ffda1e7,USR-0090,2024-01-25 15:45:00,fingerprint,0.8067,DEV-0029,London,1,success,122,False,
71f34593-a737-419b-a1e0-9bf146748ee4,USR-0119,2024-01-25 15:46:00,fingerprint,0.7072,DEV-0010,London,1,success,138,False,
91b3f921-1224-415f-9fbc-f340604948be,USR-0145,2024-01-25 15:48:00,face,0.859,DEV-0028,London,1,success,197,False,
0c3ce284-c7e5-4bbb-9cb5-1c535b62a8df,USR-0021,2024-01-25 15:52:00,voice,0.8117,DEV-0035,Manchester,1,success,131,False,
bf0d073d-821c-4336-9970-cf60ebff8d15,USR-0011,2024-01-25 15:53:00,fingerprint,0.8458,DEV-0043,London,1,success,188,False,
f7bce0ef-72c1-468e-9390-6193490ce315,USR-0113,2024-01-25 15:55:00,face,0.7845,DEV-0003,New York,1,success,193,False,
646d2e33-380a-402d-8e55-ced39e79a6fe,USR-0131,2024-01-25 15:56:00,voice,0.8081,DEV-0037,New York,1,success,187,False,
5570cefc-9327-4b56-885b-841f7df45531,USR-0168,2024-01-25 15:58:00,fingerprint,0.7086,DEV-0045,Manchester,1,success,199,False,
e0827f76-11a5-49b4-a6a3-02d6f43e8c48,USR-0040,2024-01-25 15:59:00,voice,0.7755,DEV-0024,New York,1,success,160,False,
73905263-b653-4dba-9faf-c6cf4c5fccfb,USR-0132,2024-01-25 16:02:00,voice,0.8563,DEV-0016,New York,1,success,182,False,
51251262-85a0-4af6-96b1-ba8c4fcf9f89,USR-0156,2024-01-25 16:03:00,face,0.7953,DEV-0042,Manchester,1,success,121,False,
da6b391d-6079-4657-97ec-147d53bfa311,USR-0156,2024-01-25 16:03:00,face,0.5125,DEV-0042,Manchester,1,success,121,True,low_score_bypass
2c9de90a-b805-4e3c-8312-5b58e2a868e7,USR-0104,2024-01-25 16:07:00,face,0.8255,DEV-0049,Manchester,1,success,211,False,
46feacd4-fe13-43cd-8f2d-5c15eb346d3a,USR-0036,2024-01-25 16:08:00,fingerprint,0.7904,DEV-0034,New York,1,success,237,False,
c9c23e69-d82c-4565-8bb9-07ec13c11754,USR-0019,2024-01-25 16:18:00,face,0.7561,DEV-0046,Manchester,1,success,167,False,
1edbbe71-de2a-4ddf-ae24-9b726aa12abd,USR-0067,2024-01-25 16:31:00,fingerprint,0.8514,DEV-0046,London,1,success,131,False,
0ef473a2-900d-4f16-80e0-32006197337c,USR-0179,2024-01-25 16:33:00,keystroke_dynamics,0.7621,DEV-0019,New York,1,success,173,False,
6f2537ce-a206-427c-bc68-41d61ce8e12f,USR-0064,2024-01-25 16:37:00,face,0.7038,DEV-0035,New York,1,success,149,False,
4f11d8dc-5cd3-4369-84aa-c1b75ca0c428,USR-0019,2024-01-25 16:38:00,keystroke_dynamics,0.8852,DEV-0050,Manchester,1,success,198,False,
6f0d7229-1b38-4c72-ac64-8459df22367d,USR-0095,2024-01-25 16:41:00,fingerprint,0.8288,DEV-0029,London,1,success,152,False,
4e583dde-807a-4658-9272-dc48eb4d6df5,USR-0130,2024-01-25 16:45:00,keystroke_dynamics,0.7607,DEV-0050,New York,1,success,269,False,
32586047-9cba-4eda-ad34-3b0f9cca6d2a,USR-0130,2024-01-25 16:45:00,keystroke_dynamics,0.5952,DEV-0050,New York,11,success,269,True,rapid_retry
18412e07-f583-4c69-807f-26542be4be9c,USR-0111,2024-01-25 16:47:00,voice,0.7396,DEV-0045,Manchester,1,success,167,False,
bd0c1656-de37-4877-bee6-187277f4d7f9,USR-0181,2024-01-25 16:48:00,face,0.7939,DEV-0003,Manchester,1,success,120,False,
c9a7d91f-ef2a-4713-9702-10496a39aaa6,USR-0011,2024-01-25 16:51:00,face,0.8176,DEV-0047,London,1,success,207,False,
bbaa574f-e0e3-45ce-84af-ecb79f2ebefc,USR-0051,2024-01-25 16:55:00,face,0.8544,DEV-0049,London,1,success,128,False,
946b4482-97bb-4fbf-b1df-c82cb8addf54,USR-0080,2024-01-25 16:56:00,keystroke_dynamics,0.9027,DEV-0041,London,1,success,153,False,
5bd93609-b297-4782-bcf4-74aace63cb1a,USR-0042,2024-01-25 16:57:00,face,0.795,DEV-0026,Manchester,1,success,134,False,
98874bfe-c136-4c65-ae2a-e3413f59e4f2,USR-0029,2024-01-25 17:00:00,keystroke_dynamics,0.8618,DEV-0009,London,1,success,166,False,
d73aae7b-47cc-4a66-a638-d8bef83893a2,USR-0072,2024-01-25 17:16:00,face,0.8117,DEV-0031,Manchester,1,success,163,False,
1899598d-5b5c-4adf-9063-bf1890b1f965,USR-0091,2024-01-25 17:22:00,keystroke_dynamics,0.5227,DEV-0014,New York,14,success,192,True,rapid_retry
cc876b1c-a987-499b-bd4c-938cd76ac5a8,USR-0091,2024-01-25 17:22:00,keystroke_dynamics,0.8151,DEV-0014,New York,1,success,192,False,
987593c3-2523-42f6-b7a3-f6a6159b558b,USR-0076,2024-01-25 17:24:00,face,0.7907,DEV-0014,London,1,success,243,False,
f83a1bce-7069-4977-b3af-15bed93d8722,USR-0097,2024-01-25 17:24:00,keystroke_dynamics,0.782,DEV-0016,New York,1,success,176,False,
6b790d01-3cf8-4d20-bbad-793f87a1ec02,USR-0041,2024-01-25 17:24:00,fingerprint,0.8578,DEV-0020,Manchester,1,success,147,False,
dae13a7f-ff97-49f7-a34b-20fdff7ca58f,USR-0107,2024-01-25 17:29:00,fingerprint,0.7285,DEV-0022,New York,1,success,133,False,
ff37d19c-2e76-428b-8735-44f9ea83bf00,USR-0010,2024-01-25 17:31:00,keystroke_dynamics,0.8445,DEV-0049,New York,1,success,111,False,
92051da0-e264-4336-95ad-86bcf1db9ad8,USR-0092,2024-01-25 17:33:00,keystroke_dynamics,0.7668,DEV-0041,New York,1,success,166,False,
6c944bca-e8c0-4c02-b200-fc98b963c2fc,USR-0197,2024-01-25 17:33:00,face,0.7567,DEV-0001,London,1,success,151,False,
ae1782f6-9138-4474-8473-b982d1a529db,USR-0140,2024-01-25 17:42:00,fingerprint,0.7682,DEV-0011,Manchester,1,success,261,False,
49e785c7-cbd8-415e-ae98-b722cf97b016,USR-0157,2024-01-25 17:44:00,keystroke_dynamics,0.825,DEV-0015,London,1,success,198,False,
7daec949-d700-4461-8cb6-b0ba925f8199,USR-0044,2024-01-25 17:47:00,voice,0.8235,DEV-0002,London,1,success,197,False,
b24beb96-c092-4b74-a6b0-7ff60fc79913,USR-0044,2024-01-25 17:51:00,fingerprint,0.8144,DEV-0049,London,1,success,158,False,
4bed523c-085f-44d1-87ea-651b5539562b,USR-0082,2024-01-25 17:54:00,keystroke_dynamics,0.9035,DEV-0008,Manchester,1,success,125,False,
129543a4-fcc3-4cc7-bd67-eb3e836d2c1f,USR-0194,2024-01-25 17:56:00,voice,0.8757,DEV-0048,Manchester,1,success,154,False,
aebeca58-ccb1-4c1e-87db-f6a203e30f78,USR-0149,2024-01-25 18:00:00,face,0.8221,DEV-0045,Manchester,1,success,145,False,
ff4625af-bd20-463b-b275-b5f3d436a7a8,USR-0019,2024-01-25 18:08:00,fingerprint,0.8095,DEV-0033,Manchester,1,success,149,False,
8b6daa25-1a52-4aa2-8b66-0bcdd32e4757,USR-0128,2024-01-25 18:08:00,voice,0.7505,DEV-0047,Manchester,1,success,107,False,
7394d796-51c4-443b-b07d-b671caea9ae5,USR-0092,2024-01-25 18:08:00,voice,0.8223,DEV-0004,New York,1,success,167,False,
5c3e82e9-6867-453f-8ad2-1d5dacfb605e,USR-0190,2024-01-25 18:13:00,fingerprint,0.8151,DEV-0009,London,1,success,165,False,
13483fb3-c982-4300-b95f-17e6d8eae31b,USR-0090,2024-01-25 18:15:00,fingerprint,0.7958,DEV-0018,London,1,success,183,False,
783e40ab-b22a-45a6-8539-1557444122a5,USR-0090,2024-01-25 18:21:00,voice,0.9034,DEV-0050,London,1,success,126,False,
a1230193-5c53-4042-aa3e-0103c13d8929,USR-0097,2024-01-25 18:26:00,face,0.8175,DEV-0010,New York,1,success,121,False,
3a4fece7-537d-46c6-9c31-aaf3c76aec88,USR-0080,2024-01-25 18:30:00,face,0.7907,DEV-0006,London,1,success,122,False,
2dbb45bd-2138-42e6-b013-a170d5cf3b4c,USR-0065,2024-01-25 18:34:00,voice,0.8409,DEV-0021,Manchester,1,success,144,False,
146b9fbc-667c-4788-9887-f3d2c0f1fa3a,USR-0137,2024-01-25 18:37:00,keystroke_dynamics,0.8827,DEV-0002,New York,1,success,171,False,
dc713d96-0c0f-4195-817a-f08a1745d6d8,USR-0001,2024-01-25 18:44:00,face,0.7882,DEV-0046,New York,1,success,200,False,
58eb3e59-f9a1-4e3f-8f72-d6afe825049a,USR-0125,2024-01-25 18:46:00,fingerprint,0.8348,DEV-0032,London,1,success,134,False,
5e244824-a5cb-4c6e-b5a4-c55bb4629214,USR-0053,2024-01-25 18:49:00,voice,0.8424,DEV-0049,Manchester,1,success,192,False,
9793b9b4-1374-4146-b2c5-bd89b70b3420,USR-0008,2024-01-25 18:49:00,face,0.8423,DEV-0041,New York,1,success,155,False,
8d3a5b2d-881c-4211-89eb-597bf7ceddc4,USR-0122,2024-01-25 18:51:00,fingerprint,0.9144,DEV-0030,Manchester,1,success,166,False,
073bca43-ad2a-4a7c-b4e1-0c33a1861de1,USR-0114,2024-01-25 18:54:00,keystroke_dynamics,0.7017,DEV-0014,London,1,success,191,False,
1d444351-7c93-4dc3-9635-212d92fe00e8,USR-0075,2024-01-25 19:00:00,fingerprint,0.7584,DEV-0025,London,1,success,182,False,
8422c0cf-da36-433a-b3ab-d2467570d730,USR-0097,2024-01-25 19:04:00,voice,0.7684,DEV-0024,New York,1,success,144,False,
e71594ff-d6a6-4618-8eb1-8c8843b63613,USR-0134,2024-01-25 19:05:00,fingerprint,0.8192,DEV-0050,New York,1,success,135,False,
910aeb6f-6b56-4091-a65c-9da5be160640,USR-0097,2024-01-25 19:12:00,voice,0.7684,DEV-0024,Singapore,1,success,144,True,geo_jump
b12b6680-7f07-4cb9-afd3-40c0f945f2fd,USR-0021,2024-01-25 19:15:00,face,0.8918,DEV-0048,Manchester,1,success,155,False,
d1f2789b-ea95-4113-96ed-4815c415ac73,USR-0151,2024-01-25 19:16:00,voice,0.7707,DEV-0042,New York,1,success,244,False,
da4a9d0b-d18e-431b-b35d-8adb6c4928d4,USR-0186,2024-01-25 19:24:00,face,0.8033,DEV-0044,New York,1,success,194,False,
669f9a4a-f2eb-4d5a-b819-fa11f584be73,USR-0172,2024-01-25 19:25:00,keystroke_dynamics,0.8092,DEV-0010,New York,1,success,151,False,
1a43db54-523a-4993-8b34-46bc8ba435cc,USR-0022,2024-01-25 19:26:00,fingerprint,0.8633,DEV-0018,London,1,success,165,False,
10e6e383-d736-450e-8ebc-5f603687f1e1,USR-0181,2024-01-25 19:38:00,fingerprint,0.8655,DEV-0031,Manchester,1,success,135,False,
ff12fe28-b840-4136-867e-4b72316e8645,USR-0078,2024-01-25 19:50:00,keystroke_dynamics,0.8975,DEV-0050,Manchester,1,success,150,False,
ab45eaf0-7ad3-4e2a-8413-ffc7173a0c96,USR-0082,2024-01-25 20:00:00,voice,0.7856,DEV-0031,Manchester,1,success,168,False,
f9722cc1-349e-44a9-94c2-9d5c19ec0829,USR-0044,2024-01-25 20:06:00,face,0.7078,DEV-0014,London,1,success,164,False,
e60d7a94-b483-4162-b043-a39a4f1a84cb,USR-0069,2024-01-25 20:15:00,voice,0.8041,DEV-0029,Manchester,1,success,164,False,
4f7ebc54-94f3-4a1b-b096-0fbb1c89fe3c,USR-0174,2024-01-25 20:17:00,fingerprint,0.8604,DEV-0037,London,1,success,186,False,
a9217ddc-3cea-4f89-a217-3b7fc536d2ce,USR-0076,2024-01-25 20:19:00,fingerprint,0.8459,DEV-0032,London,1,success,209,False,
497dd968-b4b6-4702-a11a-7d790da761fd,USR-0157,2024-01-25 20:20:00,face,0.817,DEV-0044,London,1,success,238,False,
cd4f2875-df2d-4f20-85a4-3113101d759e,USR-0083,2024-01-25 20:25:00,face,0.8135,DEV-0026,New York,1,success,181,False,
0ab54bde-20a0-4502-ae06-809725e97977,USR-0005,2024-01-25 20:26:00,voice,0.8187,DEV-0006,London,1,success,184,False,
2d798f3e-8d8b-4c60-acc5-4c621ab444a7,USR-0108,2024-01-25 20:27:00,fingerprint,0.7719,DEV-0044,New York,1,success,159,False,
4ad76a0d-5219-4d62-a25c-6c5cf629c955,USR-0182,2024-01-25 20:27:00,keystroke_dynamics,0.8127,DEV-0003,New York,1,success,166,False,
4d844cb6-7c99-486e-b9d5-546c9a154b85,USR-0095,2024-01-25 20:37:00,fingerprint,0.7259,DEV-0047,London,1,success,120,False,
e893be3d-7354-4a6f-a160-745985c7504b,USR-0009,2024-01-25 20:39:00,fingerprint,0.6609,DEV-0039,Manchester,1,success,223,False,
3e19fc1d-9f6a-4a65-bd54-da044dcd0009,USR-0040,2024-01-25 20:44:00,voice,0.9132,DEV-0036,New York,1,success,214,False,
1c35730b-49d5-4453-98d4-d949cad6d3ef,USR-0141,2024-01-25 20:44:00,fingerprint,0.8491,DEV-0011,Manchester,1,success,167,False,
f9ad97ae-0ea7-41a6-9c5d-fb8d60e12973,USR-0116,2024-01-25 20:53:00,face,0.7268,DEV-0031,London,1,success,123,False,
648e85eb-d1c1-42db-a82a-113285eb4279,USR-0191,2024-01-25 21:01:00,face,0.7834,DEV-0028,London,1,success,184,False,
351c586a-c0c3-459e-80e5-ea1a1fc45171,USR-0119,2024-01-25 21:15:00,face,0.8291,DEV-0002,London,1,success,139,False,
70184f95-9e6a-40fa-b5d2-36e30d9e9c48,USR-0175,2024-01-25 21:19:00,keystroke_dynamics,0.8013,DEV-0012,London,1,success,136,False,
f3d6b9f2-d4d7-40ca-b08d-16769d09a404,USR-0086,2024-01-25 21:21:00,voice,0.8501,DEV-0049,London,1,success,144,False,
0b398e89-f842-4163-9455-5290017c75c5,USR-0094,2024-01-25 21:27:00,voice,0.7744,DEV-0048,Manchester,1,success,164,False,
8513176c-1efc-4c94-a141-10b69a920655,USR-0142,2024-01-25 21:30:00,voice,0.7862,DEV-0015,Manchester,1,success,151,False,
9b622c0a-5398-4922-8652-62a224a0db6e,USR-0149,2024-01-25 21:36:00,keystroke_dynamics,0.8912,DEV-0021,Manchester,1,success,200,False,
2553ff33-298b-4a25-903d-24cffdfbc585,USR-0149,2024-01-25 21:36:00,keystroke_dynamics,0.4956,DEV-0021,Manchester,1,success,200,True,low_score_bypass
7800e27a-9ace-43cc-989c-83f68098580d,USR-0069,2024-01-25 21:38:00,fingerprint,0.8754,DEV-0042,Manchester,1,success,137,False,
46c79b36-fd05-4963-9616-af7e1057a002,USR-0047,2024-01-25 21:41:00,face,0.7432,DEV-0008,New York,1,success,187,False,
9a760ea9-b063-49a0-9393-daad0835075f,USR-0108,2024-01-25 21:45:00,keystroke_dynamics,0.7718,DEV-0001,New York,1,success,150,False,
9211d6cc-997d-4ca9-949c-0766ffb88ef4,USR-0163,2024-01-25 21:53:00,keystroke_dynamics,0.8298,DEV-0038,Manchester,1,success,185,False,
62c9f4fc-f686-4fa7-a94d-ed1e11ca2a0b,USR-0108,2024-01-25 21:58:00,voice,0.8861,DEV-0045,New York,1,success,199,False,
89b4db80-8a32-484a-a401-461af5b92b3c,USR-0152,2024-01-25 21:58:00,voice,0.7462,DEV-0013,Manchester,1,success,163,False,
0406ff44-7ce4-4679-a8c6-dbc07bb3447b,USR-0032,2024-01-25 21:58:00,face,0.6663,DEV-0045,New York,1,success,172,False,
87a8cadf-eca7-4d15-8c8a-e9ca930cc62d,USR-0152,2024-01-25 21:58:00,voice,0.4774,DEV-0013,Manchester,1,success,163,True,low_score_bypass
466aa217-ae29-47c1-84d4-65dfa8d65147,USR-0036,2024-01-26 03:38:00,fingerprint,0.7446,DEV-0033,New York,1,success,212,True,off_hours
10e436c9-3d53-4dee-b41e-2e7c00da1e3f,USR-0085,2024-01-26 03:49:00,keystroke_dynamics,0.9192,DEV-0044,London,1,success,204,True,off_hours
972a355c-fe5e-4b1c-875b-2fe1e3bbeeb7,USR-0076,2024-01-26 04:09:00,face,0.8172,DEV-0050,London,1,success,184,True,off_hours
a7fb859f-7925-4d0f-a545-5ccc35b39c0e,USR-0094,2024-01-26 04:21:00,fingerprint,0.8532,DEV-0015,Manchester,1,success,142,True,off_hours
587ef344-6f3f-420c-98b8-e4cc1bc044fc,USR-0006,2024-01-26 07:05:00,voice,0.8394,DEV-0015,New York,1,success,146,False,
b28187c4-aa05-4442-a284-e8fd755cee2a,USR-0036,2024-01-26 07:11:00,keystroke_dynamics,0.8305,DEV-0032,New York,1,success,299,False,
20a0c244-5ab7-48b2-ac1f-b2fce77d9bec,USR-0151,2024-01-26 07:16:00,face,0.7808,DEV-0048,New York,1,success,216,False,
46586cb2-6fdb-4b51-af7b-80f1c2be7bac,USR-0162,2024-01-26 07:16:00,keystroke_dynamics,0.7779,DEV-0020,New York,1,success,219,False,
399e4d08-cf77-48cc-af36-feb1bb8f7b2b,USR-0118,2024-01-26 07:20:00,face,0.6255,DEV-0050,Manchester,1,success,191,False,
56ad3649-289a-4abc-a1aa-8c494ed9974f,USR-0185,2024-01-26 07:21:00,voice,0.7591,DEV-0011,London,1,success,156,False,
060615bf-d1b5-4519-844f-376a4bd01f7a,USR-0161,2024-01-26 07:21:00,keystroke_dynamics,0.7531,DEV-0020,Manchester,1,success,182,False,
a87319fe-981d-4530-84f2-0d97f4881671,USR-0094,2024-01-26 07:23:00,keystroke_dynamics,0.7964,DEV-0014,Manchester,1,success,149,False,
7d338ca2-6bcc-472a-9e69-2c3f440b71a6,USR-0123,2024-01-26 07:30:00,face,0.8488,DEV-0047,London,1,success,235,False,
b60b4f87-5dd8-4ffc-9f87-8b322b429596,USR-0048,2024-01-26 07:31:00,fingerprint,0.7124,DEV-0005,Manchester,1,success,125,False,
14a34f7f-d90d-419b-93fb-e043af1d5a1a,USR-0032,2024-01-26 07:33:00,fingerprint,0.8066,DEV-0002,New York,1,success,239,False,
0ac22e6d-25ee-42db-95a5-7ad7fd05bd92,USR-0094,2024-01-26 07:36:00,keystroke_dynamics,0.7964,DEV-0014,Singapore,1,success,149,True,geo_jump
b466fab6-962c-44dd-a5d0-7461059c1574,USR-0043,2024-01-26 07:38:00,keystroke_dynamics,0.7666,DEV-0016,London,1,success,218,False,
e1bbb8cd-7e3a-4f07-a9fd-28e6e271fff9,USR-0043,2024-01-26 07:41:00,face,0.7629,DEV-0031,London,1,success,183,False,
97a418b8-92d0-4319-a0bd-14220b0b81de,USR-0056,2024-01-26 07:47:00,fingerprint,0.7852,DEV-0036,New York,1,success,155,False,
0a39561f-3473-49d3-ac5b-059aafcd2960,USR-0196,2024-01-26 08:02:00,keystroke_dynamics,0.7372,DEV-0020,Manchester,1,success,205,False,
be7a38c6-bc8e-4e55-9b97-151da89e4fa6,USR-0129,2024-01-26 08:05:00,fingerprint,0.5247,DEV-0046,Manchester,1,success,217,True,low_score_bypass
5e7e2813-a967-4fe1-bfce-e629ea8e55a5,USR-0129,2024-01-26 08:05:00,fingerprint,0.7908,DEV-0046,Manchester,1,success,217,False,
be86f5d0-f73e-4b07-a860-25bfde68666d,USR-0095,2024-01-26 08:06:00,face,0.7174,DEV-0017,London,1,success,164,False,
108fd94b-b294-49b6-a53d-ff523e7b8fb1,USR-0197,2024-01-26 08:14:00,voice,0.8745,DEV-0007,London,1,success,211,False,
e466c937-6da7-495b-9d4f-97154c9df049,USR-0123,2024-01-26 08:14:00,fingerprint,0.8202,DEV-0018,London,1,success,203,False,
3fc4f4d0-d1d5-4a53-9035-dd193cad3401,USR-0185,2024-01-26 08:16:00,keystroke_dynamics,0.8318,DEV-0003,London,1,success,184,False,
35adde88-43e4-4668-82ea-d2df725656e3,USR-0043,2024-01-26 08:19:00,voice,0.7207,DEV-0033,London,1,success,141,False,
f0ede303-aa53-419c-9fa4-bb9f5a856750,USR-0016,2024-01-26 08:21:00,face,0.9453,DEV-0047,New York,1,success,174,False,
4362262d-e07e-4721-a71d-6ba3486dce57,USR-0093,2024-01-26 08:22:00,fingerprint,0.9486,DEV-0042,Manchester,1,success,161,False,
542e2e6a-8200-4972-a3e8-6f41406d7f7c,USR-0173,2024-01-26 08:25:00,face,0.8358,DEV-0029,Manchester,1,success,121,False,
8f56fffc-c1bb-4767-8bd4-01528f7bf6c2,USR-0174,2024-01-26 08:37:00,face,0.8498,DEV-0012,London,1,success,239,False,
cf3a2f8d-57f7-41e3-8add-397642fc7edf,USR-0088,2024-01-26 08:47:00,face,0.6572,DEV-0047,London,1,success,174,False,
33252134-ebdf-4eb4-b679-9210efe87716,USR-0163,2024-01-26 08:50:00,voice,0.7924,DEV-0014,Manchester,1,success,137,False,
a117b864-82f5-4390-ad69-6cb3b774b61d,USR-0164,2024-01-26 08:54:00,fingerprint,0.8332,DEV-0003,Manchester,1,success,181,False,
bb9ddc31-da1e-4729-878e-be4e0b8079d7,USR-0143,2024-01-26 08:55:00,keystroke_dynamics,0.8118,DEV-0046,New York,1,success,148,False,
054da197-5273-460c-97a0-3c178620a10a,USR-0196,2024-01-26 08:56:00,fingerprint,0.6419,DEV-0001,Manchester,1,success,233,False,
9d37c5a6-bd8e-480c-923c-cd6417576cc8,USR-0196,2024-01-26 08:59:00,keystroke_dynamics,0.8674,DEV-0038,Manchester,1,success,186,False,
2a184cbc-19fe-4052-9db8-0b51e9623c3c,USR-0192,2024-01-26 09:01:00,keystroke_dynamics,0.7753,DEV-0027,London,1,success,146,False,
48cff1da-7bbc-4b5d-874f-92058f9d7375,USR-0154,2024-01-26 09:01:00,voice,0.8433,DEV-0011,New York,1,success,169,False,
0c941263-190a-40d6-9ea9-f25945c86249,USR-0138,2024-01-26 09:02:00,voice,0.9494,DEV-0040,London,1,success,164,False,
68054a24-f785-4cc1-b8e5-91c417d2efe7,USR-0154,2024-01-26 09:03:00,keystroke_dynamics,0.8088,DEV-0001,New York,1,success,160,False,
d7371450-95cc-4da2-b677-0e04a1d8507b,USR-0101,2024-01-26 09:13:00,voice,0.6961,DEV-0048,New York,1,success,264,False,
2c913a7c-a340-4f08-b341-91b8ed6522b4,USR-0023,2024-01-26 09:15:00,voice,0.866,DEV-0042,Manchester,1,success,229,False,
bffbce28-7933-4a49-ac7c-41067d845537,USR-0156,2024-01-26 09:18:00,fingerprint,0.8045,DEV-0024,Manchester,1,success,160,False,
8702f4ad-cca3-44c4-ae49-82cf7c239ebc,USR-0076,2024-01-26 09:21:00,voice,0.8086,DEV-0024,London,1,success,120,False,
2ac38bd3-1afc-488c-81de-c9db0abe8257,USR-0096,2024-01-26 09:29:00,voice,0.7392,DEV-0002,New York,1,success,144,False,
654fda31-18d3-4b67-9f9d-4db1d983dadf,USR-0163,2024-01-26 09:30:00,keystroke_dynamics,0.7992,DEV-0013,Manchester,1,success,213,False,
6f339c5e-0392-4cfa-9d9f-2c8c6640464a,USR-0185,2024-01-26 09:33:00,voice,0.8063,DEV-0019,London,1,success,183,False,
51e744e4-b864-4a08-aa75-752d6a8fcacb,USR-0040,2024-01-26 09:35:00,keystroke_dynamics,0.7845,DEV-0033,New York,1,success,184,False,
1246d2a5-6a7c-4d08-ae57-14e8d29c0131,USR-0149,2024-01-26 09:39:00,fingerprint,0.7052,DEV-0019,Manchester,1,success,141,False,
06289878-6a39-4607-ae35-c5c86fe05fa2,USR-0099,2024-01-26 09:41:00,keystroke_dynamics,0.9252,DEV-0026,New York,1,success,165,False,
b74d0fb1-32e7-4629-8fad-c1a606cb0fb3,USR-0001,2024-01-26 09:44:00,keystroke_dynamics,0.8345,DEV-0022,New York,1,success,103,False,
7f05fbf5-efca-4577-9aa6-f7cb90c7e6ac,USR-0043,2024-01-26 09:56:00,face,0.7379,DEV-0046,London,1,success,259,False,
19c59f2d-640b-4b85-b53d-aedcd69bdeb1,USR-0135,2024-01-26 09:57:00,voice,0.7931,DEV-0031,Manchester,1,success,163,False,
34b6685d-acd4-480a-b0dc-75fb199d5089,USR-0090,2024-01-26 09:58:00,voice,0.784,DEV-0022,London,1,success,185,False,
d6312a80-1c61-4ec2-9014-2131750565f5,USR-0021,2024-01-26 09:59:00,face,0.8798,DEV-0034,New York,1,success,149,False,
fd9c635d-3a54-4890-82fd-a10144f801b9,USR-0038,2024-01-26 10:00:00,fingerprint,0.3878,DEV-0038,New York,1,success,216,True,low_score_bypass
89a3c811-895c-4fde-a3fa-40691519fd38,USR-0038,2024-01-26 10:00:00,fingerprint,0.8209,DEV-0038,New York,1,success,216,False,
c54f87ad-7750-4fbb-9af9-ae1b5d9dacbd,USR-0156,2024-01-26 10:00:00,face,0.8113,DEV-0002,Manchester,1,success,175,False,
c166a8b3-f26b-4ebf-bdef-3b8eec0dfc3a,USR-0062,2024-01-26 10:04:00,keystroke_dynamics,0.8336,DEV-0049,Manchester,1,success,167,False,
2fb21e66-7ed1-4aab-89b7-c9bc65a16fa9,USR-0027,2024-01-26 10:08:00,fingerprint,0.8625,DEV-0028,London,1,success,189,False,
21813d25-6552-48a6-83ff-50113d1a85dd,USR-0004,2024-01-26 10:09:00,fingerprint,0.7915,DEV-0003,London,1,success,153,False,
f0d1701b-1ecf-4d89-b5aa-d597c1b0f44b,USR-0170,2024-01-26 10:19:00,fingerprint,0.8868,DEV-0020,London,1,success,68,False,
0420521e-41e7-4bba-b9ac-1a4f42516974,USR-0149,2024-01-26 10:19:00,voice,0.8375,DEV-0007,Manchester,1,success,188,False,
8412a335-d88c-456d-b61e-5fdb1a435206,USR-0020,2024-01-26 10:20:00,keystroke_dynamics,0.8191,DEV-0018,London,1,success,203,False,
a28af08d-ce46-4bf3-96c4-9c4431de54f6,USR-0167,2024-01-26 10:25:00,keystroke_dynamics,0.8188,DEV-0047,London,1,success,151,False,
503be788-2d44-4af8-bc94-76b1a18b5d15,USR-0048,2024-01-26 10:27:00,voice,0.7491,DEV-0048,Manchester,1,success,197,False,
2f8a637d-f330-4c59-b50d-456e19412cae,USR-0178,2024-01-26 10:29:00,fingerprint,0.8494,DEV-0030,New York,1,success,198,False,
e87466d7-ad66-41bd-9367-6a024fdc6e1b,USR-0008,2024-01-26 10:38:00,voice,0.6717,DEV-0015,New York,1,success,148,False,
c7ed8888-5939-4c71-80d9-863f66bcf6f0,USR-0174,2024-01-26 10:39:00,face,0.9241,DEV-0049,London,1,success,137,False,
dcb91d5f-593c-472b-8347-dbca7321a8b2,USR-0036,2024-01-26 10:43:00,face,0.8489,DEV-0021,New York,1,success,130,False,
5d71a898-6497-4593-892e-8c93d105c8d6,USR-0033,2024-01-26 10:45:00,keystroke_dynamics,0.8916,DEV-0018,Manchester,1,success,140,False,
8bbf1b30-9372-42e6-af20-6a9df9d18507,USR-0078,2024-01-26 10:46:00,keystroke_dynamics,0.934,DEV-0028,Manchester,1,success,220,False,
42186e6d-ab24-474a-9f2b-e8ba3f05344c,USR-0178,2024-01-26 10:51:00,fingerprint,0.8512,DEV-0045,New York,1,success,160,False,
cc8cc291-fa23-48bc-86e4-abacf0effa1e,USR-0105,2024-01-26 11:09:00,fingerprint,0.7837,DEV-0030,New York,1,success,178,False,
b3eda8f1-026b-4383-a301-ec030e5d8c6a,USR-0032,2024-01-26 11:13:00,fingerprint,0.8213,DEV-0023,New York,1,success,189,False,
b9493906-939f-44eb-be5e-215ec47cc30b,USR-0051,2024-01-26 11:14:00,keystroke_dynamics,0.777,DEV-0024,London,1,success,128,False,
8a0ea57a-9a7d-409d-a6e8-790b215d3b1f,USR-0057,2024-01-26 11:21:00,face,0.8211,DEV-0014,Manchester,1,success,198,False,
a9ba5a27-907b-4e36-9786-48f864de82e6,USR-0007,2024-01-26 11:21:00,keystroke_dynamics,0.7361,DEV-0042,Manchester,1,success,202,False,
ef0d44d7-a832-4652-95a2-86133a0c5dc9,USR-0007,2024-01-26 11:21:00,keystroke_dynamics,0.331,DEV-0042,Manchester,1,success,202,True,low_score_bypass
5cbad410-0256-4225-a6b7-8891bc3ddbfc,USR-0119,2024-01-26 11:25:00,face,0.8068,DEV-0010,London,1,success,126,False,
05855672-fdb6-41a6-a8c0-e305d9387dfb,USR-0118,2024-01-26 11:29:00,face,0.8562,DEV-0030,Manchester,1,success,163,False,
624c69b6-b244-45a7-b7e5-848131c681ec,USR-0006,2024-01-26 11:38:00,voice,0.8051,DEV-0029,New York,1,success,218,False,
0e60ec16-1f39-49f9-9cd1-126b1b17dab8,USR-0183,2024-01-26 11:40:00,face,0.8506,DEV-0003,London,1,success,217,False,
1387bcda-5b78-47ed-8824-faf3f4b28643,USR-0128,2024-01-26 11:55:00,voice,0.8388,DEV-0033,Manchester,1,success,182,False,
780b8dc0-d9c0-447b-9f43-04e4fabdc4aa,USR-0200,2024-01-26 12:10:00,keystroke_dynamics,0.9431,DEV-0026,London,1,success,232,False,
9e1823a2-3708-4b7f-8c27-4beb330f4bae,USR-0168,2024-01-26 12:14:00,voice,0.8374,DEV-0035,Manchester,1,success,195,False,
243113fd-8e19-4d07-9ff0-b9bf8db3c2c1,USR-0054,2024-01-26 12:21:00,keystroke_dynamics,0.7604,DEV-0048,New York,1,success,139,False,
6ef7ffc3-7ce2-4b5b-b8d8-f272f429c05d,USR-0136,2024-01-26 12:25:00,fingerprint,0.796,DEV-0036,London,1,success,186,False,
6321d753-68dd-46fd-9fa3-8f4baa1cd2d8,USR-0099,2024-01-26 12:27:00,fingerprint,0.868,DEV-0035,New York,1,success,262,False,
363e6ef4-f8df-4c3a-aacb-4fbdfbff8a7d,USR-0045,2024-01-26 12:34:00,face,0.7109,DEV-0012,Manchester,1,success,210,False,
ff69723d-584f-485b-a697-384d801e8690,USR-0035,2024-01-26 12:46:00,fingerprint,0.8619,DEV-0031,New York,1,success,196,False,
b9787c4b-09aa-4570-9be9-50c7147d7bfc,USR-0058,2024-01-26 12:49:00,fingerprint,0.7967,DEV-0050,New York,1,success,167,False,
2d174fc9-6f7c-45ea-a72a-6d8eb5122df8,USR-0008,2024-01-26 13:00:00,voice,0.8211,DEV-0035,New York,1,success,247,False,
06822e13-6007-47be-b2b1-068ad58b5423,USR-0170,2024-01-26 13:09:00,face,0.7232,DEV-0018,London,1,success,180,False,
92a593c8-1db9-4330-b127-6a5cbe9f44cb,USR-0117,2024-01-26 13:13:00,face,0.7282,DEV-0021,Manchester,1,success,175,False,
b8ddf15d-8ea0-45f0-89cc-253fb4693ec4,USR-0087,2024-01-26 13:14:00,face,0.8131,DEV-0035,Manchester,1,success,185,False,
f4d375c1-a293-49fa-b240-d7a14027ab7d,USR-0024,2024-01-26 13:17:00,fingerprint,0.8462,DEV-0017,London,1,success,216,False,
b544f70c-593a-4b51-978b-55e7f406d6e0,USR-0135,2024-01-26 13:18:00,face,0.9054,DEV-0002,Manchester,1,success,236,False,
8cb21aa2-1715-4c03-ab4f-36381190e515,USR-0058,2024-01-26 13:26:00,keystroke_dynamics,0.8888,DEV-0030,New York,1,success,148,False,
f08aba21-01f2-48f5-a553-b5aabdbc34f8,USR-0134,2024-01-26 13:28:00,voice,0.8522,DEV-0003,New York,1,success,113,False,
bdce4d4d-03a2-4ee9-81c7-d9b3db9c9b7c,USR-0076,2024-01-26 13:30:00,fingerprint,0.7876,DEV-0019,London,1,success,215,False,
14c08edd-95f9-4545-a315-0039ced7430d,USR-0036,2024-01-26 13:30:00,fingerprint,0.4936,DEV-0033,New York,1,success,212,True,low_score_bypass
b390b059-207b-4e21-a7e8-d18eddf6d4ac,USR-0036,2024-01-26 13:30:00,fingerprint,0.7446,DEV-0033,New York,1,success,212,False,
ae62990c-19bd-4f93-b8ef-7666b7a4c719,USR-0027,2024-01-26 13:30:00,keystroke_dynamics,0.7118,DEV-0043,London,1,success,116,False,
d0116cb3-8bb7-4cee-95c5-35c928c635ff,USR-0027,2024-01-26 13:30:00,keystroke_dynamics,0.62,DEV-0043,London,12,success,116,True,rapid_retry
639c4c6c-2926-405d-8d53-551ab4f02f6f,USR-0057,2024-01-26 13:31:00,voice,0.7486,DEV-0016,Manchester,1,success,222,False,
0b9d55cd-52c1-4256-a5b7-7f49a5b95c1a,USR-0170,2024-01-26 13:34:00,fingerprint,0.8423,DEV-0026,London,1,success,150,False,
c33ffef7-64bf-4e8c-9033-89b46ce052ef,USR-0167,2024-01-26 13:34:00,keystroke_dynamics,0.886,DEV-0049,London,1,success,165,False,
b2a7a475-c619-4773-af3a-cf3380777ac5,USR-0067,2024-01-26 13:41:00,voice,0.7815,DEV-0049,London,1,success,246,False,
e8a44238-5fe8-4710-bfec-5325edc72f12,USR-0111,2024-01-26 13:44:00,face,0.8686,DEV-0036,Manchester,1,success,151,False,
a7e29299-2bf6-4915-8367-ee2c1ddea07d,USR-0095,2024-01-26 13:53:00,fingerprint,0.8687,DEV-0024,London,1,success,193,False,
567e642e-052d-4b9a-9f58-4603e5a3d8e9,USR-0045,2024-01-26 13:55:00,keystroke_dynamics,0.8708,DEV-0045,Manchester,1,success,94,False,
c960b851-4d69-4e19-a827-3dee9d7e4eb7,USR-0142,2024-01-26 13:56:00,keystroke_dynamics,0.876,DEV-0009,Manchester,1,success,182,False,
bcdc99ef-1485-4949-8bf6-40eaa244496a,USR-0170,2024-01-26 13:59:00,voice,0.5604,DEV-0045,London,19,success,112,True,rapid_retry
1f8424bd-708c-4f1a-b1c3-5294e61cf9a3,USR-0170,2024-01-26 13:59:00,voice,0.8141,DEV-0045,London,1,success,112,False,
94010dfe-7921-4c7c-a119-ceee0fb91307,USR-0076,2024-01-26 14:02:00,fingerprint,0.7568,DEV-0021,London,1,success,197,False,
4d3485c5-c5c1-4eb4-b27b-3d901a16342c,USR-0008,2024-01-26 14:02:00,voice,0.8901,DEV-0047,New York,1,success,190,False,
883d9b03-de04-4086-83a2-9acd4cb50736,USR-0167,2024-01-26 14:13:00,keystroke_dynamics,0.7112,DEV-0006,London,1,success,138,False,
d664d264-4c6e-47ff-b9de-7a3a486822b9,USR-0012,2024-01-26 14:14:00,face,0.8763,DEV-0020,New York,1,success,159,False,
0a1bebd3-e60e-4813-802d-a0fa227dcecc,USR-0065,2024-01-26 14:20:00,voice,0.7363,DEV-0025,Manchester,1,success,222,False,
97fe56c5-4c9a-4f24-97b4-c294bd44089d,USR-0026,2024-01-26 14:22:00,voice,0.8604,DEV-0025,New York,1,success,255,False,
fc24a159-eada-4885-afda-70bf78920f72,USR-0146,2024-01-26 14:23:00,voice,0.7484,DEV-0033,London,1,success,164,False,
dce70289-411a-415b-a88b-4cfb708175fd,USR-0091,2024-01-26 14:27:00,keystroke_dynamics,0.8706,DEV-0021,New York,1,success,210,False,
10ae2dfc-3729-4854-a73e-54e5b119e78c,USR-0189,2024-01-26 14:28:00,face,0.8963,DEV-0048,Manchester,1,success,193,False,
2caf3d2f-f026-4418-bd3f-bbec697ae294,USR-0079,2024-01-26 14:31:00,fingerprint,0.7893,DEV-0018,London,1,success,77,False,
044251db-d0d4-4a67-b992-8faa4cbf131d,USR-0026,2024-01-26 14:33:00,voice,0.6896,DEV-0050,New York,1,success,213,False,
126301a0-641c-4619-a430-58d9c1f98e90,USR-0119,2024-01-26 14:43:00,keystroke_dynamics,0.8586,DEV-0036,London,1,success,263,False,
302f420e-f874-45ca-b22f-2e9104110e35,USR-0095,2024-01-26 14:44:00,voice,0.7035,DEV-0037,London,1,success,84,False,
cbc72f1a-cf08-4a54-b429-9924c0986750,USR-0035,2024-01-26 14:50:00,keystroke_dynamics,0.8406,DEV-0023,New York,1,success,178,False,
64ad1905-0fbc-4377-af1f-5c6a2a112eab,USR-0097,2024-01-26 14:51:00,fingerprint,0.8354,DEV-0034,New York,1,success,154,False,
287d06ca-6f4c-469a-8b22-d3081c8eaee9,USR-0001,2024-01-26 14:51:00,keystroke_dynamics,0.9332,DEV-0013,New York,1,success,186,False,
3ec2e72a-c832-43f0-ab0e-63fdfc3d3138,USR-0101,2024-01-26 14:54:00,keystroke_dynamics,0.8851,DEV-0037,New York,1,success,181,False,
38d5101f-423c-4d9d-993e-478302b34254,USR-0035,2024-01-26 14:56:00,fingerprint,0.8024,DEV-0033,New York,1,success,177,False,
a29a7e5f-57b6-41aa-b206-4a1cae9e2bbf,USR-0101,2024-01-26 14:57:00,voice,0.8688,DEV-0049,New York,1,success,146,False,
7e99a2c2-aa37-44fb-9997-5545de8e7602,USR-0173,2024-01-26 15:00:00,fingerprint,0.8211,DEV-0018,Manchester,1,success,181,False,
39ee80ab-46c9-47e0-90c5-9550f69a0539,USR-0058,2024-01-26 15:04:00,fingerprint,0.8054,DEV-0022,New York,1,success,104,False,
c8f3332a-4741-4ca4-a3d9-9d90c964f746,USR-0143,2024-01-26 15:06:00,fingerprint,0.8391,DEV-0042,New York,1,success,179,False,
d7a998ea-ef7c-4b39-a83e-deec92455468,USR-0106,2024-01-26 15:10:00,face,0.7494,DEV-0011,Manchester,1,success,198,False,
d0b21f98-85a7-497f-a90c-07eb5793f195,USR-0106,2024-01-26 15:10:00,face,0.477,DEV-0011,Manchester,1,success,198,True,low_score_bypass
c28fa16b-0aa6-4cb9-81bc-be59d296a12d,USR-0036,2024-01-26 15:16:00,voice,0.816,DEV-0045,New York,1,success,151,False,
5424aae4-3e78-4f27-a93b-da3b4b0653e2,USR-0151,2024-01-26 15:17:00,voice,0.8555,DEV-0020,New York,1,success,173,False,
b5878d33-1d5b-48b0-8027-b28302bfaf1c,USR-0110,2024-01-26 15:18:00,face,0.8052,DEV-0025,Manchester,1,success,193,False,
7c641c58-a52d-4946-bc03-032cc7f020cf,USR-0151,2024-01-26 15:19:00,voice,0.8555,DEV-0020,Berlin,1,success,173,True,geo_jump
4b9dfd58-9e5d-4c7a-85ac-c35415f00cb4,USR-0033,2024-01-26 15:28:00,keystroke_dynamics,0.745,DEV-0003,Manchester,1,success,204,False,
07179ef3-3121-4863-a663-ed111d122ccf,USR-0090,2024-01-26 15:31:00,face,0.8615,DEV-0048,London,1,success,162,False,
171a8b65-e272-47ca-bf17-6b5540767e21,USR-0091,2024-01-26 15:37:00,keystroke_dynamics,0.8097,DEV-0022,New York,1,success,223,False,
76b35303-c719-4dd0-96f0-c19ca894b11e,USR-0119,2024-01-26 15:37:00,fingerprint,1.0,DEV-0029,London,1,success,207,False,
8e2ac3ff-3c5d-4a42-8dd8-af09451b6267,USR-0060,2024-01-26 15:38:00,voice,0.7257,DEV-0026,New York,1,success,234,False,
95a97dd7-bd8f-426f-9f16-de170f94d562,USR-0142,2024-01-26 15:40:00,keystroke_dynamics,0.8694,DEV-0004,Manchester,1,success,193,False,
497ec6d1-081f-46dc-b8d9-a88aef0bea4f,USR-0030,2024-01-26 15:48:00,face,0.8851,DEV-0044,Manchester,1,success,183,False,
0d08367e-f3d5-4737-9a71-504b8380d397,USR-0122,2024-01-26 15:49:00,keystroke_dynamics,0.8562,DEV-0014,Manchester,1,success,236,False,
518b2f21-9cf2-4859-ae6e-2e7253f591dc,USR-0026,2024-01-26 15:50:00,fingerprint,0.8581,DEV-0025,New York,1,success,224,False,
d81b6bb7-55c6-48d6-b647-2ba8793a650c,USR-0161,2024-01-26 15:54:00,voice,0.9073,DEV-0008,Manchester,1,success,156,False,
797e3984-ded7-43ef-b5e4-a9c12d761ffa,USR-0046,2024-01-26 15:55:00,fingerprint,0.7482,DEV-0022,Manchester,1,success,215,False,
8861fe18-58e2-4888-8a83-81bec85aca46,USR-0008,2024-01-26 15:56:00,voice,0.8437,DEV-0034,New York,1,success,163,False,
9194821e-e11b-40d4-8637-9f04d9ee7dc9,USR-0046,2024-01-26 16:16:00,fingerprint,0.8142,DEV-0041,Manchester,1,success,163,False,
fa11f0e7-566d-46e8-9c86-cf6f0285ede1,USR-0196,2024-01-26 16:18:00,face,0.8583,DEV-0016,Manchester,1,success,214,False,
4b91b8cb-6ae6-4582-b852-b3cd9442b5e6,USR-0031,2024-01-26 16:28:00,fingerprint,0.82,DEV-0032,London,1,success,204,False,
52a7c5d6-08ca-45a8-b822-b39dfbe770a6,USR-0192,2024-01-26 16:29:00,keystroke_dynamics,0.8281,DEV-0038,London,1,success,122,False,
567a25f8-5d12-490e-b6a9-0f786370fda9,USR-0180,2024-01-26 16:31:00,voice,0.7732,DEV-0010,London,1,success,184,False,
46a3110a-9813-4b31-ad38-9d1f6716d461,USR-0138,2024-01-26 16:33:00,keystroke_dynamics,0.8443,DEV-0041,London,1,success,146,False,
b076a7dc-fd0c-4433-8a5e-151b23d3cd4c,USR-0032,2024-01-26 16:35:00,voice,0.7942,DEV-0005,New York,1,success,203,False,
c36b9a0a-41e0-4a89-966a-9ce7af521b94,USR-0031,2024-01-26 16:39:00,voice,0.7928,DEV-0033,London,1,success,238,False,
7886f504-ed75-4b74-b7d0-c829dcf9b680,USR-0156,2024-01-26 16:51:00,fingerprint,0.8834,DEV-0006,Manchester,1,success,176,False,
4c7f03bb-a376-4c2d-bb31-dcdc40d91a8e,USR-0063,2024-01-26 16:56:00,keystroke_dynamics,0.7996,DEV-0046,London,1,success,200,False,
77ed78d9-a82e-4889-b717-4acfd7abed02,USR-0096,2024-01-26 17:04:00,face,0.7021,DEV-0031,New York,1,success,120,False,
d2eba277-f64d-4de0-a92a-988036841339,USR-0090,2024-01-26 17:05:00,fingerprint,0.8159,DEV-0036,London,1,success,181,False,
3edf665f-a597-4064-942a-965f1465b466,USR-0184,2024-01-26 17:08:00,face,0.3803,DEV-0037,London,1,success,152,True,low_score_bypass
2ba95b90-9654-45e4-ba65-860330b6857a,USR-0184,2024-01-26 17:08:00,face,0.844,DEV-0037,London,1,success,152,False,
5938949e-8a42-4ff0-a098-4689c78ae6ce,USR-0170,2024-01-26 17:13:00,voice,0.6926,DEV-0032,London,1,success,152,False,
39b9c13a-56fe-472b-9acb-287dd5949c84,USR-0107,2024-01-26 17:14:00,face,0.7747,DEV-0004,New York,1,success,175,False,
be69ad39-0e37-4b07-8c53-5c3e52bb530d,USR-0094,2024-01-26 17:20:00,fingerprint,0.8532,DEV-0015,Manchester,1,success,142,False,
5aaab32f-ce63-42b6-ab05-347fd556b37d,USR-0017,2024-01-26 17:26:00,fingerprint,0.8308,DEV-0016,London,1,success,235,False,
173e13d9-fc32-4db4-b5d8-053130e423e1,USR-0170,2024-01-26 17:27:00,voice,0.909,DEV-0039,London,1,success,161,False,
b0d18df1-484f-4db9-b50b-9f519f310fff,USR-0096,2024-01-26 17:39:00,keystroke_dynamics,0.8096,DEV-0001,New York,1,success,162,False,
e6426f0b-8869-472a-934c-0a09ada59cb2,USR-0083,2024-01-26 17:40:00,keystroke_dynamics,1.0,DEV-0028,New York,1,success,169,False,
e8646e0c-80d4-48b9-af61-5360182047f7,USR-0139,2024-01-26 17:40:00,voice,0.8314,DEV-0007,Manchester,1,success,164,False,
2ce6f908-cece-45d3-9ea9-09ef7257dcb6,USR-0076,2024-01-26 17:41:00,face,0.8172,DEV-0050,London,1,success,184,False,
3f555c7d-534d-488e-b279-ec9ef8281e0b,USR-0153,2024-01-26 17:44:00,fingerprint,0.7902,DEV-0032,New York,1,success,141,False,
75566ff1-b91a-4e28-a1e6-8d3577c8c297,USR-0143,2024-01-26 17:47:00,fingerprint,0.8533,DEV-0033,New York,1,success,262,False,
5302e6e2-387b-4cda-b133-0766d11ce313,USR-0127,2024-01-26 17:47:00,fingerprint,0.8376,DEV-0047,London,1,success,104,False,
03c72ba8-d605-4770-8a63-f881ffd0f9d5,USR-0003,2024-01-26 17:55:00,face,0.8235,DEV-0018,New York,1,success,134,False,
49d93a08-277e-4fbc-aacf-f20fd707cb6d,USR-0075,2024-01-26 17:58:00,face,0.8974,DEV-0025,London,1,success,283,False,
35f2e254-3e14-4f6a-abcb-b347e9b758ee,USR-0130,2024-01-26 18:02:00,fingerprint,0.7639,DEV-0008,New York,1,success,136,False,
dbd30aec-0b46-4173-80a8-547382425912,USR-0039,2024-01-26 18:03:00,voice,0.835,DEV-0034,Manchester,1,success,221,False,
ba266e87-432f-474f-91b7-2a5c10dd6f06,USR-0184,2024-01-26 18:05:00,voice,0.8621,DEV-0016,London,1,success,208,False,
bd66c203-ddc8-4a37-b5b7-215ecd68cb39,USR-0170,2024-01-26 18:11:00,face,0.8518,DEV-0002,London,1,success,234,False,
9f690cde-7eaa-4a91-9def-d401792cad76,USR-0096,2024-01-26 18:11:00,face,0.679,DEV-0015,New York,1,success,246,False,
7233d5af-9813-4da1-bd21-20ad5f59fb4d,USR-0046,2024-01-26 18:15:00,keystroke_dynamics,0.7732,DEV-0012,Manchester,1,success,233,False,
115c42cd-5147-4e86-a875-d40aeac7dc2e,USR-0069,2024-01-26 18:20:00,keystroke_dynamics,0.697,DEV-0015,Manchester,1,success,209,False,
bed63da0-8033-45c2-9413-d64db962c8a7,USR-0032,2024-01-26 18:20:00,face,0.7241,DEV-0012,New York,1,success,198,False,
22538040-7a02-4a6d-87a2-b171b02a06ee,USR-0069,2024-01-26 18:21:00,face,0.8251,DEV-0037,Manchester,1,success,211,False,
9dd2f9de-fd98-4e33-a498-abe92999bbef,USR-0026,2024-01-26 18:22:00,keystroke_dynamics,0.8446,DEV-0035,New York,1,success,170,False,
20572e73-cd19-4b5e-b5c4-3078197df05f,USR-0134,2024-01-26 18:27:00,voice,0.7599,DEV-0002,New York,1,success,221,False,
15669e36-4708-403b-a716-10c19db54283,USR-0038,2024-01-26 18:30:00,face,0.7655,DEV-0024,New York,1,success,240,False,
b4f136fc-fc7c-4e71-89c6-7b51ef13864b,USR-0071,2024-01-26 18:43:00,keystroke_dynamics,0.8131,DEV-0031,London,1,success,202,False,
6553867d-a881-4fd3-947d-577bfa5a91ca,USR-0012,2024-01-26 18:43:00,face,0.8217,DEV-0002,New York,1,success,231,False,
6a429bd5-cd71-42b4-9471-104f1859c5ae,USR-0137,2024-01-26 18:47:00,fingerprint,0.8667,DEV-0014,New York,1,success,150,False,
665e467f-e1bb-4399-87c4-32a0c3af3d93,USR-0123,2024-01-26 18:49:00,face,0.8399,DEV-0032,London,1,success,205,False,
b3efbaa9-05c6-4c4d-8523-19ae45ec257f,USR-0189,2024-01-26 18:55:00,face,0.7089,DEV-0013,Manchester,1,success,212,False,
9f1c9fd4-d449-4964-b9cd-213b5748218a,USR-0149,2024-01-26 18:58:00,fingerprint,0.83,DEV-0006,Manchester,1,success,134,False,
ea8104ad-75e2-42fa-aad7-34531d2cec89,USR-0086,2024-01-26 18:59:00,fingerprint,0.8692,DEV-0007,London,1,success,212,False,
e60584a2-08f5-48e7-853b-cc3a4c26fd27,USR-0189,2024-01-26 19:06:00,face,0.8925,DEV-0002,Manchester,1,success,160,False,
1da76d69-85b8-44d4-9d64-3387b6b38fbc,USR-0072,2024-01-26 19:06:00,face,0.8817,DEV-0013,Manchester,1,success,200,False,
4d156c62-a8cc-4e3b-bae3-438e2f43b2f0,USR-0171,2024-01-26 19:08:00,face,0.9145,DEV-0026,New York,1,success,180,False,
f714bab7-6ef5-4d48-a98f-8c8ad63c04c0,USR-0162,2024-01-26 19:08:00,fingerprint,0.8464,DEV-0021,New York,1,success,176,False,
4674a0eb-47ed-46dd-9da4-ec0f21ee0f6c,USR-0076,2024-01-26 19:09:00,fingerprint,0.8301,DEV-0038,London,1,success,226,False,
db20a56e-dc81-4fe7-8eda-8bbb71710434,USR-0003,2024-01-26 19:11:00,keystroke_dynamics,0.8304,DEV-0002,New York,1,success,195,False,
07480379-3ea7-4419-a510-af65b0167db8,USR-0085,2024-01-26 19:12:00,keystroke_dynamics,0.9192,DEV-0044,London,1,success,204,False,
fc3a156a-531b-49d8-8b7e-42df9c8a1631,USR-0127,2024-01-26 19:14:00,fingerprint,0.7499,DEV-0034,London,1,success,166,False,
ef3bbcb5-4135-44d3-8108-cc5d9351a5da,USR-0191,2024-01-26 19:19:00,voice,0.7681,DEV-0043,London,1,success,149,False,
8f8dd995-1127-4cb2-b472-99b68f0ce422,USR-0082,2024-01-26 19:22:00,voice,0.8619,DEV-0008,Manchester,1,success,146,False,
0488a0e8-1028-45b4-b938-ce7ff86e2588,USR-0185,2024-01-26 19:23:00,face,0.7256,DEV-0028,London,1,success,135,False,
a8f1e091-ffb8-402d-9475-dbc996418ced,USR-0012,2024-01-26 19:30:00,face,0.8258,DEV-0024,New York,1,success,161,False,
6fa1c232-7eec-4c53-8f1b-6490bec51040,USR-0135,2024-01-26 19:31:00,fingerprint,0.8867,DEV-0012,Manchester,1,success,119,False,
91312064-101e-47fb-8532-5a3e6759d978,USR-0135,2024-01-26 19:31:00,fingerprint,0.442,DEV-0012,Manchester,1,success,119,True,low_score_bypass
615eca80-0d0b-4920-9d46-0c9117478b5c,USR-0124,2024-01-26 19:33:00,fingerprint,0.804,DEV-0038,London,1,success,202,False,
55c275e2-d363-421f-b11c-dad44e6ccc79,USR-0194,2024-01-26 19:36:00,fingerprint,0.7965,DEV-0008,Manchester,1,success,188,False,
9c7c7377-79a2-4903-bbe3-3b243eae0032,USR-0006,2024-01-26 19:40:00,face,0.9131,DEV-0028,New York,1,success,184,False,
bd0b0fa2-8bee-483f-96a0-6bf2c14ebd10,USR-0053,2024-01-26 19:41:00,keystroke_dynamics,0.8916,DEV-0023,Manchester,1,success,129,False,
ec1b55dd-e829-46cf-ba81-d86090b3032d,USR-0083,2024-01-26 19:42:00,voice,0.8063,DEV-0026,New York,1,success,208,False,
13fc927f-7237-4f5b-b6fc-1c4679ebb8bb,USR-0098,2024-01-26 19:42:00,face,0.8375,DEV-0024,London,1,success,181,False,
f94d8fcb-dba3-496f-ba32-3f6990dbfad6,USR-0032,2024-01-26 19:51:00,voice,0.8969,DEV-0045,New York,1,success,202,False,
a3bdd4d6-0a01-48b6-8ab6-3e0f3cfbc642,USR-0126,2024-01-26 19:53:00,fingerprint,0.8518,DEV-0013,New York,1,success,175,False,
b9076ff3-263a-484e-a048-ba6e72ec6f04,USR-0126,2024-01-26 19:53:00,fingerprint,0.3984,DEV-0013,New York,1,success,175,True,low_score_bypass
c0d978e7-cf6c-4143-8335-5860e84e9da0,USR-0149,2024-01-26 19:57:00,voice,0.8032,DEV-0004,Manchester,1,success,174,False,
1b332e43-a4b1-4f6a-9d2c-e51b37e82d71,USR-0077,2024-01-26 20:06:00,fingerprint,0.8098,DEV-0042,Manchester,1,success,245,False,
95dfe6cb-c75a-4c94-ae05-7f791cf8d03f,USR-0070,2024-01-26 20:09:00,keystroke_dynamics,0.8336,DEV-0028,Manchester,1,success,205,False,
8222cd7f-36e6-4a85-99ab-dc15296b67bf,USR-0057,2024-01-26 20:10:00,face,0.7629,DEV-0019,Manchester,1,success,192,False,
1186da93-da7d-4c53-b020-cf0669b41194,USR-0062,2024-01-26 20:12:00,face,0.78,DEV-0041,Manchester,1,success,187,False,
7a37f3d6-77eb-4d89-b142-de87d109ffe5,USR-0131,2024-01-26 20:14:00,voice,0.7637,DEV-0050,New York,1,success,158,False,
5170a2ef-e777-4664-a732-ceca2c78bc22,USR-0134,2024-01-26 20:20:00,voice,0.9272,DEV-0012,New York,1,success,162,False,
439db29d-4bc8-4c16-ba2f-bd74fd1935cc,USR-0050,2024-01-26 20:23:00,keystroke_dynamics,0.7424,DEV-0046,London,1,success,158,False,
622c636f-e713-4930-9395-8e5cedd0ce02,USR-0117,2024-01-26 20:24:00,face,0.7912,DEV-0035,Manchester,1,success,105,False,
6b358d15-590c-4e67-8d1b-6d80c8575c8a,USR-0079,2024-01-26 20:36:00,fingerprint,0.7636,DEV-0030,London,1,success,199,False,
638c254c-076e-4bba-bc53-08bf6f92f25e,USR-0007,2024-01-26 20:41:00,face,0.8246,DEV-0032,Manchester,1,success,145,False,
40c8c7a3-82e8-47ae-b545-dfb308a47ee1,USR-0136,2024-01-26 20:49:00,fingerprint,0.8069,DEV-0013,London,1,success,178,False,
ac3a812f-765e-4cb5-8f0d-55400ec7d662,USR-0029,2024-01-26 20:51:00,keystroke_dynamics,0.9444,DEV-0043,London,1,success,143,False,
fffcff63-7bf3-48f5-a24b-31d72e5c58ad,USR-0119,2024-01-26 20:56:00,face,0.8702,DEV-0028,London,1,success,137,False,
b01cad4e-b4f1-4ca9-92f7-76d1c6ec757f,USR-0152,2024-01-26 21:10:00,keystroke_dynamics,0.8713,DEV-0008,London,1,success,180,False,
8f8d4107-c4d5-4c13-b561-d900aa52cdf3,USR-0142,2024-01-26 21:15:00,keystroke_dynamics,0.8355,DEV-0045,Manchester,1,success,137,False,
a54427ec-b261-4d5c-a214-245cfecfdd72,USR-0121,2024-01-26 21:15:00,voice,0.7974,DEV-0043,London,1,success,192,False,
ba5c865d-b834-4070-a0e5-f6e504c44853,USR-0056,2024-01-26 21:19:00,face,0.8387,DEV-0023,New York,1,success,104,False,
78dc340b-4051-491c-9ac1-ad6984f612df,USR-0155,2024-01-26 21:19:00,fingerprint,0.877,DEV-0026,New York,1,success,111,False,
5fdcabbf-6b9c-471c-b6ba-745ba55871e3,USR-0030,2024-01-26 21:21:00,voice,0.8573,DEV-0017,Manchester,1,success,165,False,
da36967d-9b2d-4eee-b65b-b06910a012b2,USR-0121,2024-01-26 21:25:00,voice,0.7974,DEV-0043,Berlin,1,success,192,True,geo_jump
59259acd-4142-400e-aff6-fa9a16e6e8fc,USR-0197,2024-01-26 21:27:00,voice,0.9691,DEV-0008,London,1,success,185,False,
546fcba3-b336-4143-a6cf-bf5144352e6f,USR-0077,2024-01-26 21:29:00,keystroke_dynamics,0.7773,DEV-0042,Manchester,1,success,164,False,
eb1fa9f2-d10b-41d0-b317-347038f16a81,USR-0006,2024-01-26 21:34:00,keystroke_dynamics,0.7705,DEV-0030,New York,1,success,167,False,
34c6d620-8d06-43e2-9ab6-2311a261d918,USR-0127,2024-01-26 21:34:00,voice,0.7929,DEV-0004,London,1,success,174,False,
4b4ef503-f872-4413-97c5-982cf6ae10e8,USR-0052,2024-01-26 21:35:00,fingerprint,0.8944,DEV-0027,Manchester,1,success,164,False,
a2e13d75-b2e2-43cc-b873-335fca3f48a4,USR-0078,2024-01-26 21:36:00,keystroke_dynamics,0.3312,DEV-0009,Manchester,1,success,213,True,low_score_bypass
fdd99681-ef5e-4ca5-8909-b0039136e530,USR-0078,2024-01-26 21:36:00,keystroke_dynamics,0.791,DEV-0009,Manchester,1,success,213,False,
f2d3f761-0ba3-4279-94cb-056407437c3b,USR-0024,2024-01-26 21:45:00,keystroke_dynamics,0.8394,DEV-0015,London,1,success,169,False,
07fbb920-dd9d-4e4d-883e-dd69dc7abd16,USR-0075,2024-01-26 21:45:00,fingerprint,0.7953,DEV-0001,London,1,success,150,False,
c4605896-ef87-4f0d-8802-2f8e38de6b6e,USR-0084,2024-01-26 21:46:00,face,0.8094,DEV-0007,New York,1,success,64,False,
6e15c527-fe2a-4cbc-927a-e04ef58b8c61,USR-0134,2024-01-26 21:51:00,keystroke_dynamics,0.7698,DEV-0027,New York,1,success,136,False,
a962a21a-0faf-4a84-b5fa-99f24b851e26,USR-0015,2024-01-27 02:21:00,fingerprint,0.8335,DEV-0037,London,1,success,221,True,off_hours
c798c498-499d-4830-8d67-6a99a94a3567,USR-0111,2024-01-27 03:58:00,voice,0.8316,DEV-0022,Manchester,1,success,182,True,off_hours
0b3b81a9-ddd6-42a8-a925-f2d53b36c46e,USR-0131,2024-01-27 03:59:00,voice,0.8188,DEV-0026,New York,1,success,184,True,off_hours
c61f98b1-6097-4bc0-a4ab-d0358f65abf9,USR-0156,2024-01-27 07:02:00,voice,0.7609,DEV-0046,Manchester,1,success,50,False,
9e90d107-0611-4bfe-88b6-f61d316da914,USR-0077,2024-01-27 07:05:00,keystroke_dynamics,0.7788,DEV-0022,Manchester,1,success,155,False,
a92f85fe-258f-4afc-81cf-d878000c14a5,USR-0075,2024-01-27 07:06:00,voice,0.856,DEV-0007,London,1,success,218,False,
0a199083-d83e-462a-b1ca-680c9a178669,USR-0169,2024-01-27 07:06:00,fingerprint,0.836,DEV-0022,New York,1,success,247,False,
6307d4d1-21c9-415d-9104-5a16ef15ab72,USR-0038,2024-01-27 07:07:00,face,0.7934,DEV-0025,Manchester,1,success,160,False,
57d9f647-4cda-4bf4-98f9-bfb4b2a43bf4,USR-0192,2024-01-27 07:07:00,keystroke_dynamics,0.8623,DEV-0016,London,1,success,190,False,
14c62aba-89c2-4ba5-a48d-f4c0c330ec14,USR-0101,2024-01-27 07:15:00,face,0.8078,DEV-0043,New York,1,success,304,False,
0e18ab96-25f4-4dd6-af51-ac6e0c85f154,USR-0070,2024-01-27 07:15:00,fingerprint,0.8344,DEV-0013,London,1,success,230,False,
0991946d-537c-44b0-89d5-af23050bd848,USR-0089,2024-01-27 07:19:00,keystroke_dynamics,0.7858,DEV-0027,New York,1,success,165,False,
743de03a-e05c-4fb9-ae0e-f4aae65e0ac3,USR-0151,2024-01-27 07:22:00,face,0.8852,DEV-0029,New York,1,success,197,False,
be901a64-a0cc-4d31-8e22-efcfd02b4c3a,USR-0174,2024-01-27 07:26:00,keystroke_dynamics,0.7833,DEV-0024,London,1,success,211,False,
318f7980-2ec2-45a6-9293-23e289e10a5a,USR-0167,2024-01-27 07:29:00,voice,0.7502,DEV-0020,London,1,success,173,False,
290c9e51-80d7-4805-ac6f-c084c04a3f68,USR-0130,2024-01-27 07:32:00,voice,0.7597,DEV-0037,New York,1,success,185,False,
3427e466-17f4-485d-997f-aaf01fa7cddf,USR-0093,2024-01-27 07:34:00,voice,0.8748,DEV-0012,Manchester,1,success,196,False,
9696e833-4728-4df6-8532-499e08a43ec0,USR-0148,2024-01-27 07:38:00,fingerprint,0.6938,DEV-0035,New York,1,success,153,False,
fc377a4c-4a15-444d-85e7-ce8a3a578a8e,USR-0001,2024-01-27 07:51:00,voice,0.8131,DEV-0026,New York,1,success,167,False,
b011b125-0221-41e5-88fc-3da1781d5b6c,USR-0062,2024-01-27 07:52:00,voice,0.8443,DEV-0034,Manchester,1,success,208,False,
ede02d33-a36d-4567-b3a4-4f408d3ba57f,USR-0131,2024-01-27 07:57:00,voice,0.7805,DEV-0027,New York,1,success,233,False,
243191eb-5d9e-4717-bf08-6a9e569db57e,USR-0177,2024-01-27 08:00:00,voice,0.8071,DEV-0022,Manchester,1,success,190,False,
1aedbcfd-a357-44ea-8e80-c78a6bf2d5d9,USR-0173,2024-01-27 08:03:00,keystroke_dynamics,0.7705,DEV-0035,Manchester,1,success,181,False,
594de8d7-add7-4b0f-a90b-365143eb4ff0,USR-0141,2024-01-27 08:05:00,voice,0.7584,DEV-0005,Manchester,1,success,243,False,
1f8b4af1-96bc-432d-ac11-7babd6642fe8,USR-0052,2024-01-27 08:23:00,fingerprint,0.834,DEV-0017,Manchester,1,success,149,False,
aabb6cac-48d7-4165-8c98-7a1b59afb1d1,USR-0098,2024-01-27 08:27:00,voice,0.8768,DEV-0015,London,1,success,222,False,
c1eecd7a-2428-485a-861d-e0171ee92d3b,USR-0078,2024-01-27 08:28:00,face,0.8912,DEV-0003,Manchester,1,success,241,False,
3c088990-54a2-4051-bb0c-cad9eee13cae,USR-0050,2024-01-27 08:28:00,keystroke_dynamics,0.8462,DEV-0016,London,1,success,78,False,
e16c77ac-e69b-425c-a8e9-772b8fd7dced,USR-0181,2024-01-27 08:35:00,voice,0.778,DEV-0033,Manchester,1,success,182,False,
92779574-c457-4cc3-b5f7-89bca6b07458,USR-0024,2024-01-27 08:36:00,voice,0.873,DEV-0008,London,1,success,176,False,
16591c89-21eb-4aa9-9a2b-d69c450f69ee,USR-0033,2024-01-27 08:47:00,face,0.781,DEV-0002,Manchester,1,success,232,False,
aa604892-3926-42e9-9b58-eb49c9784b52,USR-0043,2024-01-27 08:48:00,keystroke_dynamics,0.7631,DEV-0036,London,1,success,249,False,
041b1878-1765-49e7-b332-432b3d10fa95,USR-0111,2024-01-27 08:52:00,face,0.8232,DEV-0029,Manchester,1,success,185,False,
935f2b0a-a138-4ddc-a2d9-de5d6a18ce4c,USR-0006,2024-01-27 09:04:00,fingerprint,0.9436,DEV-0011,New York,1,success,250,False,
afaf20ec-2a08-4526-ac4f-e33d47206b6c,USR-0138,2024-01-27 09:05:00,voice,0.8603,DEV-0038,London,1,success,209,False,
a4d6c76c-a3f5-4c8d-b9ce-fff31b3ec681,USR-0191,2024-01-27 09:07:00,face,0.8285,DEV-0027,London,1,success,230,False,
36d5187b-bfdb-410b-b929-1d34db6ea0ba,USR-0153,2024-01-27 09:14:00,keystroke_dynamics,0.8492,DEV-0030,New York,1,success,187,False,
ee662c46-057d-4e28-ba4e-2920f8b1f902,USR-0146,2024-01-27 09:17:00,keystroke_dynamics,0.9127,DEV-0012,London,1,success,204,False,
145deec7-019d-412d-81f1-0d042f576e77,USR-0183,2024-01-27 09:19:00,keystroke_dynamics,0.823,DEV-0002,New York,1,success,196,False,
ccc56569-f9e8-4369-a999-b735dd56cc94,USR-0005,2024-01-27 09:19:00,fingerprint,0.8258,DEV-0038,London,1,success,203,False,
c4bd338e-17d7-4fc0-892c-d030ee757637,USR-0070,2024-01-27 09:20:00,keystroke_dynamics,0.9117,DEV-0025,London,1,success,176,False,
d5db677f-08bb-429f-a277-279b2498a9f2,USR-0171,2024-01-27 09:24:00,fingerprint,0.8029,DEV-0001,New York,1,success,242,False,
099396ff-da1e-42b2-9e6a-7c6e961b9221,USR-0131,2024-01-27 09:30:00,face,0.8659,DEV-0001,New York,1,success,222,False,
4c955f6a-966b-4964-bcd6-bdca5876fd09,USR-0012,2024-01-27 09:34:00,voice,0.8554,DEV-0021,New York,1,success,224,False,
bad4f3e0-3b52-4525-b230-b85b27d81ea0,USR-0128,2024-01-27 09:38:00,keystroke_dynamics,0.9087,DEV-0019,Manchester,1,success,120,False,
e27bb6c4-4d94-4434-8785-9c05dc409942,USR-0089,2024-01-27 09:46:00,keystroke_dynamics,0.8162,DEV-0019,New York,1,success,153,False,
e31db345-7b6b-411e-8aeb-99597ca2f582,USR-0055,2024-01-27 09:47:00,voice,0.8733,DEV-0037,London,1,success,210,False,
57076494-05f4-449b-af10-b6ccdcaa5994,USR-0099,2024-01-27 09:48:00,face,0.8837,DEV-0026,New York,1,success,162,False,
1986b4b2-70b7-4868-9854-80f0dfcaf0b7,USR-0012,2024-01-27 09:48:00,keystroke_dynamics,0.7393,DEV-0029,New York,1,success,143,False,
c01d1c62-ba0d-4f1f-a325-85b486daf596,USR-0128,2024-01-27 09:50:00,keystroke_dynamics,0.7487,DEV-0047,Manchester,1,success,203,False,
fa5f9e72-5166-488b-b008-32dae24ba9d4,USR-0111,2024-01-27 09:55:00,voice,0.8457,DEV-0014,Manchester,1,success,248,False,
c3dab31b-8a90-417c-85e5-120a615256aa,USR-0196,2024-01-27 10:00:00,keystroke_dynamics,0.9203,DEV-0033,Manchester,1,success,199,False,
95831d58-ef4c-4119-8da5-d39b42c21797,USR-0031,2024-01-27 10:05:00,keystroke_dynamics,0.8116,DEV-0029,London,1,success,161,False,
6e8649f1-055c-42ad-bd71-017f5e3a5dad,USR-0179,2024-01-27 10:06:00,voice,0.8264,DEV-0013,New York,1,success,158,False,
30b05a0b-b19d-4860-b8f4-0e49cb5d2aff,USR-0125,2024-01-27 10:12:00,face,0.8005,DEV-0019,London,1,success,214,False,
372f5f47-999f-4691-b4e4-20bfdb38f306,USR-0092,2024-01-27 10:16:00,voice,0.8287,DEV-0039,New York,1,success,151,False,
4823debe-ccad-492e-93dc-4faed3a71b83,USR-0092,2024-01-27 10:17:00,face,0.8822,DEV-0012,New York,1,success,143,False,
9f871ce7-5487-4d4f-abb7-a385aa0b7b14,USR-0006,2024-01-27 10:18:00,face,0.8723,DEV-0024,New York,1,success,187,False,
4ff85111-f875-4fd4-ad2c-cf42271a919f,USR-0069,2024-01-27 10:23:00,keystroke_dynamics,0.8367,DEV-0025,Manchester,1,success,191,False,
bbaa6e4a-fe25-471b-bd5b-fecedbd0ad57,USR-0154,2024-01-27 10:24:00,voice,0.8759,DEV-0028,New York,1,success,252,False,
84c2f2c4-efb0-4e3b-acb5-0ab92c23b779,USR-0170,2024-01-27 10:31:00,face,0.8762,DEV-0007,London,1,success,172,False,
b440b852-e033-400e-a432-62b38675820e,USR-0069,2024-01-27 10:31:00,voice,0.7915,DEV-0046,Manchester,1,success,146,False,
7147f758-cdbe-4548-aa65-66e8fe1ad905,USR-0085,2024-01-27 10:36:00,keystroke_dynamics,0.8262,DEV-0033,London,1,success,87,False,
01b8c14a-fd68-45d7-937a-430a2f2aa5e8,USR-0104,2024-01-27 10:38:00,voice,0.8321,DEV-0036,Manchester,1,success,117,False,
9fb886b2-a662-4b92-8748-ffb3d0a96757,USR-0111,2024-01-27 10:48:00,voice,0.8316,DEV-0022,Manchester,1,success,182,False,
808eadf2-19db-433e-80ea-83afbdcfc159,USR-0131,2024-01-27 10:49:00,voice,0.8188,DEV-0026,New York,1,success,184,False,
a13ecf15-72cf-4b0e-9db2-f6cee5190530,USR-0125,2024-01-27 10:50:00,keystroke_dynamics,0.7547,DEV-0022,London,1,success,202,False,
6090d697-8b1e-4b9d-834b-9fbb8d4a75b8,USR-0012,2024-01-27 10:51:00,face,0.8953,DEV-0017,New York,1,success,144,False,
436d977b-6431-4bbe-8e44-c9dc81b61c87,USR-0089,2024-01-27 10:56:00,voice,0.8148,DEV-0043,New York,1,success,255,False,
3a58d606-a302-4b2f-81de-ca4c625cade5,USR-0165,2024-01-27 11:02:00,voice,0.8036,DEV-0008,Manchester,1,success,233,False,
668409e3-f1f8-443e-a99f-131849c8a43f,USR-0011,2024-01-27 11:04:00,fingerprint,0.8511,DEV-0040,London,1,success,150,False,
b99e6f7b-23c0-4eb1-949b-862d1f7b6b19,USR-0101,2024-01-27 11:06:00,fingerprint,0.8648,DEV-0041,New York,1,success,191,False,
7eccdaf4-c413-4dc2-85c5-ae8abe15ad12,USR-0036,2024-01-27 11:14:00,face,0.7898,DEV-0030,New York,1,success,190,False,
65ef2c84-c06e-4481-9963-37aa9c4e1662,USR-0160,2024-01-27 11:15:00,fingerprint,0.8851,DEV-0040,Manchester,1,success,171,False,
cfd7f3b9-c68f-4ba5-9e0d-02b5fe7402cd,USR-0036,2024-01-27 11:15:00,voice,0.7742,DEV-0006,New York,1,success,181,False,
b1d06d8a-655f-4c8c-8a2b-a8f5a44e3b1c,USR-0187,2024-01-27 11:21:00,face,0.8063,DEV-0036,Manchester,1,success,189,False,
e9ea8b10-3bd6-4a06-a22f-c33168518341,USR-0100,2024-01-27 11:22:00,fingerprint,0.7674,DEV-0001,New York,1,success,206,False,
5e8a35cb-afb7-49ba-996d-9303e3a060f1,USR-0161,2024-01-27 11:22:00,fingerprint,0.9085,DEV-0050,New York,1,success,196,False,
8f5e248e-b40f-440e-8037-447f0d99c071,USR-0075,2024-01-27 11:22:00,fingerprint,0.792,DEV-0018,London,1,success,120,False,
3c1a8ce2-95ec-4c2c-8798-3bc0579744ba,USR-0116,2024-01-27 11:26:00,fingerprint,0.8027,DEV-0049,Manchester,1,success,197,False,
fb8fe8c4-d8b4-4ead-9360-8edf382b5b86,USR-0042,2024-01-27 11:29:00,face,0.8028,DEV-0028,Manchester,1,success,191,False,
48998e5f-d40e-43ce-92a7-4a4144bed486,USR-0036,2024-01-27 11:30:00,fingerprint,0.9434,DEV-0029,New York,1,success,134,False,
e0ee5e8a-b3e6-44c6-9428-df6c89aa4293,USR-0054,2024-01-27 11:32:00,voice,0.6894,DEV-0028,New York,1,success,187,False,
8a73483e-26ec-41dc-b751-68f6c0485d0b,USR-0172,2024-01-27 11:32:00,voice,0.8001,DEV-0046,New York,1,success,183,False,
705f052b-d682-40b4-bbb7-cc429cba7bc6,USR-0175,2024-01-27 11:40:00,voice,0.8116,DEV-0045,London,1,success,260,False,
559a8f54-c559-4d0f-abff-c53f0e50f355,USR-0067,2024-01-27 11:41:00,voice,0.8432,DEV-0003,London,1,success,213,False,
7f5085e7-058c-4d44-b2a0-2b53565a4a42,USR-0185,2024-01-27 11:44:00,voice,0.8302,DEV-0009,London,1,success,209,False,
434a7e17-eece-45b3-ba8d-a12744f64bef,USR-0167,2024-01-27 11:46:00,fingerprint,0.7915,DEV-0044,London,1,success,153,False,
459df649-cdf9-41d6-b22e-d234404c86f1,USR-0167,2024-01-27 11:50:00,face,0.6297,DEV-0012,London,15,success,165,True,rapid_retry
ca3e7f3a-51a0-433c-8d13-c33bc80aa7cf,USR-0167,2024-01-27 11:50:00,face,0.7508,DEV-0012,London,1,success,165,False,
48a05e4f-b064-472a-b94a-6d319b428238,USR-0167,2024-01-27 11:52:00,face,0.7508,DEV-0012,Singapore,1,success,165,True,geo_jump
dc406c3b-2e50-478b-945f-d39a376788ab,USR-0188,2024-01-27 11:55:00,keystroke_dynamics,0.8343,DEV-0004,New York,1,success,266,False,
74e5418d-baa3-40fa-8743-8e60cd4901c9,USR-0174,2024-01-27 11:56:00,face,0.7842,DEV-0040,London,1,success,201,False,
1a93a3f1-8502-46c0-8abf-19038b435eca,USR-0191,2024-01-27 11:57:00,fingerprint,0.8714,DEV-0015,London,1,success,179,False,
cb1b8eff-d02a-4cbb-89b4-094ae048f1de,USR-0058,2024-01-27 11:57:00,face,0.8054,DEV-0045,New York,1,success,180,False,
9099a283-eedb-4ce5-a7fe-cdcd2528b516,USR-0069,2024-01-27 12:01:00,voice,0.8492,DEV-0003,Manchester,1,success,102,False,
46fc4ff2-12f1-48bd-87de-01a929769b0f,USR-0077,2024-01-27 12:01:00,voice,0.7578,DEV-0020,Manchester,1,success,171,False,
33261887-9058-41df-ae9b-f3e11d27c09a,USR-0033,2024-01-27 12:08:00,voice,0.7921,DEV-0031,Manchester,1,success,198,False,
93b91ea1-4211-4052-b4de-bda7f4a6af9d,USR-0069,2024-01-27 12:10:00,voice,0.8492,DEV-0003,Singapore,1,success,102,True,geo_jump
12a1fe7d-dfa5-4722-8a1f-c9df9a591974,USR-0031,2024-01-27 12:11:00,fingerprint,0.7783,DEV-0026,London,1,success,163,False,
734eab10-85e9-454f-855c-f668a3cb9e18,USR-0079,2024-01-27 12:12:00,face,0.8823,DEV-0004,London,1,success,183,False,
c6e19fd7-390e-4f57-b63d-2fb56baf1e8f,USR-0134,2024-01-27 12:13:00,keystroke_dynamics,0.7303,DEV-0020,New York,1,success,187,False,
b43bf88c-c6f4-4468-8d78-e1c84f4ff145,USR-0192,2024-01-27 12:13:00,fingerprint,0.8014,DEV-0009,London,1,success,170,False,
ea725584-5e6e-487a-a939-f79018177e4a,USR-0156,2024-01-27 12:15:00,fingerprint,0.8727,DEV-0012,Manchester,1,success,233,False,
be00b0cb-c1ef-4aef-aa38-746e528f2346,USR-0156,2024-01-27 12:15:00,fingerprint,0.4953,DEV-0012,Manchester,18,success,233,True,rapid_retry
b0d508a9-e4b8-4e89-a287-729e12194d94,USR-0082,2024-01-27 12:19:00,voice,0.8173,DEV-0034,Manchester,1,success,130,False,
8fb3a134-ff23-46e9-b990-3d9687cec69d,USR-0053,2024-01-27 12:22:00,fingerprint,0.8454,DEV-0049,Manchester,1,success,181,False,
dde7110f-f42e-48ee-9f30-1cb5c8c574fa,USR-0197,2024-01-27 12:35:00,voice,0.7409,DEV-0023,London,1,success,204,False,
51ccaa40-2316-4b59-8fbb-f4e3e160e35b,USR-0194,2024-01-27 12:36:00,fingerprint,0.8065,DEV-0018,Manchester,1,success,154,False,
25f934bf-9bb9-4155-9275-eb9414aeaf5c,USR-0016,2024-01-27 12:49:00,face,0.8889,DEV-0019,New York,1,success,110,False,
66e66f92-a0fc-4ea8-b310-401b9610b3cd,USR-0185,2024-01-27 12:55:00,fingerprint,0.3203,DEV-0022,London,1,success,167,True,low_score_bypass
45590d60-265f-45c1-b8e7-e190642bb07d,USR-0185,2024-01-27 12:55:00,fingerprint,0.9058,DEV-0022,London,1,success,167,False,
bb63721d-1c45-4ba3-8159-ace5fca91028,USR-0097,2024-01-27 13:01:00,keystroke_dynamics,0.9347,DEV-0048,New York,1,success,226,False,
71305648-a6eb-4702-9e41-8884c9d0c0fc,USR-0097,2024-01-27 13:01:00,fingerprint,0.7097,DEV-0015,New York,1,success,215,False,
e0b4659a-09fe-4cdd-998d-65ba9d6022c5,USR-0057,2024-01-27 13:02:00,fingerprint,0.6953,DEV-0027,Manchester,1,success,167,False,
b58674b5-e631-49ee-b54f-595f12f638e6,USR-0164,2024-01-27 13:05:00,voice,0.8158,DEV-0041,Manchester,1,success,148,False,
66d71d97-b193-48b8-ae49-c0799bd0d4c7,USR-0045,2024-01-27 13:09:00,voice,0.7161,DEV-0043,Manchester,1,success,239,False,
79b8023d-2a31-49ba-a4b1-7e4525807a2c,USR-0156,2024-01-27 13:10:00,face,0.8216,DEV-0003,Manchester,1,success,182,False,
6338fb29-7599-4b0a-895b-81d6b97d7617,USR-0072,2024-01-27 13:12:00,keystroke_dynamics,0.774,DEV-0046,Manchester,1,success,182,False,
fad3b44c-3b2d-4dc9-a2f3-2faea63fcf12,USR-0068,2024-01-27 13:16:00,voice,0.7381,DEV-0033,London,1,success,208,False,
afffcfd2-341e-440b-97c7-00aab7b56ea7,USR-0005,2024-01-27 13:24:00,fingerprint,0.8268,DEV-0049,London,1,success,206,False,
c3b1927b-c178-4e77-ac3b-9258f943375e,USR-0073,2024-01-27 13:31:00,fingerprint,0.7678,DEV-0011,Manchester,1,success,179,False,
3b23feed-b9a4-4e2b-99e9-e3a418dcceb6,USR-0066,2024-01-27 13:38:00,face,0.8724,DEV-0034,London,1,success,141,False,
ab6b3f08-a9a0-44ef-ac4f-54163c749c16,USR-0074,2024-01-27 13:43:00,face,0.9629,DEV-0005,London,1,success,213,False,
25fa9f8d-c00c-4ab9-a257-37cf18781ae5,USR-0185,2024-01-27 13:49:00,keystroke_dynamics,0.6871,DEV-0019,London,1,success,212,False,
6e8f75a1-17dd-4d81-95da-705cd4ef00aa,USR-0016,2024-01-27 13:50:00,keystroke_dynamics,0.8637,DEV-0012,New York,1,success,182,False,
11925880-301d-4817-a673-d42dc7af75de,USR-0138,2024-01-27 13:56:00,keystroke_dynamics,0.9045,DEV-0028,London,1,success,174,False,
c42c40ce-24ec-455d-a83a-755ef23e9b0b,USR-0175,2024-01-27 14:05:00,fingerprint,0.7288,DEV-0038,London,1,success,195,False,
d867888b-7ff6-4824-952a-eaec2bdfcb41,USR-0032,2024-01-27 14:06:00,face,0.7444,DEV-0048,New York,1,success,155,False,
cbfd4a31-c8c8-4ad6-82cb-cdc73cd30e99,USR-0053,2024-01-27 14:14:00,keystroke_dynamics,0.7713,DEV-0019,Manchester,1,success,135,False,
77fa7bbc-cc68-453e-9a9f-d637fc7aa2dc,USR-0122,2024-01-27 14:15:00,keystroke_dynamics,0.7565,DEV-0001,New York,1,success,190,False,
d1ad3e51-89f9-4de9-b798-0131a885a7b4,USR-0065,2024-01-27 14:21:00,fingerprint,0.8614,DEV-0021,Manchester,1,success,190,False,
f0657d73-0e0e-475e-9b48-732fdbd0f097,USR-0009,2024-01-27 14:25:00,keystroke_dynamics,0.4054,DEV-0047,Manchester,1,success,169,True,low_score_bypass
1a432f0a-7daa-49f0-80b6-fce2de53790a,USR-0009,2024-01-27 14:25:00,keystroke_dynamics,0.8053,DEV-0047,Manchester,1,success,169,False,
eabd37da-c357-4620-be24-5711b4cb1a42,USR-0159,2024-01-27 14:26:00,fingerprint,0.7956,DEV-0033,London,1,success,201,False,
f53ca48b-268d-49f4-be5b-8a9233f8457c,USR-0181,2024-01-27 14:26:00,voice,0.8391,DEV-0005,Manchester,1,success,113,False,
6a34c854-1071-4d51-b6c5-9dacb4d7e28e,USR-0007,2024-01-27 14:30:00,face,0.7882,DEV-0030,Manchester,1,success,156,False,
e8266484-c4e4-4e52-9a4f-706b9d4ac78b,USR-0090,2024-01-27 14:33:00,face,0.8861,DEV-0004,London,1,success,208,False,
497de16d-d4ea-420a-9e65-96540e9058b6,USR-0019,2024-01-27 14:46:00,keystroke_dynamics,0.781,DEV-0030,Manchester,1,success,131,False,
64e04880-afd1-4c73-8cc1-9913788664f3,USR-0159,2024-01-27 14:48:00,keystroke_dynamics,0.8651,DEV-0016,London,1,success,156,False,
e9a1c6d5-c34e-4baf-8f1c-b2ccceef9fa8,USR-0048,2024-01-27 14:48:00,voice,0.765,DEV-0042,Manchester,1,success,234,False,
92cf6021-1f33-442d-89ac-908746015028,USR-0026,2024-01-27 14:50:00,face,0.7833,DEV-0011,New York,1,success,178,False,
5944a69c-a341-441c-bc16-5571957a66e5,USR-0153,2024-01-27 14:59:00,fingerprint,0.7607,DEV-0002,New York,1,success,160,False,
87beb021-f636-44f5-90d0-f83dadb1be7a,USR-0076,2024-01-27 15:00:00,face,0.7064,DEV-0007,London,1,success,192,False,
43c36988-7303-4257-b90f-f1c09744ceb0,USR-0186,2024-01-27 15:03:00,face,0.5148,DEV-0027,New York,11,success,196,True,rapid_retry
6be26493-c32a-4b1b-a4dc-6a67a6d18c91,USR-0186,2024-01-27 15:03:00,face,0.7519,DEV-0027,New York,1,success,196,False,
0cd19e0c-5dfa-4933-b5d2-fda97d57d424,USR-0161,2024-01-27 15:11:00,voice,0.8021,DEV-0035,New York,1,success,198,False,
49793220-d14b-4771-9ff0-287a4d334878,USR-0129,2024-01-27 15:16:00,voice,0.851,DEV-0046,Manchester,1,success,130,False,
121d87ac-fb26-4d27-9889-55c0090d7d2f,USR-0146,2024-01-27 15:22:00,voice,0.8918,DEV-0024,London,1,success,149,False,
a888e7af-fca3-4bae-b9e3-202eee4bd350,USR-0117,2024-01-27 15:25:00,fingerprint,0.7829,DEV-0005,New York,1,success,148,False,
7d05121c-ceee-4d65-9904-8ca79291e493,USR-0090,2024-01-27 15:25:00,face,0.8105,DEV-0019,London,1,success,192,False,
bd1a8f4b-88ff-4d40-bb72-c86d92fa675f,USR-0027,2024-01-27 15:26:00,keystroke_dynamics,0.8121,DEV-0037,London,1,success,183,False,
887cedb9-ccdd-46b3-8c07-e0e386695d31,USR-0172,2024-01-27 15:29:00,fingerprint,0.9205,DEV-0024,New York,1,success,172,False,
13865151-b092-4979-8434-d8b88ffbc222,USR-0172,2024-01-27 15:29:00,fingerprint,0.5476,DEV-0024,New York,1,success,172,True,low_score_bypass
8b2ab759-2fc6-44e6-9113-5d7e30952621,USR-0065,2024-01-27 15:32:00,fingerprint,0.818,DEV-0018,Manchester,1,success,116,False,
7f843004-c4ac-41b5-bf04-2c7b13ab7d2c,USR-0094,2024-01-27 15:36:00,keystroke_dynamics,0.8854,DEV-0003,Manchester,1,success,274,False,
3d563b0e-d11c-45c8-90b2-81c0ffdba2ee,USR-0116,2024-01-27 15:38:00,voice,0.9047,DEV-0020,Manchester,1,success,211,False,
ade81084-ef29-4413-bfda-e6661b314321,USR-0143,2024-01-27 15:41:00,face,0.9168,DEV-0038,London,1,success,217,False,
baebe15d-4f3c-4771-8edd-2a2a6b69b4ae,USR-0070,2024-01-27 15:50:00,keystroke_dynamics,0.8468,DEV-0005,London,1,success,159,False,
6f0dc87b-dfab-44e2-af25-762cd34d09ae,USR-0178,2024-01-27 15:53:00,fingerprint,0.767,DEV-0044,New York,1,success,185,False,
37809a0a-4098-4e31-97f3-b054e266c16f,USR-0188,2024-01-27 16:03:00,fingerprint,0.8173,DEV-0046,New York,1,success,162,False,
cec7b903-e369-41c0-80a8-5dbdbf5a910f,USR-0147,2024-01-27 16:08:00,face,0.847,DEV-0003,London,1,success,188,False,
b66e550b-5c8a-4866-af9c-5cfbafe601c5,USR-0195,2024-01-27 16:34:00,voice,0.7268,DEV-0006,Manchester,1,success,220,False,
cf5e7840-bdc5-41bb-9c4e-3b0054ca4adc,USR-0125,2024-01-27 16:36:00,voice,0.7302,DEV-0007,London,1,success,209,False,
343e623f-7f5f-4a4f-87ac-c717299152e6,USR-0170,2024-01-27 16:39:00,fingerprint,0.8189,DEV-0006,London,1,success,175,False,
0ec0713d-ea2c-4a51-b688-d11fce4758be,USR-0030,2024-01-27 16:42:00,keystroke_dynamics,0.6388,DEV-0010,New York,1,success,187,False,
31b42308-b846-4413-b52e-761322eb69b1,USR-0080,2024-01-27 16:48:00,voice,0.8416,DEV-0049,London,1,success,160,False,
ba236c22-e92a-4b97-91db-1a374204d733,USR-0045,2024-01-27 16:49:00,keystroke_dynamics,0.7776,DEV-0021,Manchester,1,success,214,False,
307fc576-4b43-4873-b1a5-80d76c2ec07e,USR-0138,2024-01-27 16:52:00,keystroke_dynamics,0.7906,DEV-0026,London,1,success,70,False,
45fb3e8a-563b-44fa-9784-713d18407642,USR-0090,2024-01-27 16:54:00,voice,0.7576,DEV-0021,London,1,success,207,False,
b64e26cf-3c9b-4542-bb1d-23a8d8c823b0,USR-0075,2024-01-27 16:55:00,face,0.8248,DEV-0002,London,1,success,210,False,
63d69dd8-55a1-4414-8995-3dd10976e09f,USR-0097,2024-01-27 16:59:00,voice,0.7601,DEV-0046,New York,1,success,109,False,
de46222e-2514-47ce-b4e3-5f7ba1b7e3d8,USR-0061,2024-01-27 17:13:00,voice,0.7841,DEV-0003,London,1,success,141,False,
30307633-a6de-41d8-9258-17b7cf501889,USR-0019,2024-01-27 17:14:00,fingerprint,0.9204,DEV-0046,Manchester,1,success,196,False,
4f10aae3-b518-474f-8587-4243cbd10fdc,USR-0099,2024-01-27 17:14:00,fingerprint,0.8232,DEV-0013,New York,1,success,214,False,
20733f6d-0d6a-45b3-83ef-20162c9b662e,USR-0015,2024-01-27 17:15:00,fingerprint,0.8335,DEV-0037,London,1,success,221,False,
898f3586-b74a-4db6-a223-afc0429146ca,USR-0164,2024-01-27 17:20:00,face,0.7886,DEV-0009,Manchester,1,success,125,False,
45f72e6c-7b70-4f15-abfb-c97aeefa4d76,USR-0101,2024-01-27 17:22:00,voice,0.8389,DEV-0016,New York,1,success,165,False,
71a3fad2-b094-4d2a-aaa9-3b436d15f16f,USR-0022,2024-01-27 17:25:00,keystroke_dynamics,0.7349,DEV-0010,London,1,success,109,False,
fd5baf20-7da2-4e1b-be7a-31688e72d17c,USR-0163,2024-01-27 17:33:00,face,0.8695,DEV-0028,Manchester,1,success,110,False,
f301bb6c-b306-4300-8879-d93272540ab7,USR-0057,2024-01-27 17:41:00,voice,0.865,DEV-0031,Manchester,1,success,191,False,
69d445f3-54dd-428c-9fb6-98a5e9209b3a,USR-0154,2024-01-27 17:43:00,face,0.9124,DEV-0012,New York,1,success,158,False,
0acc09da-0ada-434b-ba8b-a3cf39bbab8a,USR-0188,2024-01-27 17:48:00,fingerprint,0.7703,DEV-0009,New York,1,success,121,False,
6d1e0d7d-1402-46ee-81e6-935f3c7ed208,USR-0113,2024-01-27 17:48:00,keystroke_dynamics,0.7507,DEV-0044,New York,1,success,209,False,
bca83a82-7899-4035-bddf-8484f0c44ecb,USR-0092,2024-01-27 17:54:00,voice,0.8503,DEV-0046,New York,1,success,201,False,
d8bb254c-88e5-413a-b62f-197d8da40d27,USR-0166,2024-01-27 17:55:00,keystroke_dynamics,0.7699,DEV-0002,Manchester,1,success,152,False,
71f9b0e2-d270-4a52-98ff-d8ad8e1a3a51,USR-0075,2024-01-27 17:59:00,fingerprint,0.8095,DEV-0009,London,1,success,195,False,
0d22af35-b648-4e8a-84e7-75b92dca365a,USR-0070,2024-01-27 18:01:00,keystroke_dynamics,0.8552,DEV-0036,London,1,success,236,False,
6cdcd3be-adef-4777-ae6d-f7e899802368,USR-0128,2024-01-27 18:03:00,voice,0.873,DEV-0003,Manchester,1,success,125,False,
340a22d7-00bb-4543-9c98-fd573c359ce2,USR-0130,2024-01-27 18:10:00,face,0.8034,DEV-0039,New York,1,success,131,False,
8f6875a3-b1fb-4012-96ed-79efb03e5eb4,USR-0194,2024-01-27 18:18:00,voice,0.8761,DEV-0049,Manchester,1,success,162,False,
c3828725-e1c6-4384-ae20-a0b5acad7c07,USR-0122,2024-01-27 18:34:00,face,0.775,DEV-0031,New York,1,success,93,False,
9cf021b8-4fff-4b59-9462-8786cc502a89,USR-0076,2024-01-27 18:35:00,fingerprint,0.8851,DEV-0045,London,1,success,188,False,
b88e33d1-6c10-46cd-9249-944e713db204,USR-0078,2024-01-27 18:38:00,voice,0.4991,DEV-0022,Manchester,1,success,243,True,low_score_bypass
39d11950-8a45-402e-91f2-0d9bc90ec689,USR-0078,2024-01-27 18:38:00,voice,0.6883,DEV-0022,Manchester,1,success,243,False,
f72169bb-8096-4718-a051-acef097a1e10,USR-0012,2024-01-27 18:41:00,voice,0.9148,DEV-0010,New York,1,success,159,False,
8f158449-4f40-422f-95b0-2530f020e992,USR-0019,2024-01-27 18:52:00,keystroke_dynamics,0.8751,DEV-0005,Manchester,1,success,168,False,
f2d058ca-7b2e-429d-9f80-bd12299606d2,USR-0054,2024-01-27 18:53:00,face,0.5608,DEV-0016,New York,19,success,163,True,rapid_retry
4c4d6e40-24e2-426c-a250-d133f5cb5be4,USR-0054,2024-01-27 18:53:00,face,0.8552,DEV-0016,New York,1,success,163,False,
c2e79a98-5c23-4d8d-b1da-35b94eea9db8,USR-0033,2024-01-27 18:56:00,keystroke_dynamics,0.8647,DEV-0042,Manchester,1,success,172,False,
48817b98-741f-4545-8e4c-01f676b1d8fa,USR-0113,2024-01-27 18:57:00,face,0.7307,DEV-0046,New York,1,success,134,False,
e4872e77-08d1-4094-b6e3-b91b3777d823,USR-0111,2024-01-27 19:02:00,voice,0.9826,DEV-0021,Manchester,1,success,200,False,
45f18619-54f9-4429-a7de-02ccdda4f4a7,USR-0021,2024-01-27 19:02:00,keystroke_dynamics,0.8075,DEV-0035,Manchester,1,success,145,False,
5f5e9c52-ef15-427d-aa21-ee30fcd77150,USR-0021,2024-01-27 19:08:00,keystroke_dynamics,0.8075,DEV-0035,Lagos,1,success,145,True,geo_jump
506e5a9a-b758-488d-ab73-295b344a54b8,USR-0004,2024-01-27 19:15:00,voice,0.748,DEV-0015,London,1,success,166,False,
85924e5f-1f53-4b6e-ab11-77367260282f,USR-0137,2024-01-27 19:16:00,keystroke_dynamics,0.9309,DEV-0028,New York,1,success,219,False,
1578d709-48f9-43d0-9fea-e1e0d9e604b3,USR-0020,2024-01-27 19:25:00,voice,0.8272,DEV-0008,London,1,success,141,False,
81ee30e4-8a2b-466e-bc9d-c0d0c2d94cc9,USR-0079,2024-01-27 19:26:00,voice,0.7756,DEV-0018,London,1,success,214,False,
9167adea-f8f1-466b-b395-1a4532ce6a3d,USR-0158,2024-01-27 19:26:00,voice,0.7784,DEV-0037,New York,1,success,221,False,
0ee52f63-9caf-4df1-b584-5d71b221e1c5,USR-0071,2024-01-27 19:31:00,fingerprint,0.8539,DEV-0034,London,1,success,245,False,
c58b6161-1a44-4b3b-8634-a7cd4fa83870,USR-0173,2024-01-27 19:33:00,voice,0.7905,DEV-0010,Manchester,1,success,267,False,
8af6d268-1bd0-4f9b-b861-2769242e4cff,USR-0181,2024-01-27 19:34:00,fingerprint,0.8651,DEV-0042,Manchester,1,success,180,False,
91788bdd-4dfb-4b6e-a025-7194c903cc1d,USR-0101,2024-01-27 19:41:00,fingerprint,0.8363,DEV-0037,New York,1,success,177,False,
032a0c06-4f55-458e-8618-93ec82d768c6,USR-0188,2024-01-27 19:48:00,keystroke_dynamics,0.8369,DEV-0021,New York,1,success,243,False,
77a63918-acac-4f3b-b395-734b50b9ff30,USR-0162,2024-01-27 19:54:00,keystroke_dynamics,0.7983,DEV-0008,New York,1,success,187,False,
69fb0763-8a9c-46f7-8ee4-e5125802b640,USR-0044,2024-01-27 19:58:00,keystroke_dynamics,0.9253,DEV-0007,London,1,success,180,False,
5436deb3-f229-437b-a169-d799062e5424,USR-0174,2024-01-27 20:10:00,fingerprint,0.8571,DEV-0011,London,1,success,150,False,
5a0ae917-690f-4c3c-a9ff-6cc074bc405c,USR-0133,2024-01-27 20:14:00,face,0.7636,DEV-0035,New York,1,success,107,False,
01572a56-e4ae-485f-a3fb-e8f2cf5cbd7f,USR-0145,2024-01-27 20:17:00,voice,0.7442,DEV-0048,London,1,success,103,False,
7cd6572f-301b-4b4e-a293-4e8ed189f750,USR-0138,2024-01-27 20:18:00,voice,0.7487,DEV-0034,London,1,success,197,False,
1b84edc3-d8e0-49de-8217-ea0e896490ab,USR-0024,2024-01-27 20:20:00,face,0.8704,DEV-0006,London,1,success,201,False,
b3ecb951-ab8c-4f97-a0b7-1785d02ce0c1,USR-0019,2024-01-27 20:24:00,voice,0.7799,DEV-0025,Manchester,1,success,219,False,
324ef0f7-aa25-48da-afd1-843d92071602,USR-0193,2024-01-27 20:26:00,voice,0.7022,DEV-0022,Manchester,1,success,156,False,
d5b5984b-50af-4b53-ac4f-98383b1f3a0d,USR-0193,2024-01-27 20:30:00,voice,0.7022,DEV-0022,Lagos,1,success,156,True,geo_jump
b8f0188e-fb37-4fae-8d85-63ca193e638d,USR-0031,2024-01-27 20:35:00,fingerprint,0.9054,DEV-0001,London,1,success,217,False,
4e954929-e58b-4d2d-8d4c-3b8004251c71,USR-0133,2024-01-27 20:39:00,voice,0.8097,DEV-0012,New York,1,success,177,False,
69bea8c9-3a24-4c19-8292-9d3d96afa28a,USR-0147,2024-01-27 20:50:00,keystroke_dynamics,0.7703,DEV-0004,London,1,success,184,False,
f32de530-5ade-40d4-abb4-8c9ebd1e9dd8,USR-0151,2024-01-27 21:25:00,keystroke_dynamics,0.8283,DEV-0049,New York,1,success,199,False,
248607c2-2059-4d46-a856-0b7427ce46ce,USR-0122,2024-01-27 21:26:00,keystroke_dynamics,0.834,DEV-0039,New York,1,success,226,False,
a14ed649-926e-402e-8659-8f83b50b9ff8,USR-0099,2024-01-27 21:32:00,face,0.8283,DEV-0010,New York,1,success,104,False,
b7ed70cf-f111-4e9e-8545-b11f6d820335,USR-0122,2024-01-27 21:34:00,keystroke_dynamics,0.8161,DEV-0002,New York,1,success,183,False,
8d620ba6-89fc-47cf-bdd2-995612fcff49,USR-0122,2024-01-27 21:34:00,keystroke_dynamics,0.4158,DEV-0002,New York,16,success,183,True,rapid_retry
b8875caf-1991-403f-906e-ccbc3a8359b6,USR-0060,2024-01-27 21:37:00,keystroke_dynamics,0.8366,DEV-0006,New York,1,success,180,False,
ef4bd7a8-746b-402f-bebb-f6dfed84acc9,USR-0195,2024-01-27 21:37:00,fingerprint,0.866,DEV-0014,Manchester,1,success,201,False,
ca957c2e-65df-49cb-8062-42771a3ecc71,USR-0154,2024-01-27 21:40:00,keystroke_dynamics,0.7109,DEV-0016,New York,1,success,254,False,
8e484bc0-69c5-4d69-ac6c-db5aac367cb9,USR-0101,2024-01-27 21:56:00,voice,0.7531,DEV-0040,New York,1,success,110,False,
af1dcfb8-8a96-4a11-94be-6d9f2379c05f,USR-0069,2024-01-27 21:59:00,face,0.8639,DEV-0002,Manchester,1,success,153,False,
efede7bb-5909-47d6-8353-b9e48aa2f756,USR-0149,2024-01-27 21:59:00,voice,0.7748,DEV-0045,Manchester,1,success,135,False,
f316891d-8896-4456-b344-dde4bcac4426,USR-0181,2024-01-28 02:30:00,face,0.82,DEV-0001,Manchester,1,success,157,True,off_hours
db95e988-3398-4604-a9c2-371e71836f01,USR-0198,2024-01-28 03:18:00,fingerprint,0.863,DEV-0025,Manchester,1,success,216,True,off_hours
4721fbe9-f502-4e2a-becf-c2269a9a9f1b,USR-0085,2024-01-28 03:51:00,fingerprint,0.7601,DEV-0005,London,1,success,200,True,off_hours
291c9094-cb2c-4efb-84c3-b30d435f59e6,USR-0174,2024-01-28 07:07:00,face,0.8125,DEV-0022,London,1,success,176,False,
2f1fc132-426b-4236-a4a0-7521ab6dd0aa,USR-0132,2024-01-28 07:10:00,face,0.8542,DEV-0003,New York,1,success,219,False,
f00d5a65-5fb8-4f18-97d3-ce211f14eb34,USR-0137,2024-01-28 07:16:00,fingerprint,0.7789,DEV-0048,New York,1,success,176,False,
2320de16-15ac-40e4-a2c2-3308fd7ee75c,USR-0075,2024-01-28 07:23:00,keystroke_dynamics,0.7815,DEV-0009,London,1,success,206,False,
08560684-8a6f-44b3-b08d-312e7a732f35,USR-0060,2024-01-28 07:26:00,keystroke_dynamics,0.6395,DEV-0037,New York,1,success,202,False,
7092947d-be49-49ec-a667-d3bbe3b56360,USR-0021,2024-01-28 07:28:00,voice,0.9202,DEV-0023,Manchester,1,success,195,False,
48e918f9-65f0-4b99-b1ec-c7c2ee3d114e,USR-0179,2024-01-28 07:29:00,face,0.9271,DEV-0034,New York,1,success,173,False,
8dedf9fb-4bb0-4f20-b27c-40266703b636,USR-0006,2024-01-28 07:36:00,voice,0.7745,DEV-0031,New York,1,success,186,False,
f783b6f6-d775-4809-a18d-052048cc32c6,USR-0137,2024-01-28 07:36:00,voice,0.772,DEV-0009,New York,1,success,157,False,
03671560-fd06-475b-b462-931f966456be,USR-0111,2024-01-28 07:39:00,fingerprint,0.7853,DEV-0001,Manchester,1,success,144,False,
fa3bc921-c484-4743-8c8b-a7603e3a0dfc,USR-0151,2024-01-28 07:42:00,fingerprint,0.8658,DEV-0033,New York,1,success,196,False,
47419b48-34ae-4abd-b6fc-e0acb4698db3,USR-0035,2024-01-28 07:44:00,keystroke_dynamics,0.7622,DEV-0015,New York,1,success,141,False,
0a14e77e-918b-4860-81a9-6b3b90cc44af,USR-0187,2024-01-28 07:46:00,fingerprint,0.9471,DEV-0029,Manchester,1,success,131,False,
3e612d66-05bf-4618-a930-b0c4d5576899,USR-0056,2024-01-28 07:51:00,voice,0.951,DEV-0021,New York,1,success,202,False,
5bad4331-7366-4606-91ae-2d48d6f83aa7,USR-0184,2024-01-28 07:51:00,fingerprint,0.8108,DEV-0037,London,1,success,192,False,
c70c15e3-b51e-40dd-9ec2-322ff978d269,USR-0122,2024-01-28 07:52:00,face,0.9431,DEV-0043,Manchester,1,success,111,False,
25c37945-8063-4ce4-82e4-1a50d33650db,USR-0157,2024-01-28 07:55:00,keystroke_dynamics,0.7977,DEV-0019,London,1,success,191,False,
d7c4fe9c-e1e0-4ffc-98f6-fd7f7eb162f1,USR-0024,2024-01-28 08:05:00,face,0.8978,DEV-0044,London,1,success,179,False,
e522266c-393a-46ee-a2eb-4a7f7ecc492d,USR-0142,2024-01-28 08:11:00,voice,0.8131,DEV-0029,Manchester,1,success,132,False,
b8a35c0c-4486-4697-9c1d-73b3250a8bc0,USR-0024,2024-01-28 08:17:00,face,0.8978,DEV-0044,Singapore,1,success,179,True,geo_jump
ff0dd3c2-ac4d-4d33-9515-28af4d25298f,USR-0117,2024-01-28 08:17:00,fingerprint,0.7009,DEV-0036,New York,1,success,169,False,
d0013b99-2fc2-4f20-a3ba-24b1408eff3d,USR-0106,2024-01-28 08:20:00,voice,0.64,DEV-0013,Manchester,13,success,90,True,rapid_retry
2ab9aa52-685d-4acf-afd6-b83c86022833,USR-0198,2024-01-28 08:20:00,face,0.7494,DEV-0034,Manchester,1,success,205,False,
ca665da6-ebd2-4b71-a35a-e36966a466d4,USR-0106,2024-01-28 08:20:00,voice,0.78,DEV-0013,Manchester,1,success,90,False,
11e74656-9026-4d4c-88ba-135ebd3b17eb,USR-0101,2024-01-28 08:21:00,voice,0.8295,DEV-0040,New York,1,success,181,False,
3bdccce0-9875-44da-9830-dffe88859ae5,USR-0098,2024-01-28 08:22:00,voice,0.8553,DEV-0020,London,1,success,218,False,
43b7a3a6-9a8d-4a03-980d-7b71d8f56413,USR-0001,2024-01-28 08:24:00,voice,0.784,DEV-0030,New York,1,success,168,False,
a0a11839-e745-4704-98df-bc3ca0d4de3d,USR-0013,2024-01-28 08:28:00,face,0.828,DEV-0046,Manchester,1,success,151,False,
108ab4de-49cb-4790-bca0-8cde4dbbb7cd,USR-0141,2024-01-28 08:30:00,keystroke_dynamics,0.8052,DEV-0048,Manchester,1,success,197,False,
12049b0a-9e11-471c-a8ae-6b4bdec2c775,USR-0183,2024-01-28 08:36:00,face,0.9054,DEV-0026,London,1,success,174,False,
b04816fd-fd86-4a13-809b-d8134f13823b,USR-0118,2024-01-28 08:39:00,fingerprint,0.9248,DEV-0037,Manchester,1,success,208,False,
84c469b1-20c1-4845-825f-c70f90884400,USR-0170,2024-01-28 08:52:00,fingerprint,0.8072,DEV-0003,London,1,success,139,False,
267eddce-df8f-4197-9a4a-99b2e806133c,USR-0019,2024-01-28 08:57:00,fingerprint,0.7098,DEV-0015,Manchester,1,success,200,False,
9053317b-5f4d-4c1d-92af-891a9639e2b7,USR-0158,2024-01-28 09:04:00,fingerprint,0.7699,DEV-0012,New York,1,success,193,False,
501ba851-5ee6-4495-b400-29c3ea11905b,USR-0031,2024-01-28 09:04:00,keystroke_dynamics,0.8253,DEV-0021,London,1,success,187,False,
b4b2ce14-49b9-4124-a30b-d3b558fe7bd2,USR-0139,2024-01-28 09:06:00,fingerprint,0.8542,DEV-0027,Manchester,1,success,167,False,
e6b9f3a3-96a0-4726-a886-a9fc60beb85d,USR-0158,2024-01-28 09:06:00,face,0.7874,DEV-0005,New York,1,success,152,False,
767a92b7-0186-4029-ab8a-501567273710,USR-0142,2024-01-28 09:07:00,face,0.844,DEV-0010,Manchester,1,success,186,False,
aa7898aa-95b2-468b-ac92-275a68599dc4,USR-0151,2024-01-28 09:08:00,keystroke_dynamics,0.8144,DEV-0032,New York,1,success,180,False,
ee93a4d0-cd24-420c-8d34-6977d41bd8bf,USR-0134,2024-01-28 09:08:00,keystroke_dynamics,0.8567,DEV-0046,New York,1,success,149,False,
a9f948b2-4e63-44bb-be49-3f43b118f68d,USR-0009,2024-01-28 09:08:00,voice,0.8593,DEV-0012,Manchester,1,success,177,False,
dedcc2ff-53d4-4caf-91bb-797af464a31f,USR-0170,2024-01-28 09:16:00,face,0.908,DEV-0023,London,1,success,223,False,
813a3aa5-7d81-4c21-bf76-4fcea97ef131,USR-0088,2024-01-28 09:17:00,fingerprint,0.7796,DEV-0023,London,1,success,218,False,
52e6ef74-150b-41d8-b882-c32691f28485,USR-0174,2024-01-28 09:17:00,fingerprint,0.8942,DEV-0013,London,1,success,99,False,
04573e35-f4c3-459b-92a3-43b820e7b6ef,USR-0187,2024-01-28 09:18:00,fingerprint,0.8779,DEV-0023,Manchester,1,success,208,False,
46983234-6246-45b9-9deb-7a4b17db4613,USR-0200,2024-01-28 09:24:00,voice,0.7959,DEV-0042,London,1,success,209,False,
dc63a196-9463-40bc-af68-d3b34ef97a7d,USR-0196,2024-01-28 09:28:00,fingerprint,0.7791,DEV-0030,New York,1,success,153,False,
4eb39f63-3a00-483e-b023-dbc32471a957,USR-0086,2024-01-28 09:28:00,keystroke_dynamics,0.8245,DEV-0002,New York,1,success,221,False,
3b7039b0-789a-4f00-9933-ca27a0e85f89,USR-0173,2024-01-28 09:30:00,face,0.796,DEV-0026,Manchester,1,success,216,False,
b958d153-2afa-4f6a-aa03-081bd4986a31,USR-0111,2024-01-28 09:32:00,voice,0.9081,DEV-0021,Manchester,1,success,178,False,
0a349670-be8b-45f3-b7e1-c9a264cc7a90,USR-0174,2024-01-28 09:35:00,voice,0.8003,DEV-0023,London,1,success,178,False,
da78f4c5-26b3-403a-a575-13a5447a4e2c,USR-0096,2024-01-28 09:39:00,face,0.7829,DEV-0021,New York,1,success,215,False,
ce3ce7ce-01a6-4260-afc0-8273fd397fe7,USR-0142,2024-01-28 09:40:00,keystroke_dynamics,0.8694,DEV-0005,Manchester,1,success,127,False,
e8dd5e5a-1712-4b16-a1a4-344fbb7bee03,USR-0013,2024-01-28 09:45:00,face,0.9139,DEV-0024,Manchester,1,success,177,False,
f9285706-577c-4717-836a-58870a5a2698,USR-0094,2024-01-28 09:49:00,keystroke_dynamics,0.8629,DEV-0036,Manchester,1,success,177,False,
7fdbabc1-25c1-4e41-af0e-c9cb756aae2d,USR-0133,2024-01-28 09:53:00,face,0.9039,DEV-0021,New York,1,success,227,False,
6abb6c41-f928-42a9-bb51-cd747d52903f,USR-0098,2024-01-28 09:58:00,keystroke_dynamics,0.7866,DEV-0003,London,1,success,181,False,
80e022c8-3b80-4c61-bde7-8473a3fdd59c,USR-0111,2024-01-28 10:04:00,fingerprint,0.8271,DEV-0001,Manchester,1,success,186,False,
186b2880-ab54-4a15-a69d-01ff1634725b,USR-0028,2024-01-28 10:08:00,voice,0.8676,DEV-0048,New York,1,success,110,False,
78e90ae9-e9af-4d28-b665-de1bb2e33ad9,USR-0159,2024-01-28 10:11:00,face,0.8854,DEV-0033,London,1,success,195,False,
13e9e070-52c6-4562-8010-2dc0dfe6b589,USR-0156,2024-01-28 10:12:00,voice,0.8583,DEV-0030,Manchester,1,success,151,False,
6b000e3b-66ae-492a-908c-1e18b4a5f712,USR-0028,2024-01-28 10:14:00,voice,0.8676,DEV-0048,Lagos,1,success,110,True,geo_jump
e54ca6ca-dc70-4e22-a4ca-f1b8394a97fd,USR-0073,2024-01-28 10:18:00,voice,0.7898,DEV-0036,Manchester,1,success,173,False,
9def57b4-d2da-43ec-8eec-c013b55beaaa,USR-0066,2024-01-28 10:19:00,keystroke_dynamics,0.8422,DEV-0046,London,1,success,203,False,
beed10b6-4f6e-474b-9eda-b0276550f74a,USR-0018,2024-01-28 10:19:00,face,0.8229,DEV-0030,New York,1,success,181,False,
5a0fdf61-5571-4266-96c0-2601db4d2d18,USR-0174,2024-01-28 10:25:00,face,0.8141,DEV-0038,London,1,success,212,False,
aee7c7a5-8629-4fbe-b09b-48dd63329992,USR-0065,2024-01-28 10:27:00,keystroke_dynamics,0.8595,DEV-0014,Manchester,1,success,177,False,
5c17ebb5-093b-4d72-ac8c-dcaf2b633b18,USR-0058,2024-01-28 10:28:00,keystroke_dynamics,0.8121,DEV-0050,New York,1,success,182,False,
e4dc4306-8b20-4e3e-82b7-c0488d3543be,USR-0055,2024-01-28 10:38:00,face,0.7756,DEV-0019,Manchester,1,success,227,False,
70944bdb-26a5-44e3-90ee-7a92a09151e0,USR-0019,2024-01-28 10:47:00,face,0.7718,DEV-0002,Manchester,1,success,245,False,
f68c62e6-e2a4-4909-a2dd-22d52afaab7b,USR-0043,2024-01-28 10:51:00,keystroke_dynamics,0.8526,DEV-0027,London,1,success,187,False,
39118497-3a43-42ba-9f0f-06cbcb9bc326,USR-0006,2024-01-28 10:53:00,fingerprint,0.7707,DEV-0018,New York,1,success,189,False,
76d70561-d2d1-4ef5-9e4c-4fd1462363a9,USR-0046,2024-01-28 11:00:00,fingerprint,0.8785,DEV-0039,Manchester,1,success,200,False,
1b0ae22e-ecc8-47a6-99a6-f80ef08ce6c2,USR-0045,2024-01-28 11:03:00,voice,0.8829,DEV-0036,Manchester,1,success,246,False,
29cf4c70-e756-41e0-a657-41db61bc7c56,USR-0121,2024-01-28 11:10:00,fingerprint,0.7618,DEV-0032,New York,1,success,125,False,
600b4b35-6a0a-47d5-a0b8-575544caa5a2,USR-0036,2024-01-28 11:11:00,voice,0.7549,DEV-0016,New York,1,success,146,False,
6001e75d-b872-4503-94f1-211050b57397,USR-0187,2024-01-28 11:16:00,fingerprint,0.7681,DEV-0050,Manchester,1,success,231,False,
c96782fb-c417-4ebd-820c-be742e07a11f,USR-0149,2024-01-28 11:19:00,voice,0.8642,DEV-0015,Manchester,1,success,204,False,
ceae71cf-ce00-4af0-beb0-51817ba24588,USR-0024,2024-01-28 11:20:00,fingerprint,0.8268,DEV-0036,London,1,success,122,False,
891f6912-17ab-4863-9efe-ef4fd8ddbbc0,USR-0030,2024-01-28 11:23:00,voice,0.8836,DEV-0028,Manchester,1,success,290,False,
22b5f457-1860-4d28-90af-b235ade68f51,USR-0036,2024-01-28 11:31:00,face,0.8215,DEV-0049,New York,1,success,103,False,
205c8491-a061-49db-b172-f63648bfb602,USR-0061,2024-01-28 11:36:00,keystroke_dynamics,0.8188,DEV-0011,London,1,success,175,False,
75e8abfe-6af0-4106-a235-09a86bcfdfa4,USR-0180,2024-01-28 11:46:00,fingerprint,0.8197,DEV-0014,London,1,success,162,False,
e1509425-891f-4683-9e12-dbf1493d6196,USR-0045,2024-01-28 11:55:00,fingerprint,0.8495,DEV-0016,Manchester,1,success,165,False,
06905ba5-17e0-4df5-97df-85b33429c8cf,USR-0134,2024-01-28 12:04:00,face,0.7694,DEV-0001,New York,1,success,208,False,
59e1ac09-5970-4859-86b6-e4ade7ea8d5a,USR-0018,2024-01-28 12:05:00,face,0.7769,DEV-0004,New York,1,success,215,False,
26daf6d1-71c3-46be-9297-cb6658ab766f,USR-0162,2024-01-28 12:06:00,keystroke_dynamics,0.8995,DEV-0008,New York,1,success,141,False,
1a5ca752-2705-4d96-97b7-32b313d579ae,USR-0156,2024-01-28 12:06:00,face,0.7865,DEV-0050,Manchester,1,success,204,False,
f200c261-4d29-41ab-b455-12f701f7c7ec,USR-0017,2024-01-28 12:07:00,face,0.8557,DEV-0035,London,1,success,214,False,
2f2bdc13-b216-4b5a-9c60-57fee5605cfb,USR-0077,2024-01-28 12:07:00,keystroke_dynamics,0.739,DEV-0017,Manchester,1,success,250,False,
47020de0-bc64-47e9-b16e-c0b6e3d9de7f,USR-0099,2024-01-28 12:19:00,keystroke_dynamics,0.7732,DEV-0028,New York,1,success,153,False,
784aee43-11c7-4eb2-842a-6bd7a51004b8,USR-0137,2024-01-28 12:22:00,keystroke_dynamics,0.7825,DEV-0005,New York,1,success,189,False,
e798d9bf-4ce1-4a16-b3cb-3b3fa6f90864,USR-0181,2024-01-28 12:25:00,face,0.82,DEV-0001,Manchester,1,success,157,False,
e723ada3-8c32-4db2-942a-895e0fcf601f,USR-0029,2024-01-28 12:29:00,voice,0.7484,DEV-0014,London,1,success,185,False,
a6129a1c-889d-4b76-b75c-30b561730c48,USR-0031,2024-01-28 12:33:00,fingerprint,0.8434,DEV-0028,London,1,success,175,False,
f47bffba-f561-4747-82d2-2c7408ea6671,USR-0161,2024-01-28 12:36:00,fingerprint,0.7401,DEV-0009,Manchester,1,success,232,False,
bf5628b9-30eb-4400-9d55-8095e6c75732,USR-0157,2024-01-28 12:39:00,keystroke_dynamics,0.811,DEV-0050,London,1,success,126,False,
9f708368-cb3c-48ca-a392-57316b79afcc,USR-0021,2024-01-28 12:41:00,fingerprint,0.8911,DEV-0044,Manchester,1,success,208,False,
6c5495bf-f88f-4979-b0d7-509da551524c,USR-0189,2024-01-28 12:47:00,fingerprint,0.8818,DEV-0036,Manchester,1,success,165,False,
9ff0f466-ccc0-4446-96dd-58af53415fe2,USR-0099,2024-01-28 12:48:00,voice,0.8639,DEV-0005,New York,1,success,230,False,
07b4e684-8ef6-4ee8-9a5a-8bc373315c49,USR-0107,2024-01-28 12:50:00,fingerprint,0.8598,DEV-0040,New York,1,success,147,False,
7d7ddbed-d284-476c-ab88-f83dd97dc9cd,USR-0008,2024-01-28 12:51:00,fingerprint,0.8921,DEV-0030,New York,1,success,163,False,
e51bdfff-17aa-4aee-8dc2-0df3d49edd91,USR-0132,2024-01-28 12:51:00,fingerprint,0.8932,DEV-0039,New York,1,success,260,False,
05fef7bc-28f7-4d49-a2bc-491ec1cdc9a4,USR-0097,2024-01-28 12:59:00,face,0.8317,DEV-0043,New York,1,success,201,False,
e1886146-fc40-43d4-a5eb-45497e0a04c2,USR-0059,2024-01-28 13:07:00,fingerprint,0.9609,DEV-0024,Manchester,1,success,151,False,
ae2bcab8-551f-44f7-a5d6-9a97360824da,USR-0059,2024-01-28 13:07:00,fingerprint,0.5654,DEV-0024,Manchester,18,success,151,True,rapid_retry
b1644235-49a2-4fde-b235-7a3ccc7f9517,USR-0053,2024-01-28 13:12:00,fingerprint,0.8355,DEV-0031,Manchester,1,success,188,False,
9981d28f-a09c-4325-b047-fbeb2483c458,USR-0128,2024-01-28 13:16:00,fingerprint,0.906,DEV-0036,Manchester,1,success,124,False,
68e438e0-5a57-4306-b0dc-80e80aee5a68,USR-0184,2024-01-28 13:18:00,voice,0.7979,DEV-0003,London,1,success,217,False,
254c5028-8a6f-4508-8d0f-e9b5b9e826d0,USR-0190,2024-01-28 13:19:00,fingerprint,0.7853,DEV-0005,London,1,success,161,False,
3878becf-60dc-42eb-9413-c85063c4e76d,USR-0062,2024-01-28 13:25:00,fingerprint,0.7155,DEV-0040,Manchester,1,success,158,False,
060fc65e-9011-4e99-9aee-c74ff2591fc7,USR-0193,2024-01-28 13:27:00,face,0.8539,DEV-0014,Manchester,1,success,240,False,
86351a54-bc54-48c1-bf40-8dcc9db1f7f9,USR-0067,2024-01-28 13:33:00,voice,0.8694,DEV-0012,London,1,success,141,False,
bd9ed3fc-5266-4d86-a5f6-21818c1a6477,USR-0174,2024-01-28 13:37:00,voice,0.8043,DEV-0045,London,1,success,86,False,
52b3a0d1-1727-4924-a508-f357474a3674,USR-0129,2024-01-28 13:49:00,fingerprint,0.9321,DEV-0001,Manchester,1,success,149,False,
ed3d5159-c2f5-4a5f-945f-f4db9ce91544,USR-0093,2024-01-28 13:51:00,fingerprint,0.8295,DEV-0011,Manchester,1,success,226,False,
7b6deeca-32f9-4ae0-93aa-84b0d65e2bcf,USR-0192,2024-01-28 13:52:00,face,0.7082,DEV-0016,London,1,success,158,False,
1c82780f-0e84-4070-914b-30a9f6d4461c,USR-0179,2024-01-28 13:52:00,voice,0.8083,DEV-0033,New York,1,success,236,False,
206faddb-1a31-487e-904c-01a1434fe133,USR-0156,2024-01-28 13:55:00,voice,0.8553,DEV-0034,Manchester,1,success,151,False,
760116cf-25b4-47aa-9a20-e3baa5fc6d09,USR-0138,2024-01-28 14:01:00,fingerprint,0.8416,DEV-0004,London,1,success,182,False,
3a3c8a71-ff57-4e2b-8991-ab9bebc2026f,USR-0012,2024-01-28 14:02:00,keystroke_dynamics,0.9052,DEV-0024,New York,1,success,157,False,
0bd4a990-0640-4e0f-a5b8-fd4b32fa2de8,USR-0006,2024-01-28 14:04:00,face,0.8399,DEV-0017,New York,1,success,150,False,
97da64cb-8373-4f49-a8e7-ebe3cb05aa14,USR-0086,2024-01-28 14:08:00,face,0.872,DEV-0041,New York,1,success,160,False,
057eccfa-15f3-4747-90bb-5ed3c9765bdf,USR-0181,2024-01-28 14:18:00,fingerprint,0.7538,DEV-0050,Manchester,1,success,162,False,
9f6facc1-451d-48fe-8532-fc74a9987bdf,USR-0049,2024-01-28 14:29:00,keystroke_dynamics,0.8864,DEV-0011,New York,1,success,157,False,
8f942977-b582-4f0c-bd23-36f45b44e6ed,USR-0093,2024-01-28 14:29:00,voice,0.7897,DEV-0004,Manchester,1,success,155,False,
660237ed-aa42-4203-9c78-4ca4f0e4ca0b,USR-0116,2024-01-28 14:32:00,keystroke_dynamics,0.8004,DEV-0025,London,1,success,259,False,
092c4801-698f-44f8-a747-d24a1a46d536,USR-0052,2024-01-28 14:43:00,fingerprint,0.8461,DEV-0033,Manchester,1,success,199,False,
95dad216-a6cd-4e3c-ad13-0705279f91ab,USR-0057,2024-01-28 14:47:00,voice,0.8187,DEV-0003,Manchester,1,success,152,False,
378e6510-8f10-433e-abe4-2e7db96c1163,USR-0031,2024-01-28 14:51:00,keystroke_dynamics,0.7707,DEV-0042,London,1,success,224,False,
df223246-e6fb-41d3-bba2-6c214264e318,USR-0115,2024-01-28 14:51:00,face,0.818,DEV-0013,New York,1,success,159,False,
f61b2bfd-6c7b-4a77-b3de-6bc2899bef4b,USR-0101,2024-01-28 15:02:00,keystroke_dynamics,0.791,DEV-0041,New York,1,success,170,False,
8a45a905-badf-4397-acf2-6429b8d77d2f,USR-0044,2024-01-28 15:07:00,fingerprint,0.7894,DEV-0020,London,1,success,181,False,
180dc855-c55f-4de8-bc3e-1d1975f94230,USR-0063,2024-01-28 15:15:00,face,0.841,DEV-0013,London,1,success,146,False,
0db5d441-2837-4418-af27-c1b9e3c6dedb,USR-0044,2024-01-28 15:19:00,voice,0.7953,DEV-0010,London,1,success,226,False,
989bc4da-9b37-422b-aa8a-616fc3b290d0,USR-0009,2024-01-28 15:23:00,fingerprint,0.7772,DEV-0049,Manchester,1,success,184,False,
4f7f963e-d3c5-44a3-8c0b-200d3edec38e,USR-0090,2024-01-28 15:26:00,keystroke_dynamics,0.8283,DEV-0001,London,1,success,178,False,
0c994ec1-6162-4af8-b565-c8a2bd6aec56,USR-0170,2024-01-28 15:28:00,voice,0.6963,DEV-0040,London,1,success,147,False,
692ac139-1f4a-4ca1-ab85-fd595463adc7,USR-0016,2024-01-28 15:29:00,voice,0.8799,DEV-0013,New York,1,success,64,False,
722764e6-8c41-461b-a827-a1b9d4a02e53,USR-0007,2024-01-28 15:29:00,keystroke_dynamics,0.7892,DEV-0004,Manchester,1,success,137,False,
7f6bd3c6-1b34-4937-88e6-09391d2fed2a,USR-0049,2024-01-28 15:31:00,face,0.8156,DEV-0038,New York,1,success,176,False,
f485e944-3142-40c7-95cc-861a8f31bf2e,USR-0099,2024-01-28 15:33:00,fingerprint,0.7324,DEV-0035,New York,1,success,227,False,
f80590f0-0249-4a09-be3b-1a40ca0553a2,USR-0064,2024-01-28 15:37:00,keystroke_dynamics,0.7903,DEV-0014,New York,1,success,160,False,
49560c36-8560-4e8a-a7fb-19979d2cd944,USR-0058,2024-01-28 15:38:00,fingerprint,0.9207,DEV-0046,New York,1,success,103,False,
c89f884f-2568-421b-8fd7-3af97b8899f9,USR-0186,2024-01-28 15:49:00,face,0.8175,DEV-0009,New York,1,success,172,False,
8f221604-d46b-4756-b9e4-39ef48d495a4,USR-0058,2024-01-28 15:50:00,voice,0.9135,DEV-0002,New York,1,success,118,False,
aaf407f7-0fe7-4149-bc7e-5368b1594847,USR-0028,2024-01-28 15:56:00,fingerprint,0.7863,DEV-0012,New York,1,success,171,False,
20f5128d-51ab-4c77-a92f-adf7032124e8,USR-0161,2024-01-28 16:01:00,keystroke_dynamics,0.7838,DEV-0018,Manchester,1,success,202,False,
df96048a-453b-47f5-a20a-69d3ed601f49,USR-0126,2024-01-28 16:07:00,face,0.9607,DEV-0004,New York,1,success,123,False,
7b53359e-1bac-4d0d-af35-b30b4c68eb17,USR-0047,2024-01-28 16:08:00,keystroke_dynamics,0.7557,DEV-0043,New York,1,success,256,False,
e13f8740-bd74-4fe0-b808-8e14b9a01137,USR-0097,2024-01-28 16:09:00,face,0.8257,DEV-0050,New York,1,success,252,False,
21249735-f254-4c17-ba90-c4868d2a3484,USR-0146,2024-01-28 16:09:00,face,0.8753,DEV-0024,London,1,success,214,False,
9780c215-2b2b-48e9-a417-c09380a8a23d,USR-0024,2024-01-28 16:10:00,voice,0.8212,DEV-0011,London,1,success,150,False,
7e570ddf-8270-40a8-a369-b584ff5e9ff0,USR-0001,2024-01-28 16:27:00,face,0.8749,DEV-0035,New York,1,success,193,False,
82dc4c8e-36b5-429a-acf5-e81e71316269,USR-0006,2024-01-28 16:27:00,voice,0.7243,DEV-0037,New York,1,success,156,False,
0b458c23-eead-490c-8f9c-78bf010d583f,USR-0072,2024-01-28 16:40:00,face,0.8349,DEV-0015,Manchester,1,success,183,False,
d513da02-544c-44d1-903b-a8c3ce830e27,USR-0091,2024-01-28 16:42:00,keystroke_dynamics,0.8744,DEV-0014,New York,1,success,182,False,
00e78824-33ee-46e7-b5de-feba21aea39b,USR-0070,2024-01-28 16:44:00,face,0.8858,DEV-0001,Manchester,1,success,92,False,
e9ad0e9b-8c9a-41e9-b3b2-63376a74dbb7,USR-0029,2024-01-28 16:49:00,face,0.8147,DEV-0015,London,1,success,165,False,
32167340-bf95-4f33-8dea-6f5237d7cab3,USR-0119,2024-01-28 16:50:00,face,0.9091,DEV-0042,London,1,success,98,False,
0858f527-792d-4499-b497-375c366fbddd,USR-0098,2024-01-28 16:51:00,fingerprint,0.8501,DEV-0020,London,1,success,140,False,
ec814510-c42e-4fc8-9372-e80dee892190,USR-0117,2024-01-28 16:54:00,keystroke_dynamics,0.7592,DEV-0029,New York,1,success,193,False,
3bd13a43-8853-490b-ac26-4a0cc09f1c91,USR-0076,2024-01-28 16:58:00,face,0.7402,DEV-0029,London,1,success,92,False,
8ce17e35-651f-4429-8117-1668ad724e2e,USR-0198,2024-01-28 16:59:00,fingerprint,0.863,DEV-0025,Manchester,1,success,216,False,
8861972e-57a8-4eef-b9a8-743d7d5b6037,USR-0194,2024-01-28 17:05:00,fingerprint,0.8621,DEV-0012,Manchester,1,success,143,False,
4baf0f5e-a932-4094-93f2-8f11147f6570,USR-0022,2024-01-28 17:08:00,face,0.9236,DEV-0016,London,1,success,164,False,
e82c7d7b-06e7-45f9-88bc-539c9f4c3b79,USR-0007,2024-01-28 17:09:00,fingerprint,0.8756,DEV-0031,Manchester,1,success,256,False,
9339304b-9a8c-43d7-a8a5-e34d798b2f02,USR-0108,2024-01-28 17:09:00,keystroke_dynamics,0.7602,DEV-0024,New York,1,success,137,False,
5f843666-831f-4c00-9490-029d3e1e0693,USR-0142,2024-01-28 17:11:00,keystroke_dynamics,0.8622,DEV-0022,Manchester,1,success,109,False,
bff49e06-59e3-40f6-93b7-8bab38151095,USR-0191,2024-01-28 17:22:00,fingerprint,0.8648,DEV-0037,London,1,success,127,False,
55ab946d-a5b5-4dc2-a181-c85eca0ac6ac,USR-0019,2024-01-28 17:48:00,fingerprint,0.8315,DEV-0006,Manchester,1,success,167,False,
a89f5f9d-e12d-4f58-8482-0852489a4ca4,USR-0134,2024-01-28 17:51:00,fingerprint,0.8669,DEV-0019,New York,1,success,177,False,
279c658a-3676-4ce5-81e5-c9f693f277cc,USR-0016,2024-01-28 17:57:00,keystroke_dynamics,0.8086,DEV-0028,New York,1,success,188,False,
c02d7e7f-9d74-4bb0-99c0-076f626cfccc,USR-0196,2024-01-28 17:58:00,voice,0.8263,DEV-0008,New York,1,success,174,False,
e9570a2a-f7f4-4477-9802-13baaf6c2278,USR-0079,2024-01-28 17:58:00,fingerprint,0.7996,DEV-0024,London,1,success,189,False,
71a84189-565b-4785-b8f9-85fc69598983,USR-0130,2024-01-28 17:58:00,face,0.921,DEV-0027,New York,1,success,195,False,
9d1c92f0-3770-4be5-b381-c6ebdac9d4a4,USR-0192,2024-01-28 18:00:00,voice,0.7703,DEV-0001,London,1,success,180,False,
f42323d9-11ea-4815-bddc-44f5deaf9631,USR-0112,2024-01-28 18:03:00,voice,0.649,DEV-0024,London,1,success,201,False,
67fd64c4-a334-458a-abd2-b5121335e5db,USR-0022,2024-01-28 18:05:00,keystroke_dynamics,0.9437,DEV-0041,London,1,success,228,False,
2d6acdd4-5aeb-40f6-8faa-8036188a7f55,USR-0176,2024-01-28 18:13:00,voice,0.7368,DEV-0039,London,1,success,179,False,
427f6635-5f7b-4b00-9772-03300f589a93,USR-0097,2024-01-28 18:13:00,keystroke_dynamics,0.901,DEV-0004,New York,1,success,180,False,
94e74f26-29b0-4b37-8271-0779d864465a,USR-0085,2024-01-28 18:15:00,fingerprint,0.7601,DEV-0005,London,1,success,200,False,
e2495790-517c-4dec-8d53-9417f5194ab9,USR-0101,2024-01-28 18:31:00,voice,0.8284,DEV-0022,New York,1,success,182,False,
cb59b151-5dde-4466-bf03-66ef702724eb,USR-0193,2024-01-28 18:33:00,face,0.6785,DEV-0009,Manchester,1,success,231,False,
8941bdd3-9803-482e-926a-4bd0be125f8f,USR-0069,2024-01-28 18:36:00,keystroke_dynamics,0.8278,DEV-0041,Manchester,1,success,174,False,
cf1d46be-2e0e-443d-9d59-b30807aa2515,USR-0136,2024-01-28 18:36:00,fingerprint,0.8629,DEV-0002,London,1,success,164,False,
0dd4c0e6-0b09-4fcc-ac34-4cf0ab8e77a1,USR-0080,2024-01-28 18:46:00,keystroke_dynamics,0.65,DEV-0015,London,1,success,234,False,
639ac771-b739-428a-8ffd-5b7a226dd24f,USR-0089,2024-01-28 18:47:00,face,0.7914,DEV-0001,New York,1,success,127,False,
078c3875-ba21-4269-a540-fbfee12ff6cd,USR-0069,2024-01-28 18:57:00,fingerprint,0.8042,DEV-0047,Manchester,1,success,116,False,
48acdcf8-f92d-4dcd-805a-fd9405fe16de,USR-0163,2024-01-28 19:04:00,face,0.8802,DEV-0016,Manchester,1,success,201,False,
1f9deccd-ecf6-48c0-8861-3afa1ae17565,USR-0122,2024-01-28 19:10:00,voice,0.8089,DEV-0027,Manchester,1,success,171,False,
d498736f-6eb7-408b-bf57-2473098364e3,USR-0190,2024-01-28 19:20:00,keystroke_dynamics,0.9808,DEV-0044,London,1,success,155,False,
cab285dc-85b7-4774-b608-937418caa0a9,USR-0116,2024-01-28 19:40:00,face,0.6769,DEV-0016,London,1,success,157,False,
47d0e6ee-c96c-4090-b9e7-6f99f8f79639,USR-0185,2024-01-28 19:51:00,keystroke_dynamics,0.8206,DEV-0017,London,1,success,123,False,
6334db06-52ac-4e30-91c8-10ef802643c4,USR-0188,2024-01-28 19:54:00,fingerprint,0.898,DEV-0015,New York,1,success,87,False,
19985f15-ff00-4d4d-9020-59e4ff9ab5c2,USR-0005,2024-01-28 19:56:00,fingerprint,0.7288,DEV-0050,London,1,success,160,False,
e6bd4bbc-e3a0-4a3c-8c44-d60f8efe59c3,USR-0188,2024-01-28 19:57:00,fingerprint,0.898,DEV-0015,Singapore,1,success,87,True,geo_jump
b366ffd1-ae4d-4a19-a2c2-aa2466e9a80e,USR-0097,2024-01-28 20:05:00,keystroke_dynamics,0.8348,DEV-0040,New York,1,success,179,False,
56cb1ab0-62fb-46d7-b4db-ca07e506f670,USR-0021,2024-01-28 20:05:00,keystroke_dynamics,0.7482,DEV-0008,Manchester,1,success,197,False,
f166cdcf-762c-4fbc-ba2a-a7baf3f81c31,USR-0033,2024-01-28 20:08:00,face,0.9243,DEV-0017,Manchester,1,success,219,False,
1e5ebe54-5907-4299-9c3b-bdd8a74e02a9,USR-0030,2024-01-28 20:09:00,face,0.7843,DEV-0013,Manchester,1,success,234,False,
d72b6108-2a40-4f12-b963-f37f67814c1f,USR-0007,2024-01-28 20:28:00,fingerprint,0.7578,DEV-0034,Manchester,1,success,172,False,
040ebf47-78ab-4513-a03d-b91863c279aa,USR-0170,2024-01-28 20:32:00,face,0.8884,DEV-0047,London,1,success,191,False,
f34574ae-0519-48bf-8a2e-30d69adebcc2,USR-0153,2024-01-28 20:35:00,face,0.8143,DEV-0036,New York,1,success,123,False,
033e02f7-1e93-4127-acf7-2140bd9bc648,USR-0038,2024-01-28 20:38:00,face,0.8356,DEV-0005,Manchester,1,success,158,False,
8121c051-c09c-4132-8235-00f97e33e68f,USR-0100,2024-01-28 20:42:00,keystroke_dynamics,0.8386,DEV-0045,New York,1,success,199,False,
b58dfc59-ebe0-48c1-ae38-cf4647f86de4,USR-0101,2024-01-28 20:44:00,face,0.8619,DEV-0035,New York,1,success,154,False,
dd23ff41-dae1-4586-a358-755cbc5c3cd8,USR-0057,2024-01-28 20:45:00,keystroke_dynamics,0.9077,DEV-0009,Manchester,1,success,197,False,
0f8a579c-b6db-4b2c-bb5e-2d657ce71cca,USR-0095,2024-01-28 20:50:00,face,0.808,DEV-0048,London,1,success,235,False,
c4ea4ece-67b6-4467-9432-d79794f6c67a,USR-0055,2024-01-28 20:50:00,voice,0.7366,DEV-0019,Manchester,1,success,186,False,
b2051cec-c9f7-469f-a4c1-d21074be4b20,USR-0075,2024-01-28 20:55:00,face,0.9171,DEV-0019,London,1,success,196,False,
a124fdb2-97be-4f31-a42a-a836989b68c0,USR-0073,2024-01-28 20:58:00,voice,0.8745,DEV-0024,Manchester,1,success,184,False,
5fb8d16c-2720-497d-b2eb-d6899be578c7,USR-0002,2024-01-28 21:04:00,keystroke_dynamics,0.8886,DEV-0036,New York,1,success,210,False,
1f89cec2-9dfe-49d2-a87d-2106dbfbfea4,USR-0143,2024-01-28 21:04:00,fingerprint,0.7187,DEV-0009,New York,1,success,155,False,
63bb48b6-7311-41a7-9122-06a244190e59,USR-0185,2024-01-28 21:06:00,voice,0.8281,DEV-0040,London,1,success,171,False,
9714fadc-b3c4-4030-ae84-e8323c38c3f0,USR-0075,2024-01-28 21:09:00,face,0.7224,DEV-0021,London,1,success,260,False,
51a0bd7c-447d-40b8-a49a-3cd986df42bd,USR-0148,2024-01-28 21:09:00,keystroke_dynamics,0.8415,DEV-0034,New York,1,success,138,False,
e2aa7a5d-278e-400d-ba02-66efbe055787,USR-0014,2024-01-28 21:10:00,voice,0.8067,DEV-0037,London,1,success,181,False,
d3e78237-cd21-44d3-9960-6af0aa546c79,USR-0118,2024-01-28 21:11:00,face,0.8674,DEV-0027,Manchester,1,success,179,False,
b5e9489c-a331-44b0-b181-38900e592949,USR-0156,2024-01-28 21:28:00,face,0.8758,DEV-0044,Manchester,1,success,153,False,
2a35ce30-303c-404b-8007-93365bf7dda1,USR-0048,2024-01-28 21:30:00,keystroke_dynamics,0.8457,DEV-0012,Manchester,1,success,183,False,
a137f8e4-67b1-4040-8c39-b9253b5ae288,USR-0035,2024-01-28 21:32:00,keystroke_dynamics,0.8106,DEV-0010,New York,1,success,158,False,
94213090-4368-4e93-bded-cb7ad5ba304c,USR-0055,2024-01-28 21:42:00,keystroke_dynamics,0.877,DEV-0004,Manchester,1,success,177,False,
8e52fc42-73c3-44a6-9ac7-26b667863fb3,USR-0041,2024-01-28 21:42:00,voice,0.8436,DEV-0007,Manchester,1,success,102,False,
ac482af2-6e98-4798-82ac-0d6d10c88179,USR-0167,2024-01-28 21:45:00,voice,0.8005,DEV-0048,London,1,success,184,False,
fda2f9a0-2b68-48e3-bde7-f41a1cc6d08a,USR-0128,2024-01-28 21:46:00,fingerprint,0.8287,DEV-0043,Manchester,1,success,193,False,
bd350d2a-7a0c-456d-9f43-25f4b3521505,USR-0139,2024-01-28 21:57:00,fingerprint,0.8714,DEV-0016,Manchester,1,success,240,False,
5d0c8205-0a22-4e56-bcfe-8ab0919883f9,USR-0131,2024-01-28 21:58:00,face,0.809,DEV-0044,New York,1,success,175,False,
948841cb-a40c-40ee-907f-8c452f3214c2,USR-0106,2024-01-29 02:37:00,face,0.7883,DEV-0009,Manchester,1,success,136,True,off_hours
899df4da-866b-4f44-96d0-0a821564b478,USR-0030,2024-01-29 03:10:00,fingerprint,0.8385,DEV-0015,Manchester,1,success,164,True,off_hours
74d90398-c17a-408e-bf2d-a31889ee49ed,USR-0023,2024-01-29 04:30:00,fingerprint,0.7839,DEV-0038,Manchester,1,success,198,True,off_hours
30bdf7be-5149-4675-8573-b517cb508544,USR-0153,2024-01-29 07:01:00,fingerprint,0.7627,DEV-0032,New York,1,success,200,False,
f2d1235d-d1f9-4f96-bd4d-28c8b14d53b0,USR-0169,2024-01-29 07:03:00,keystroke_dynamics,0.7757,DEV-0039,New York,1,success,154,False,
1567f88e-6276-4e87-bae8-c8f8d2478bb2,USR-0129,2024-01-29 07:04:00,voice,0.8227,DEV-0039,Manchester,1,success,125,False,
386e995d-3b01-4893-bd9d-38e36e078bdc,USR-0196,2024-01-29 07:04:00,face,0.8464,DEV-0006,Manchester,1,success,216,False,
c972d38d-3ee2-411c-afd2-908feea163a7,USR-0197,2024-01-29 07:05:00,keystroke_dynamics,0.822,DEV-0021,London,1,success,241,False,
e729b06f-a5db-4ca3-9630-202155afb783,USR-0158,2024-01-29 07:06:00,fingerprint,0.8179,DEV-0034,New York,1,success,158,False,
9247e851-2e0d-4860-b362-f9b74795cd1d,USR-0060,2024-01-29 07:07:00,face,0.7376,DEV-0002,New York,1,success,200,False,
5cec4eb5-edd9-4831-9ca3-5cfb04fc6d82,USR-0002,2024-01-29 07:10:00,keystroke_dynamics,0.7606,DEV-0001,New York,1,success,157,False,
481186e9-1625-44ca-9b47-e6394d2551eb,USR-0054,2024-01-29 07:12:00,face,0.6955,DEV-0018,New York,1,success,176,False,
e8048c91-4c15-47ec-8bca-e422b0c37157,USR-0054,2024-01-29 07:12:00,face,0.4272,DEV-0018,New York,19,success,176,True,rapid_retry
f91070e0-2cce-4cce-a994-a2ca7738381c,USR-0190,2024-01-29 07:22:00,face,0.9247,DEV-0042,London,1,success,177,False,
72114575-fa3e-4d03-8ede-ae5f59f2674c,USR-0085,2024-01-29 07:23:00,keystroke_dynamics,0.8603,DEV-0037,London,1,success,186,False,
e9ebd446-2622-40d6-b23d-9820977e5877,USR-0081,2024-01-29 07:36:00,voice,0.8714,DEV-0016,Manchester,1,success,195,False,
677f7c73-fd9b-4af3-9812-5123984f5a56,USR-0088,2024-01-29 07:37:00,voice,0.8635,DEV-0044,London,1,success,197,False,
495743a2-81b1-4b80-a5e1-b0f5ca0ee8c4,USR-0038,2024-01-29 07:55:00,face,0.7691,DEV-0008,Manchester,1,success,153,False,
9645dec1-840d-414b-bbd5-48637974c90b,USR-0107,2024-01-29 08:01:00,face,0.7816,DEV-0049,New York,1,success,239,False,
ae7303c0-50ab-4660-ab94-5cbb3d162ab9,USR-0139,2024-01-29 08:05:00,keystroke_dynamics,0.7344,DEV-0002,Manchester,1,success,199,False,
4cc9f5f2-e42e-4037-8a55-2ea08acbbe09,USR-0023,2024-01-29 08:08:00,fingerprint,0.7839,DEV-0038,Manchester,1,success,198,False,
5fd2bec3-6536-4c77-b87f-b57839e1609d,USR-0123,2024-01-29 08:11:00,face,0.784,DEV-0038,London,1,success,203,False,
02dabd76-f310-4525-b517-9e725f857b21,USR-0054,2024-01-29 08:15:00,fingerprint,0.8101,DEV-0050,New York,1,success,188,False,
1e32e3e1-5058-4a4a-9771-3fff49714ec3,USR-0151,2024-01-29 08:15:00,voice,0.7601,DEV-0046,New York,1,success,124,False,
32f9b771-0799-4940-b9ad-de7d0b3d58ad,USR-0104,2024-01-29 08:43:00,face,0.7292,DEV-0001,Manchester,1,success,205,False,
143029a9-d88f-4c94-88b7-63d5e519dd7e,USR-0024,2024-01-29 08:49:00,fingerprint,0.7557,DEV-0022,London,1,success,63,False,
fb48ac14-0d0d-4136-8404-fe9a32fe1dea,USR-0195,2024-01-29 08:50:00,keystroke_dynamics,0.7526,DEV-0008,Manchester,1,success,246,False,
8bab4c1b-904a-4134-8902-8dd7a0d763f0,USR-0179,2024-01-29 09:08:00,fingerprint,0.9116,DEV-0017,New York,1,success,210,False,
e7574997-8458-4f73-b0a0-c1cd0df6c527,USR-0070,2024-01-29 09:13:00,face,0.7689,DEV-0048,Manchester,1,success,199,False,
e3e492f3-911c-4bb8-bad4-d4c4a0493ed9,USR-0188,2024-01-29 09:14:00,keystroke_dynamics,0.8918,DEV-0044,New York,1,success,197,False,
5d697934-ddeb-48a4-b75f-dd572700260b,USR-0135,2024-01-29 09:20:00,voice,0.8395,DEV-0045,Manchester,1,success,199,False,
48924bd6-e399-40dd-8e1f-39bee4edc295,USR-0098,2024-01-29 09:20:00,keystroke_dynamics,0.883,DEV-0024,London,1,success,192,False,
2bde3c78-a931-4044-9f52-58abcf3a9723,USR-0105,2024-01-29 09:23:00,fingerprint,0.783,DEV-0028,New York,1,success,126,False,
a99f8c03-9c31-4930-a86e-f693da341653,USR-0167,2024-01-29 09:24:00,fingerprint,0.7824,DEV-0014,London,1,success,228,False,
576b67e3-eac7-457b-bc96-fd06ce8b30ce,USR-0194,2024-01-29 09:24:00,voice,0.7953,DEV-0037,Manchester,1,success,178,False,
294d43ed-2da1-4fda-be65-6dcc6abdb05a,USR-0070,2024-01-29 09:25:00,keystroke_dynamics,0.8009,DEV-0006,Manchester,1,success,138,False,
3217f93c-ac60-42a4-b85f-a73df17316d5,USR-0153,2024-01-29 09:27:00,keystroke_dynamics,0.8351,DEV-0017,New York,1,success,187,False,
8ed8a80d-84cf-4e39-bf31-c29f82bbad84,USR-0035,2024-01-29 09:28:00,face,0.7289,DEV-0015,New York,1,success,165,False,
ab7d09b2-7d01-4706-98cc-49bb12581998,USR-0160,2024-01-29 09:29:00,fingerprint,0.7413,DEV-0034,Manchester,1,success,189,False,
d1682e09-f1f7-4904-9307-5157d8c128e7,USR-0031,2024-01-29 09:31:00,face,0.7486,DEV-0046,Manchester,1,success,245,False,
2a7cf9e9-d7a7-47b1-88c6-2063a06303ca,USR-0072,2024-01-29 09:34:00,voice,0.7999,DEV-0007,Manchester,1,success,126,False,
9599b267-390f-416d-9b06-f07242442fce,USR-0169,2024-01-29 09:36:00,keystroke_dynamics,0.817,DEV-0005,New York,1,success,169,False,
507a61a9-9d8f-4ee1-a12c-6678933c3b76,USR-0152,2024-01-29 09:46:00,voice,0.7591,DEV-0030,Manchester,1,success,201,False,
df3e03c2-2172-44cf-8808-1d218d204cf6,USR-0182,2024-01-29 10:05:00,keystroke_dynamics,0.8296,DEV-0049,New York,1,success,244,False,
13c3fc1b-d77a-40b8-9ae6-befe8f2de908,USR-0131,2024-01-29 10:06:00,face,0.8343,DEV-0050,New York,1,success,131,False,
f1530f68-9215-483a-9532-caba7af985ff,USR-0053,2024-01-29 10:11:00,voice,0.8616,DEV-0002,Manchester,1,success,209,False,
9d6ba3b5-cda8-48b5-adf6-cca41761f1ce,USR-0156,2024-01-29 10:18:00,face,0.8084,DEV-0013,Manchester,1,success,100,False,
dbf11941-4ad6-43d0-9b81-ce242582bca6,USR-0165,2024-01-29 10:21:00,voice,0.8267,DEV-0027,London,1,success,161,False,
f11c0ac5-8c0b-493a-9333-5bc9bb635ff5,USR-0044,2024-01-29 10:23:00,keystroke_dynamics,0.7428,DEV-0020,London,1,success,124,False,
50392a8c-da73-4ae0-a09e-6e485e24038e,USR-0118,2024-01-29 10:24:00,keystroke_dynamics,0.7655,DEV-0002,Manchester,1,success,204,False,
b770beaf-d5da-408b-ae94-c0b5aaf1c938,USR-0053,2024-01-29 10:26:00,voice,0.8616,DEV-0002,Singapore,1,success,209,True,geo_jump
fb924354-f34d-4b13-a065-f5cf25c978b5,USR-0119,2024-01-29 10:29:00,face,0.8753,DEV-0027,London,1,success,160,False,
098c60b3-efc9-409e-99af-6e09b91e3d6e,USR-0027,2024-01-29 10:30:00,voice,0.8065,DEV-0006,London,1,success,153,False,
f6d22a7b-aec7-4a82-948b-4376602a4e57,USR-0030,2024-01-29 10:32:00,fingerprint,0.7136,DEV-0044,Manchester,1,success,230,False,
70c0a4f6-1065-4764-b40b-077950640ae6,USR-0149,2024-01-29 10:42:00,face,0.7348,DEV-0037,Manchester,1,success,188,False,
18ad8eeb-b760-4067-ab1e-5b379d15844d,USR-0171,2024-01-29 10:43:00,keystroke_dynamics,0.7341,DEV-0017,New York,1,success,177,False,
df683491-baf9-4a9d-acbc-63edd1ddd3e6,USR-0160,2024-01-29 10:45:00,face,0.8142,DEV-0007,Manchester,1,success,211,False,
600c9c71-0990-4647-8ac8-d87ea689d07f,USR-0048,2024-01-29 10:46:00,keystroke_dynamics,0.7775,DEV-0038,Manchester,1,success,258,False,
c17c2577-3de8-4a53-8e7a-7311f33a72c8,USR-0192,2024-01-29 10:46:00,keystroke_dynamics,0.8834,DEV-0028,London,1,success,237,False,
e8724434-69b6-475e-b6c5-3d2be9fdd358,USR-0134,2024-01-29 10:52:00,keystroke_dynamics,0.8241,DEV-0031,New York,1,success,174,False,
23a9654d-f679-4544-9acf-614ae834fb5b,USR-0143,2024-01-29 11:00:00,fingerprint,0.7685,DEV-0045,New York,1,success,164,False,
2a869922-f492-4b35-b6c2-1bc3d799d80d,USR-0156,2024-01-29 11:04:00,keystroke_dynamics,0.7704,DEV-0017,Manchester,1,success,164,False,
0c90e028-4185-400d-971d-f5fdb38950ce,USR-0065,2024-01-29 11:05:00,face,0.8168,DEV-0007,London,1,success,157,False,
256df639-edd9-436e-b132-8995fd8ac696,USR-0124,2024-01-29 11:09:00,voice,0.8304,DEV-0018,London,1,success,155,False,
20d4ba18-93a0-4478-800b-19de38db128d,USR-0060,2024-01-29 11:13:00,face,0.6768,DEV-0048,New York,1,success,160,False,
47b885fa-78d8-4dd6-890a-886c36442939,USR-0124,2024-01-29 11:16:00,face,0.8568,DEV-0049,London,1,success,225,False,
99487f82-1831-4802-83c2-aee62ee94ed9,USR-0085,2024-01-29 11:20:00,fingerprint,0.8884,DEV-0004,London,1,success,146,False,
78bf46fa-2534-4e85-92c0-dec2175194d7,USR-0057,2024-01-29 11:22:00,face,0.7277,DEV-0012,Manchester,1,success,174,False,
87f7e1fb-da4b-49ca-ab5c-f46780bacd64,USR-0004,2024-01-29 11:32:00,voice,0.8239,DEV-0043,London,1,success,136,False,
6676cc75-6699-4af5-9d24-181c2ed087d4,USR-0051,2024-01-29 11:32:00,keystroke_dynamics,0.8287,DEV-0018,London,1,success,155,False,
3348eda0-aa57-46e4-a753-297e752f524f,USR-0169,2024-01-29 11:34:00,voice,0.842,DEV-0001,New York,1,success,178,False,
32fd73c5-0894-4176-be99-df69bcd49975,USR-0063,2024-01-29 11:46:00,face,0.766,DEV-0022,London,1,success,134,False,
3ad24ac8-bf70-4042-9e7c-6795a8c6c2df,USR-0057,2024-01-29 11:46:00,keystroke_dynamics,0.8777,DEV-0027,Manchester,1,success,170,False,
794f9276-d454-4573-b70f-9392863daa90,USR-0155,2024-01-29 11:56:00,keystroke_dynamics,0.8668,DEV-0017,New York,1,success,177,False,
3ff5ea79-7cae-4dfe-b4dc-70c6e8acd757,USR-0168,2024-01-29 12:00:00,face,0.7815,DEV-0049,Manchester,1,success,224,False,
53f30073-83e9-4ef4-ad7d-f5d0d3b59af7,USR-0027,2024-01-29 12:01:00,voice,0.8119,DEV-0020,London,1,success,212,False,
4b658517-1519-413c-a6c7-1f155bed83be,USR-0106,2024-01-29 12:04:00,face,0.7883,DEV-0009,Manchester,1,success,136,False,
8c53b74c-0c9f-46e6-becc-f7609249ee3a,USR-0067,2024-01-29 12:08:00,voice,0.7861,DEV-0021,London,1,success,161,False,
23e2fcb4-72d8-467d-894a-05e430b187ef,USR-0003,2024-01-29 12:13:00,face,0.7692,DEV-0043,New York,1,success,119,False,
35d21dea-efa5-4c8a-96a0-49431c687714,USR-0105,2024-01-29 12:14:00,face,0.7566,DEV-0019,New York,1,success,137,False,
6b0ae0e3-9d89-4047-9d39-d7936257a4a2,USR-0024,2024-01-29 12:29:00,fingerprint,0.7563,DEV-0038,London,1,success,197,False,
5fc97e64-9987-4384-a798-879be9a11cc0,USR-0177,2024-01-29 12:30:00,voice,0.9137,DEV-0012,Manchester,1,success,297,False,
ff3c6d4e-a1dc-4cab-8e21-3ce5668eb10e,USR-0078,2024-01-29 12:33:00,face,0.8064,DEV-0028,London,1,success,174,False,
6334fa2a-8b4b-47e7-a451-5ae01754bf08,USR-0044,2024-01-29 12:34:00,keystroke_dynamics,0.8027,DEV-0004,London,1,success,148,False,
ac5f12ef-8085-4147-9e91-0f365f705b25,USR-0040,2024-01-29 12:35:00,voice,0.7565,DEV-0024,New York,1,success,239,False,
9b4bf636-6035-448d-90cc-7a42d660a275,USR-0174,2024-01-29 12:39:00,voice,0.8246,DEV-0007,London,1,success,215,False,
22ab7752-c4db-4a62-ae13-418d68ab80ea,USR-0030,2024-01-29 12:41:00,fingerprint,0.8385,DEV-0015,Manchester,1,success,164,False,
4b83b570-8bb4-495a-9976-b2bacc27f386,USR-0054,2024-01-29 12:42:00,fingerprint,0.8309,DEV-0026,New York,1,success,232,False,
902a73ae-b81e-4682-a7eb-40085a13f4bb,USR-0143,2024-01-29 12:44:00,fingerprint,0.8235,DEV-0031,New York,1,success,130,False,
9d6b9b62-6b53-4a19-a902-b73fcf39f648,USR-0030,2024-01-29 12:48:00,face,0.8189,DEV-0002,Manchester,1,success,164,False,
e214d458-f0dd-4de0-ba63-bde0cf0d3f06,USR-0083,2024-01-29 12:51:00,face,0.7954,DEV-0044,New York,1,success,252,False,
ff0e88ea-09f8-4e6f-9997-b85154842b4d,USR-0027,2024-01-29 12:56:00,keystroke_dynamics,0.4948,DEV-0017,London,1,success,197,True,low_score_bypass
bb2aa146-2999-494c-94a7-b69b1cd66b09,USR-0027,2024-01-29 12:56:00,keystroke_dynamics,0.8782,DEV-0017,London,1,success,197,False,
d5b6eac1-28ec-4d72-a36f-7abf82c901df,USR-0188,2024-01-29 13:01:00,voice,0.7995,DEV-0047,New York,1,success,169,False,
fb7b00c7-eaa6-4c45-8f01-fe855bbaf3ac,USR-0177,2024-01-29 13:02:00,voice,0.8594,DEV-0003,Manchester,1,success,210,False,
d46c5776-4db3-4044-a887-6b7f64694f53,USR-0185,2024-01-29 13:03:00,keystroke_dynamics,0.8532,DEV-0021,London,1,success,155,False,
99966612-9ea8-4552-8475-66bf8f660bbd,USR-0052,2024-01-29 13:08:00,fingerprint,0.9098,DEV-0010,Manchester,1,success,254,False,
0e913294-e3a9-4752-ad16-7ec3505f7c6e,USR-0052,2024-01-29 13:08:00,fingerprint,0.4986,DEV-0010,Manchester,18,success,254,True,rapid_retry
71be94c3-6ab1-4db6-9da4-66feb0937085,USR-0049,2024-01-29 13:09:00,face,0.719,DEV-0040,New York,1,success,139,False,
513cd464-9473-47cd-b0b8-1530dc4e557f,USR-0149,2024-01-29 13:11:00,voice,0.7999,DEV-0007,Manchester,1,success,202,False,
9fc08086-228b-468a-ad5f-4dd311a2c64d,USR-0181,2024-01-29 13:18:00,keystroke_dynamics,0.844,DEV-0046,Manchester,1,success,189,False,
b8beff3d-cb9f-4f6d-af3a-6f27ef06fccb,USR-0026,2024-01-29 13:22:00,keystroke_dynamics,0.7755,DEV-0007,New York,1,success,127,False,
49646b96-fa3c-4628-8926-21df465568b7,USR-0032,2024-01-29 13:26:00,face,0.8213,DEV-0018,New York,1,success,201,False,
3873e57f-0ba0-48e8-8ef4-92c1aac93316,USR-0017,2024-01-29 13:28:00,keystroke_dynamics,0.8814,DEV-0025,London,1,success,277,False,
4b26f0a3-33b1-4ca4-b74d-34f5caf07226,USR-0088,2024-01-29 13:31:00,voice,0.885,DEV-0006,London,1,success,136,False,
3d0d3ffd-67e6-449a-bc73-013b99ea5bbd,USR-0090,2024-01-29 13:31:00,face,0.8131,DEV-0041,London,1,success,183,False,
9175fc63-51f7-4017-b6a5-fabaa3e53892,USR-0132,2024-01-29 13:33:00,face,0.8655,DEV-0001,New York,1,success,197,False,
d8e70aeb-e7b3-4085-978b-e96820f87ba2,USR-0041,2024-01-29 13:42:00,face,0.8377,DEV-0006,Manchester,1,success,119,False,
aab612c9-415d-474a-b5a6-69814104a8b5,USR-0012,2024-01-29 13:47:00,keystroke_dynamics,0.9716,DEV-0025,New York,1,success,158,False,
9cc3c1f5-9129-4c75-9b08-e5a844511ba0,USR-0069,2024-01-29 13:49:00,voice,0.8105,DEV-0015,Manchester,1,success,172,False,
3222504f-02bb-4d94-bed5-0d6bbf6494b6,USR-0156,2024-01-29 13:50:00,keystroke_dynamics,0.6389,DEV-0024,Manchester,1,success,243,False,
42b07e31-2f3f-4e11-973a-603d7feb25e2,USR-0176,2024-01-29 13:51:00,fingerprint,0.8932,DEV-0031,London,1,success,162,False,
470367f7-5beb-41c7-977f-199a374e6538,USR-0121,2024-01-29 13:52:00,keystroke_dynamics,0.8071,DEV-0007,New York,1,success,225,False,
a7674726-61b3-48f3-b99b-70d6bc6aa8a7,USR-0117,2024-01-29 13:54:00,keystroke_dynamics,0.8451,DEV-0002,New York,1,success,179,False,
7ec391ef-44ad-4484-b112-3048e128b9a8,USR-0139,2024-01-29 13:54:00,face,0.8262,DEV-0002,Manchester,1,success,161,False,
f9f15e65-c919-4c69-8bfe-68f0b8a9f704,USR-0129,2024-01-29 13:54:00,fingerprint,0.8461,DEV-0047,Manchester,1,success,150,False,
6bca4f86-6500-4793-a238-dfc60a4e3ccf,USR-0123,2024-01-29 14:02:00,keystroke_dynamics,0.7153,DEV-0024,London,1,success,137,False,
68181f5b-bb56-488b-b172-ec53032e2730,USR-0082,2024-01-29 14:09:00,fingerprint,0.8282,DEV-0043,Manchester,1,success,177,False,
85915047-e6a5-47d0-a3c8-1fb94be730a1,USR-0172,2024-01-29 14:11:00,voice,0.7984,DEV-0003,Manchester,1,success,261,False,
6601ddd0-3170-4437-a8f7-ef5a060edf5b,USR-0006,2024-01-29 14:15:00,keystroke_dynamics,0.8347,DEV-0037,New York,1,success,159,False,
b4c0fd18-65cd-4fd1-a264-9ce8eab8d5be,USR-0114,2024-01-29 14:18:00,face,0.9011,DEV-0003,Manchester,1,success,263,False,
2a9d0c6a-3ffc-4e13-9c1c-ac23533487f7,USR-0163,2024-01-29 14:21:00,voice,0.7988,DEV-0049,Manchester,1,success,189,False,
58bce5e4-d282-454d-8827-02f04caa568b,USR-0107,2024-01-29 14:24:00,keystroke_dynamics,0.7679,DEV-0003,New York,1,success,171,False,
f6f61488-d620-45f0-9253-b6f72328051e,USR-0078,2024-01-29 14:27:00,voice,0.9186,DEV-0021,London,1,success,195,False,
2d9be542-9bc8-4ea5-a2b5-e74d38c0f0c3,USR-0160,2024-01-29 14:31:00,keystroke_dynamics,0.8675,DEV-0007,Manchester,1,success,168,False,
8456ce4f-7706-4136-8788-17ecc764032e,USR-0076,2024-01-29 14:35:00,voice,0.7717,DEV-0037,London,1,success,187,False,
ec1f0155-6662-4bd2-b243-b5c6833d7595,USR-0135,2024-01-29 14:38:00,keystroke_dynamics,0.8006,DEV-0001,Manchester,1,success,233,False,
702cdd20-2862-48b8-88f4-ef125e9953d2,USR-0005,2024-01-29 14:39:00,keystroke_dynamics,0.6255,DEV-0036,London,1,success,139,False,
15ac37f0-0de9-4283-96d5-aed275d106f2,USR-0142,2024-01-29 14:44:00,keystroke_dynamics,0.7925,DEV-0020,Manchester,1,success,222,False,
297a8503-d833-43c3-b88f-a199ccbcbf4b,USR-0096,2024-01-29 14:49:00,face,0.7303,DEV-0038,New York,1,success,179,False,
616d41c8-575c-4669-a00a-06e6e42f0c28,USR-0089,2024-01-29 14:53:00,keystroke_dynamics,0.7821,DEV-0039,New York,1,success,182,False,
8706f724-bf83-42d4-a3de-67fcbe59d035,USR-0130,2024-01-29 15:00:00,keystroke_dynamics,0.9258,DEV-0050,New York,1,success,159,False,
517400f8-0b2c-482a-a928-8e92c68a152f,USR-0012,2024-01-29 15:09:00,keystroke_dynamics,0.836,DEV-0006,New York,1,success,215,False,
0f6ce9bf-fe7e-4362-8a89-b0f0105291d3,USR-0030,2024-01-29 15:11:00,voice,0.9787,DEV-0007,Manchester,1,success,119,False,
284bf962-5744-4596-b422-21676b7a2460,USR-0017,2024-01-29 15:12:00,face,0.811,DEV-0011,London,1,success,185,False,
b45c9a54-5fa3-4531-9291-6e60f5e72daf,USR-0043,2024-01-29 15:17:00,face,0.7216,DEV-0004,London,1,success,164,False,
6690a951-fc04-4a7a-ae41-5f166263307c,USR-0058,2024-01-29 15:17:00,face,0.858,DEV-0045,New York,1,success,152,False,
97ac6aa8-bb24-48a3-9363-57b66f81cf4f,USR-0008,2024-01-29 15:20:00,face,0.7313,DEV-0042,New York,1,success,225,False,
2b1feecd-95c1-47e6-ad08-79b4776e3a29,USR-0173,2024-01-29 15:23:00,fingerprint,0.7705,DEV-0019,Manchester,1,success,131,False,
34afa2e1-c968-48ee-8663-f1a104db73f3,USR-0099,2024-01-29 15:26:00,keystroke_dynamics,0.858,DEV-0030,Manchester,1,success,164,False,
27d415b6-0d77-45a0-a222-b6a615bfbe97,USR-0017,2024-01-29 15:28:00,fingerprint,0.9157,DEV-0030,London,1,success,146,False,
98ae4334-6c12-4ce8-ae34-0454cac5b68c,USR-0001,2024-01-29 15:28:00,fingerprint,0.7779,DEV-0016,New York,1,success,166,False,
24c778a5-9b4e-464b-9716-dc2e343ada2a,USR-0024,2024-01-29 15:48:00,face,0.8241,DEV-0010,London,1,success,214,False,
300ffa68-4f22-4efa-a8e1-3f98c1ab6398,USR-0131,2024-01-29 15:48:00,fingerprint,0.7965,DEV-0019,New York,1,success,239,False,
c09cb506-48f1-496d-9c4f-fb4671b701aa,USR-0019,2024-01-29 15:57:00,face,0.7832,DEV-0037,Manchester,1,success,167,False,
fa0f01a4-87bb-4f6d-bc92-0c731e14fe04,USR-0079,2024-01-29 15:58:00,fingerprint,0.8397,DEV-0022,London,1,success,218,False,
b8a1e477-e240-4060-8b20-802fc24f3f4c,USR-0103,2024-01-29 16:03:00,fingerprint,0.7705,DEV-0044,London,1,success,137,False,
ffb1c192-15e5-4e78-863e-9bb3f37296a2,USR-0149,2024-01-29 16:07:00,fingerprint,0.7926,DEV-0018,Manchester,1,success,123,False,
0a872ac2-8f3f-4995-a468-eb64f7d2a2ee,USR-0093,2024-01-29 16:11:00,face,0.8032,DEV-0024,Manchester,1,success,123,False,
6b1205aa-9bd3-4580-ad9f-835f3fc5c786,USR-0122,2024-01-29 16:16:00,keystroke_dynamics,0.7824,DEV-0017,Manchester,1,success,178,False,
ee403b9f-27b2-45c1-b6b0-d0b9afad328e,USR-0094,2024-01-29 16:17:00,voice,0.789,DEV-0050,Manchester,1,success,142,False,
7f2632df-21c2-4510-b6b2-b13cb79f0581,USR-0187,2024-01-29 16:19:00,voice,0.7829,DEV-0010,Manchester,1,success,211,False,
95309450-1c62-44f4-a44d-8dc2b2908892,USR-0146,2024-01-29 16:23:00,face,0.8516,DEV-0005,Manchester,1,success,189,False,
1a574cee-6490-4d65-b63d-329547f50a35,USR-0135,2024-01-29 16:29:00,keystroke_dynamics,0.7846,DEV-0047,Manchester,1,success,193,False,
89eb56c1-7f42-4889-8ca1-7f756b2d470a,USR-0129,2024-01-29 16:43:00,face,0.8483,DEV-0026,Manchester,1,success,230,False,
1ccc33c1-7e34-4f69-b52f-bd7e7c360908,USR-0093,2024-01-29 16:43:00,voice,0.7141,DEV-0017,Manchester,1,success,249,False,
fdc419b2-0a41-4919-8b52-46f3faed5777,USR-0081,2024-01-29 16:44:00,keystroke_dynamics,0.847,DEV-0026,Manchester,1,success,169,False,
330062f1-e231-4ce6-85d6-2ecd3030d7f4,USR-0157,2024-01-29 16:47:00,voice,0.8979,DEV-0027,London,1,success,191,False,
d06d3943-c8b3-415e-b664-704355c9bf0f,USR-0072,2024-01-29 16:54:00,keystroke_dynamics,0.8697,DEV-0004,Manchester,1,success,222,False,
a8be6c80-26b0-42c9-bd2c-f4eb977e3f2c,USR-0076,2024-01-29 17:05:00,face,0.7116,DEV-0014,London,1,success,169,False,
15c52392-44e8-41e1-bd86-9ad2084930a1,USR-0131,2024-01-29 17:07:00,face,0.869,DEV-0045,New York,1,success,143,False,
8a2db2e6-3bfd-48a6-b05f-ddf566fadca0,USR-0030,2024-01-29 17:08:00,voice,0.8635,DEV-0032,Manchester,1,success,200,False,
d18183d1-ac2b-4cfc-85c5-1060991121e7,USR-0030,2024-01-29 17:16:00,fingerprint,0.8184,DEV-0039,Manchester,1,success,144,False,
a6388854-fb2b-4b80-808b-d674d2dd3e26,USR-0053,2024-01-29 17:21:00,keystroke_dynamics,0.7338,DEV-0007,Manchester,1,success,127,False,
4878383a-e037-4953-ad2d-7cb9a452b559,USR-0149,2024-01-29 17:21:00,keystroke_dynamics,0.8738,DEV-0022,Manchester,1,success,70,False,
a06a7de4-9755-428f-9147-c3ba2f875748,USR-0157,2024-01-29 17:24:00,face,0.8031,DEV-0013,London,1,success,154,False,
97e4e173-9d63-4da6-a29d-c0737a7b029b,USR-0192,2024-01-29 17:24:00,voice,0.8198,DEV-0023,London,1,success,148,False,
24a167fd-34c6-4a9b-a07c-0594b13e655f,USR-0079,2024-01-29 17:26:00,keystroke_dynamics,0.8596,DEV-0021,London,1,success,250,False,
8d56bff6-69c9-420f-b425-449cc145d6ba,USR-0057,2024-01-29 17:26:00,keystroke_dynamics,0.862,DEV-0008,Manchester,1,success,292,False,
e3082ddc-c9c0-4b7d-aba4-170b4e9d23e9,USR-0048,2024-01-29 17:28:00,face,0.6909,DEV-0009,Manchester,1,success,215,False,
293e16b3-cefd-4224-b36c-c67ee886818e,USR-0135,2024-01-29 17:35:00,face,0.9046,DEV-0047,Manchester,1,success,167,False,
e1ccff0d-8078-436d-81b0-62c19aad9234,USR-0055,2024-01-29 17:37:00,face,0.8236,DEV-0038,London,1,success,195,False,
f7c8435f-8c83-4c68-a6ac-e59a5e85643c,USR-0075,2024-01-29 17:43:00,voice,0.7621,DEV-0040,London,1,success,158,False,
2906567d-d28b-429a-bb1e-5e1324cf8629,USR-0172,2024-01-29 17:44:00,fingerprint,0.8526,DEV-0017,Manchester,1,success,107,False,
835c3541-6f93-4e2a-95a3-40d94fc9663f,USR-0104,2024-01-29 17:47:00,voice,0.8759,DEV-0027,Manchester,1,success,195,False,
a52964ff-c74c-4890-bc6a-3174113634a5,USR-0022,2024-01-29 17:48:00,fingerprint,0.8618,DEV-0003,London,1,success,218,False,
3fac4317-16e8-47b0-8552-f3c55f13fb98,USR-0064,2024-01-29 17:48:00,voice,0.7506,DEV-0032,New York,1,success,126,False,
3bca7ff6-71be-4c72-ad8c-c85c53559e80,USR-0117,2024-01-29 17:51:00,keystroke_dynamics,0.7671,DEV-0024,New York,1,success,183,False,
2213cdad-661d-4354-aa55-e9af537574b0,USR-0180,2024-01-29 17:53:00,keystroke_dynamics,0.7987,DEV-0009,London,1,success,213,False,
f1efa963-2dfc-4b9c-b94f-ebeff96277e5,USR-0119,2024-01-29 17:55:00,keystroke_dynamics,0.8204,DEV-0005,London,1,success,106,False,
5e4908c8-290a-42d2-87f9-ee879f35e95d,USR-0150,2024-01-29 18:09:00,keystroke_dynamics,0.7802,DEV-0024,New York,1,success,183,False,
8e2017e1-50c4-4b4b-ad9e-5c1eb9974024,USR-0072,2024-01-29 18:11:00,keystroke_dynamics,0.8637,DEV-0023,Manchester,1,success,194,False,
214dc588-c35e-418a-a630-b287d4a39a51,USR-0092,2024-01-29 18:15:00,voice,0.769,DEV-0044,New York,1,success,160,False,
c09c2ebe-80da-4ed7-880b-cb0ec8ab96ac,USR-0057,2024-01-29 18:19:00,voice,0.9186,DEV-0038,Manchester,1,success,194,False,
da2cf852-0a19-4939-9fc7-ab262cb941fc,USR-0050,2024-01-29 18:21:00,fingerprint,0.8456,DEV-0019,London,1,success,196,False,
f85bc2d3-0119-4e6d-a7f3-1b7851f9cd77,USR-0083,2024-01-29 18:29:00,voice,0.771,DEV-0001,New York,1,success,192,False,
7c0e8cd8-8573-4793-8715-b2b9c40c5d91,USR-0007,2024-01-29 18:31:00,fingerprint,0.8136,DEV-0002,Manchester,1,success,138,False,
2296d3f6-2005-4d7e-966f-419a4d7ae829,USR-0095,2024-01-29 18:31:00,face,0.8737,DEV-0049,London,1,success,149,False,
408669bb-4721-494b-88a4-ae21d9f850e9,USR-0076,2024-01-29 18:32:00,fingerprint,0.8568,DEV-0033,London,1,success,195,False,
4ba99d78-b498-45d0-a5b1-c79954cecee7,USR-0083,2024-01-29 18:33:00,keystroke_dynamics,0.8603,DEV-0033,New York,1,success,119,False,
eb22ec1d-4df6-4f4f-adf7-92ffe9c7c13a,USR-0075,2024-01-29 18:52:00,fingerprint,0.8308,DEV-0032,London,1,success,213,False,
4051dbda-d617-42cb-aabf-1a086b6de0da,USR-0173,2024-01-29 19:02:00,voice,0.762,DEV-0044,Manchester,1,success,147,False,
74017bb3-c227-4738-a3dc-419dce1e8d1f,USR-0080,2024-01-29 19:02:00,fingerprint,0.9069,DEV-0004,London,1,success,217,False,
a9d52401-41e1-408c-8bb3-fbb2fd6314f2,USR-0140,2024-01-29 19:05:00,keystroke_dynamics,0.7179,DEV-0008,Manchester,1,success,194,False,
c9f279a8-138c-437a-8c76-864ab61831c5,USR-0129,2024-01-29 19:07:00,fingerprint,0.7872,DEV-0039,Manchester,1,success,126,False,
311f5d4a-c258-4de2-8f26-54892ec75a83,USR-0115,2024-01-29 19:08:00,voice,0.9192,DEV-0016,New York,1,success,263,False,
e8334da5-de95-4695-b579-c1437ab99428,USR-0031,2024-01-29 19:10:00,fingerprint,0.82,DEV-0009,Manchester,1,success,179,False,
fc267da6-4a64-4fc1-a843-a5c38dcd6e9b,USR-0087,2024-01-29 19:12:00,face,0.8381,DEV-0030,Manchester,1,success,158,False,
9baefd9e-88c0-4786-b238-7a5acfb57f2e,USR-0146,2024-01-29 19:17:00,fingerprint,0.8659,DEV-0004,Manchester,1,success,239,False,
8c2b678e-1f50-41aa-8088-b13a7d2194cb,USR-0098,2024-01-29 19:24:00,fingerprint,0.8038,DEV-0013,London,1,success,178,False,
f198f62e-5c9d-4ead-aea4-91fccb6b6306,USR-0097,2024-01-29 19:28:00,face,0.6934,DEV-0012,New York,1,success,233,False,
0d95aaf5-2534-41bc-a180-b78a06783c34,USR-0053,2024-01-29 19:34:00,fingerprint,0.9339,DEV-0047,Manchester,1,success,142,False,
137b41c2-5f71-41e1-a05e-ad1cbde9a6a8,USR-0189,2024-01-29 19:34:00,fingerprint,0.7895,DEV-0010,Manchester,1,success,150,False,
40afbf3f-3df5-4967-8d86-70bda2224f96,USR-0034,2024-01-29 19:37:00,voice,0.8831,DEV-0009,New York,1,success,140,False,
d03c9c2c-bc37-49b1-b48b-9a8c7eb3aefc,USR-0147,2024-01-29 19:46:00,fingerprint,0.8329,DEV-0003,London,1,success,165,False,
8d28eef5-c7bb-4cf8-9def-5cc2f1015bfe,USR-0148,2024-01-29 19:50:00,voice,0.8751,DEV-0029,New York,1,success,167,False,
4c4b52aa-0ef9-4903-b69a-deac06f4b0ee,USR-0100,2024-01-29 19:58:00,voice,0.8555,DEV-0018,New York,1,success,183,False,
2477f047-8336-4758-99f9-3502a55bc44f,USR-0054,2024-01-29 19:59:00,face,0.7604,DEV-0024,New York,1,success,196,False,
a854027e-5667-4e49-8133-8bdc66cc7376,USR-0066,2024-01-29 20:10:00,voice,0.7842,DEV-0041,London,1,success,168,False,
a76c11cb-66f2-4d1d-83d6-af3f2c727675,USR-0111,2024-01-29 20:10:00,keystroke_dynamics,0.8063,DEV-0014,Manchester,1,success,142,False,
09572517-18f2-4999-9410-8438f82e5e1b,USR-0133,2024-01-29 20:23:00,keystroke_dynamics,0.7541,DEV-0025,New York,1,success,181,False,
37f5c238-6559-4365-bc00-a0f0dcf89878,USR-0106,2024-01-29 20:28:00,keystroke_dynamics,0.9247,DEV-0022,Manchester,1,success,276,False,
f204be89-4a4b-4563-8cf4-77ef18c8a616,USR-0024,2024-01-29 20:33:00,keystroke_dynamics,0.8152,DEV-0045,London,1,success,198,False,
2abc4b2f-b0a6-4457-8620-5f4a6e718848,USR-0151,2024-01-29 20:43:00,fingerprint,0.8107,DEV-0031,New York,1,success,208,False,
8c57a277-01d9-49b4-8bf8-f29e3b30ee97,USR-0062,2024-01-29 20:44:00,fingerprint,0.8366,DEV-0009,Manchester,1,success,227,False,
a1243bea-0da2-4154-bf46-a43a53e2e047,USR-0106,2024-01-29 20:49:00,keystroke_dynamics,0.8065,DEV-0004,Manchester,1,success,191,False,
c3f67602-0879-4480-87ab-777056724b4c,USR-0162,2024-01-29 20:49:00,voice,0.5187,DEV-0042,New York,1,success,178,True,low_score_bypass
250768f2-ba0e-4d56-a045-1dbd1835e89b,USR-0162,2024-01-29 20:49:00,voice,0.8333,DEV-0042,New York,1,success,178,False,
24933b83-7577-40a9-a491-f0b2ea1fca65,USR-0001,2024-01-29 20:51:00,voice,0.8252,DEV-0016,New York,1,success,168,False,
bf23f095-221a-4dd0-8ce3-492325bb2b7a,USR-0194,2024-01-29 20:52:00,face,0.8095,DEV-0018,Manchester,1,success,130,False,
a01d9aeb-5206-4f1c-a30b-f0db1454578f,USR-0183,2024-01-29 20:54:00,voice,0.8132,DEV-0049,London,1,success,122,False,
a17e34b0-68ac-439c-a921-f23172eace11,USR-0151,2024-01-29 21:02:00,keystroke_dynamics,0.851,DEV-0015,New York,1,success,222,False,
4d187b75-a971-431f-97d8-05949d9887bc,USR-0053,2024-01-29 21:07:00,keystroke_dynamics,0.8965,DEV-0029,Manchester,1,success,173,False,
671adde5-86b8-4fef-ad44-3c485e8a10da,USR-0098,2024-01-29 21:07:00,face,0.8724,DEV-0002,London,1,success,209,False,
e3245730-2ede-4051-965e-040dd4946414,USR-0195,2024-01-29 21:10:00,fingerprint,0.7803,DEV-0010,Manchester,1,success,211,False,
15661feb-05c5-4f8d-b21a-6c3f47263c24,USR-0084,2024-01-29 21:11:00,keystroke_dynamics,0.9203,DEV-0049,New York,1,success,143,False,
2bb4a408-13b4-44f6-a19a-17f6438a819e,USR-0139,2024-01-29 21:22:00,face,0.8816,DEV-0037,Manchester,1,success,154,False,
fb481ded-0f03-4337-b9f6-143bb2383056,USR-0051,2024-01-29 21:29:00,fingerprint,0.7913,DEV-0006,London,1,success,129,False,
6d0473e7-8adf-4e46-9403-fd025a2a83bd,USR-0133,2024-01-29 21:36:00,fingerprint,0.8571,DEV-0022,New York,1,success,193,False,
49ee4969-0309-44c0-af4a-bfccdeca8598,USR-0076,2024-01-29 21:43:00,fingerprint,0.7353,DEV-0040,London,1,success,212,False,
e79c797d-469f-4152-bb81-5c56b95b7efe,USR-0173,2024-01-29 21:48:00,fingerprint,0.8431,DEV-0014,Manchester,1,success,71,False,
d79570be-bf30-45c3-a2a3-00712c47a51f,USR-0157,2024-01-29 21:48:00,fingerprint,0.9187,DEV-0032,London,1,success,170,False,
2207cb65-b197-4ed1-857a-e3fff8ed08ae,USR-0111,2024-01-29 21:53:00,voice,0.7722,DEV-0014,Manchester,1,success,187,False,
7914c120-c8dc-419f-be35-11287900f7f9,USR-0003,2024-01-29 21:54:00,fingerprint,0.8154,DEV-0006,New York,1,success,193,False,
1259d654-86ad-4b8e-963b-ca599d8d2752,USR-0051,2024-01-30 03:43:00,voice,0.8019,DEV-0012,London,1,success,75,True,off_hours
203d54c9-6485-425e-9858-f464c15da547,USR-0142,2024-01-30 07:00:00,keystroke_dynamics,0.8019,DEV-0011,Manchester,1,success,243,False,
656e5170-bd1a-4704-8801-36fc095f6d43,USR-0161,2024-01-30 07:03:00,fingerprint,0.8524,DEV-0014,Manchester,1,success,162,False,
c257cf73-c29d-482b-a722-796e9a36d1ec,USR-0018,2024-01-30 07:13:00,face,0.7487,DEV-0048,New York,1,success,192,False,
fcd2280e-e3c5-4ba8-b122-d7a0d12972d3,USR-0086,2024-01-30 07:17:00,voice,0.8201,DEV-0006,London,1,success,241,False,
017cc74e-6f18-4343-bf41-5c985a8e8f05,USR-0123,2024-01-30 07:19:00,keystroke_dynamics,0.7819,DEV-0006,London,1,success,225,False,
5d08c254-9e6e-4c9c-88bc-7784a8c99656,USR-0180,2024-01-30 07:21:00,face,0.8202,DEV-0004,London,1,success,159,False,
0413d049-52a0-428b-ab25-a58af5953b2e,USR-0174,2024-01-30 07:24:00,face,0.7838,DEV-0039,London,1,success,188,False,
7eef09ab-da14-4a47-b823-51d9d94df188,USR-0051,2024-01-30 07:25:00,keystroke_dynamics,0.8507,DEV-0050,London,1,success,257,False,
fd08b32c-62d6-4e93-a198-5d54cfb87e6f,USR-0012,2024-01-30 07:26:00,fingerprint,0.789,DEV-0026,New York,1,success,236,False,
23841977-02a9-4064-9351-1e950c3edd5c,USR-0137,2024-01-30 07:27:00,fingerprint,0.7085,DEV-0024,New York,1,success,159,False,
e2ed8686-b334-42cb-9a3f-0ad169a9aff9,USR-0052,2024-01-30 07:30:00,voice,0.9582,DEV-0020,Manchester,1,success,120,False,
899fad03-ebd2-4573-a012-a24e3c168418,USR-0163,2024-01-30 07:32:00,keystroke_dynamics,0.8104,DEV-0033,Manchester,1,success,168,False,
6726f5b4-4175-41f4-a3db-0deaac48ceaf,USR-0162,2024-01-30 07:33:00,fingerprint,0.7438,DEV-0024,New York,1,success,218,False,
c77444cb-5543-4c3c-b8b8-f24e56ea57b3,USR-0018,2024-01-30 07:35:00,keystroke_dynamics,0.7779,DEV-0027,New York,1,success,153,False,
e7354db2-5ce4-424b-b35b-9f78f55f2e80,USR-0092,2024-01-30 07:38:00,voice,0.8419,DEV-0003,London,1,success,152,False,
10fab909-fcfa-4e61-ab7d-71bc17956e87,USR-0170,2024-01-30 07:40:00,fingerprint,0.8241,DEV-0005,London,1,success,212,False,
539b4d73-1397-4f7e-8a67-7292755afc3d,USR-0162,2024-01-30 07:41:00,fingerprint,0.8537,DEV-0034,New York,1,success,172,False,
4c2272f3-4811-4562-a91c-f19243e8644b,USR-0044,2024-01-30 07:43:00,fingerprint,0.6707,DEV-0022,London,1,success,153,False,
12fc7a87-a470-4d48-9128-b9b1f8ede0ca,USR-0023,2024-01-30 07:50:00,keystroke_dynamics,0.8677,DEV-0033,Manchester,1,success,129,False,
b0333c0d-5381-4235-b1cf-c83f359ee84a,USR-0185,2024-01-30 07:53:00,keystroke_dynamics,0.7731,DEV-0011,London,1,success,161,False,
bb7b6c05-2852-4ca2-b9d2-014a22ee7f07,USR-0043,2024-01-30 08:03:00,fingerprint,0.8394,DEV-0027,London,1,success,134,False,
dc32f8a0-6a75-40e2-8e52-309da46a07c2,USR-0075,2024-01-30 08:03:00,voice,0.8816,DEV-0024,Manchester,1,success,203,False,
f2fda085-091f-43f3-a046-d4d3e0a8a8af,USR-0153,2024-01-30 08:05:00,voice,0.8864,DEV-0047,New York,1,success,129,False,
f0b2a5d1-8c7e-4f42-a646-eaf9d5c0244d,USR-0020,2024-01-30 08:07:00,face,0.7981,DEV-0023,London,1,success,187,False,
8fa50e32-4137-4168-af2e-cdc9673c984b,USR-0156,2024-01-30 08:09:00,face,0.9027,DEV-0037,Manchester,1,success,265,False,
47e321c2-a4ba-48bf-83b8-fa0513bc0dc6,USR-0055,2024-01-30 08:15:00,keystroke_dynamics,0.799,DEV-0044,London,1,success,149,False,
457f4a84-1133-4ed4-81e6-0c4c545b19ba,USR-0166,2024-01-30 08:22:00,face,0.8515,DEV-0033,Manchester,1,success,84,False,
b7900752-7bfd-4c74-a441-e11e3ee1db8e,USR-0195,2024-01-30 08:25:00,fingerprint,0.836,DEV-0048,Manchester,1,success,156,False,
f8c01007-1fbc-4004-b098-aa1f23f459be,USR-0131,2024-01-30 08:29:00,fingerprint,0.7153,DEV-0014,New York,1,success,152,False,
523e901f-2f23-4d0c-b6fd-f910e2742d5c,USR-0168,2024-01-30 08:33:00,fingerprint,0.7878,DEV-0021,Manchester,1,success,198,False,
4aea1b8f-b43c-4e0a-ba9f-c10e52daf681,USR-0036,2024-01-30 08:43:00,keystroke_dynamics,0.9396,DEV-0040,New York,1,success,149,False,
7e000029-c47f-4b05-851b-5f38c0697f1d,USR-0088,2024-01-30 08:45:00,fingerprint,0.8186,DEV-0029,London,1,success,231,False,
3d225c30-b28f-41de-bb14-0bc3304b8590,USR-0012,2024-01-30 08:45:00,fingerprint,0.9068,DEV-0019,New York,1,success,187,False,
aea03292-6bf7-4125-a571-f542e485a118,USR-0137,2024-01-30 09:02:00,fingerprint,0.7613,DEV-0040,New York,1,success,155,False,
79ea5621-6614-43a7-b6c9-aeb22ae7dc19,USR-0076,2024-01-30 09:07:00,keystroke_dynamics,0.8705,DEV-0003,London,1,success,180,False,
dd20c3bf-d342-4f08-8a8b-b5b490494583,USR-0024,2024-01-30 09:11:00,fingerprint,0.8274,DEV-0036,London,1,success,244,False,
858c5992-882c-4812-b3c3-c4289338e35d,USR-0177,2024-01-30 09:11:00,face,0.8787,DEV-0027,Manchester,1,success,230,False,
c47d336f-2e8f-4f7f-a0a6-2edffea95b73,USR-0129,2024-01-30 09:13:00,fingerprint,0.7201,DEV-0002,Manchester,1,success,99,False,
8f97b21d-028a-4f1c-92b1-2838639e8bbc,USR-0133,2024-01-30 09:15:00,keystroke_dynamics,0.7943,DEV-0029,New York,1,success,111,False,
36df253c-ac98-4942-b093-71b5d53ae164,USR-0188,2024-01-30 09:15:00,face,0.7662,DEV-0030,New York,1,success,160,False,
a1731ed8-78f2-461c-bec7-7a8f16a46b83,USR-0076,2024-01-30 09:17:00,fingerprint,0.7294,DEV-0034,London,1,success,171,False,
dc5cd673-c9ed-46a6-9490-5f79aa4946f4,USR-0073,2024-01-30 09:17:00,fingerprint,0.7951,DEV-0042,Manchester,1,success,140,False,
000cd21a-65a7-4a30-b5b7-0dd9728f5897,USR-0066,2024-01-30 09:20:00,keystroke_dynamics,0.7832,DEV-0032,London,1,success,187,False,
ab00764e-4ac8-4bda-a002-8f9a3b5d5c9c,USR-0153,2024-01-30 09:30:00,face,0.744,DEV-0047,New York,1,success,140,False,
0ab74b5d-fcd4-4681-8a09-7b17951b2503,USR-0116,2024-01-30 09:30:00,keystroke_dynamics,0.9473,DEV-0042,London,1,success,219,False,
b993c041-5f54-4332-9f6c-6a8635f4ffba,USR-0148,2024-01-30 09:34:00,fingerprint,0.6725,DEV-0022,New York,1,success,140,False,
f530c98d-6c7f-4bef-b086-47e1fa647958,USR-0103,2024-01-30 09:38:00,voice,0.757,DEV-0037,London,1,success,141,False,
a4b65cfa-8a61-4e64-8af0-f442102048e6,USR-0078,2024-01-30 09:40:00,fingerprint,0.8104,DEV-0041,Manchester,1,success,280,False,
9e44e98c-b359-490e-b030-9aaf85ea16e0,USR-0051,2024-01-30 09:45:00,voice,0.8019,DEV-0012,London,1,success,75,False,
13aec376-c359-410a-b1a6-014c5f3c44dc,USR-0022,2024-01-30 09:56:00,voice,0.815,DEV-0011,London,1,success,175,False,
c09d557f-bc44-4fbc-adb6-8854baae905c,USR-0149,2024-01-30 09:58:00,voice,0.7687,DEV-0042,Manchester,1,success,169,False,
fc73e358-4208-4fc8-b5f3-21cbc59de4aa,USR-0131,2024-01-30 09:59:00,voice,0.8084,DEV-0023,New York,1,success,215,False,
77e8b762-bb7e-4979-92dc-bffd59008d65,USR-0065,2024-01-30 10:06:00,fingerprint,0.8452,DEV-0005,Manchester,1,success,156,False,
cba88a28-1727-40d8-bdf1-02c2b9b4c225,USR-0117,2024-01-30 10:17:00,fingerprint,0.7146,DEV-0001,New York,1,success,129,False,
bea6450f-0acc-423c-ba6d-bed8a110e887,USR-0063,2024-01-30 10:19:00,keystroke_dynamics,0.7868,DEV-0016,London,1,success,207,False,
90441ec6-5ef0-495e-a152-dc3a3894de06,USR-0164,2024-01-30 10:30:00,keystroke_dynamics,0.8505,DEV-0012,Manchester,1,success,224,False,
23ef5561-839e-4623-81d8-41d32a74b90c,USR-0055,2024-01-30 10:30:00,voice,0.772,DEV-0039,London,1,success,103,False,
23d13c7f-1161-4b5e-ad4c-8325105a4d40,USR-0187,2024-01-30 10:32:00,keystroke_dynamics,0.8817,DEV-0004,Manchester,1,success,129,False,
9458054e-c287-4f06-9050-f7efc1235c91,USR-0018,2024-01-30 10:35:00,voice,0.8226,DEV-0050,New York,1,success,174,False,
87d75309-de77-4156-9f76-043f9a16b853,USR-0116,2024-01-30 10:36:00,face,0.7822,DEV-0023,London,1,success,151,False,
9174b136-8c0b-4c3f-ad4a-125926d24d46,USR-0200,2024-01-30 10:36:00,face,0.7718,DEV-0016,London,1,success,143,False,
1806699f-b1ac-41dd-b303-343c300b6e7b,USR-0155,2024-01-30 10:36:00,voice,0.7882,DEV-0007,New York,1,success,212,False,
d9ee9678-8112-40ff-aba4-646336c9b657,USR-0087,2024-01-30 10:36:00,keystroke_dynamics,0.752,DEV-0035,Manchester,1,success,193,False,
d68bc80f-9dd2-4036-a737-cac9242e3d71,USR-0154,2024-01-30 10:40:00,voice,0.831,DEV-0013,New York,1,success,105,False,
6b6a838e-498a-4d9d-8391-59b8c145217f,USR-0153,2024-01-30 10:48:00,keystroke_dynamics,0.8514,DEV-0034,New York,1,success,183,False,
f69072cf-ac7e-4cc6-b0cf-3e7f5c58b8ba,USR-0095,2024-01-30 10:50:00,keystroke_dynamics,0.7627,DEV-0014,London,1,success,200,False,
e9d68f23-b489-4070-b914-f8a8bea4ff31,USR-0012,2024-01-30 10:52:00,keystroke_dynamics,0.8249,DEV-0023,New York,1,success,222,False,
e226a768-de0e-4c53-8ae0-fd7a04e25132,USR-0068,2024-01-30 10:56:00,keystroke_dynamics,0.7725,DEV-0011,London,1,success,181,False,
8ce0bd8f-ed4b-429f-9e4a-a01643fcf7b7,USR-0138,2024-01-30 11:02:00,fingerprint,0.801,DEV-0048,London,1,success,147,False,
062667fc-cedc-45bf-ae94-34ab7adf1458,USR-0103,2024-01-30 11:06:00,voice,0.7643,DEV-0044,London,1,success,229,False,
445dcc38-341c-4494-8d36-6dfcc28ebd70,USR-0011,2024-01-30 11:24:00,keystroke_dynamics,0.9736,DEV-0050,London,1,success,176,False,
aa3961be-c93f-4c2c-94b5-e773df973c95,USR-0183,2024-01-30 11:42:00,voice,0.7595,DEV-0017,New York,1,success,149,False,
bcda835f-71a0-4ff8-ab8d-a34058c158e2,USR-0083,2024-01-30 11:50:00,face,0.7531,DEV-0038,New York,1,success,227,False,
e55b93ad-8976-4471-9d7f-57d1e45def26,USR-0072,2024-01-30 11:59:00,fingerprint,0.8098,DEV-0030,Manchester,1,success,147,False,
bc0a6a5d-6e99-4e3e-a3b1-37fc0a3450fc,USR-0010,2024-01-30 12:05:00,keystroke_dynamics,0.8269,DEV-0007,New York,1,success,186,False,
65edcfe3-4f2d-4d3f-90d4-de39161237c9,USR-0023,2024-01-30 12:08:00,keystroke_dynamics,0.6745,DEV-0037,Manchester,1,success,215,False,
c07126f3-9213-4643-9a89-8be79e49b057,USR-0196,2024-01-30 12:13:00,voice,0.7668,DEV-0004,Manchester,1,success,211,False,
9b4cccb0-8f88-4e63-bce4-858eb5622984,USR-0174,2024-01-30 12:16:00,fingerprint,0.8586,DEV-0011,London,1,success,208,False,
5c230306-c3f9-4409-a9a7-480095ef8b1b,USR-0104,2024-01-30 12:23:00,fingerprint,0.7736,DEV-0010,Manchester,1,success,177,False,
6f959489-8af2-420e-a9a3-e5f6984ad463,USR-0133,2024-01-30 12:24:00,face,0.9199,DEV-0037,New York,1,success,160,False,
f574175b-3d05-4bf4-b93c-4fbf1b9b71f0,USR-0103,2024-01-30 12:29:00,keystroke_dynamics,0.7927,DEV-0029,London,1,success,189,False,
5d15c129-9425-4e90-9aeb-50557d692580,USR-0157,2024-01-30 12:36:00,face,0.86,DEV-0002,London,1,success,219,False,
df40fe04-54cd-47b4-967f-017d9aa03078,USR-0163,2024-01-30 12:36:00,fingerprint,0.7769,DEV-0002,Manchester,1,success,211,False,
92262ecf-310f-4eb5-8b2c-4e211dce0e8c,USR-0162,2024-01-30 12:39:00,keystroke_dynamics,0.8856,DEV-0031,New York,1,success,218,False,
4d980202-3fbc-45e0-9b19-11122d2ae08e,USR-0113,2024-01-30 12:41:00,keystroke_dynamics,0.9895,DEV-0029,New York,1,success,165,False,
d5f25073-f414-42b1-a442-9ebbda7b9095,USR-0007,2024-01-30 12:55:00,face,0.7746,DEV-0045,Manchester,1,success,123,False,
01d74256-3860-4ab6-96a4-02f23ae8cc93,USR-0002,2024-01-30 12:56:00,fingerprint,0.7485,DEV-0016,New York,1,success,206,False,
f710900b-d3c1-4e3f-8ce7-db3f625966cc,USR-0148,2024-01-30 12:57:00,voice,0.7685,DEV-0007,New York,1,success,158,False,
8cfb137c-a89e-44df-871c-10aecdb4adab,USR-0091,2024-01-30 12:59:00,face,0.7498,DEV-0011,New York,1,success,151,False,
ec95ccf1-a679-4ab0-b129-e2f6e06ca678,USR-0131,2024-01-30 13:06:00,keystroke_dynamics,0.8157,DEV-0035,New York,1,success,166,False,
d73d52ba-ca17-41d0-97c7-68d6114a9827,USR-0104,2024-01-30 13:13:00,fingerprint,0.7428,DEV-0019,Manchester,1,success,159,False,
36d0bb41-7a8e-45a9-ba70-425b7989d78e,USR-0194,2024-01-30 13:26:00,voice,0.7942,DEV-0007,Manchester,1,success,160,False,
4cdbf99e-ebe9-4dd4-a80d-9169c24489e1,USR-0113,2024-01-30 13:33:00,keystroke_dynamics,0.7039,DEV-0015,New York,1,success,158,False,
929d6377-1cfb-455f-82c4-2e488cbadae5,USR-0036,2024-01-30 13:36:00,fingerprint,0.8377,DEV-0017,New York,1,success,170,False,
c12e3882-b527-4a0a-a8df-7aa5e8e00199,USR-0177,2024-01-30 13:37:00,face,0.8347,DEV-0014,Manchester,1,success,123,False,
1b9c67e0-81c8-4e2b-ad48-6d9ae69f1f78,USR-0158,2024-01-30 13:51:00,face,0.6705,DEV-0012,New York,1,success,206,False,
e9aa144b-9dd4-4675-af14-5064aab07015,USR-0032,2024-01-30 13:53:00,keystroke_dynamics,0.8063,DEV-0033,New York,1,success,140,False,
e7773701-f787-4461-a62c-4f006c2d1b96,USR-0142,2024-01-30 13:56:00,fingerprint,0.7434,DEV-0023,Manchester,1,success,226,False,
6d8c5504-797f-4e4d-aa81-0850034296fa,USR-0139,2024-01-30 13:57:00,voice,0.793,DEV-0020,Manchester,1,success,196,False,
fb10987f-20ac-4703-ab67-146a77a6e17c,USR-0007,2024-01-30 14:00:00,face,0.7675,DEV-0027,Manchester,1,success,124,False,
ad9fb00d-4882-473c-9c63-45ab6e0ed1e8,USR-0017,2024-01-30 14:02:00,voice,0.67,DEV-0027,London,1,success,271,False,
98c7472a-864e-4a13-829c-fc0cfa02eaec,USR-0009,2024-01-30 14:04:00,fingerprint,0.7185,DEV-0021,Manchester,1,success,241,False,
333822d1-6691-4664-80c9-937022d6f0a2,USR-0092,2024-01-30 14:05:00,fingerprint,0.7781,DEV-0006,London,1,success,184,False,
b42a2d93-9aba-4f15-b214-90623e1a963e,USR-0031,2024-01-30 14:07:00,keystroke_dynamics,0.7914,DEV-0029,London,1,success,214,False,
2303f6c6-d69d-42f1-ae4c-84ffa8c01f05,USR-0013,2024-01-30 14:12:00,fingerprint,0.8844,DEV-0009,Manchester,1,success,138,False,
44d7df9a-238b-45b7-ab64-777c6177a771,USR-0033,2024-01-30 14:24:00,keystroke_dynamics,0.917,DEV-0043,Manchester,1,success,184,False,
0fc64cf0-108d-4f04-a948-9bdac1199d43,USR-0184,2024-01-30 14:37:00,fingerprint,0.7156,DEV-0021,London,1,success,164,False,
7bfeadd1-9882-461a-97fc-88c5e6f467b9,USR-0140,2024-01-30 14:37:00,keystroke_dynamics,0.8874,DEV-0012,Manchester,1,success,207,False,
eafd3e7b-fa5d-4d40-ad71-1fe9649a0bf9,USR-0092,2024-01-30 14:38:00,keystroke_dynamics,0.8982,DEV-0032,London,1,success,185,False,
a22eb45b-1986-433d-8b73-aba7ed5edfa2,USR-0134,2024-01-30 14:38:00,keystroke_dynamics,0.766,DEV-0011,New York,1,success,163,False,
b64fa54a-8c61-4654-95da-75c1a21150f9,USR-0016,2024-01-30 14:41:00,voice,0.7423,DEV-0048,New York,1,success,226,False,
a2fcab34-5868-4fda-a0bd-c6623ee07bb3,USR-0075,2024-01-30 14:42:00,voice,0.4341,DEV-0017,Manchester,1,success,134,True,low_score_bypass
1c153057-5bf7-44cf-ba8b-d601d21ce315,USR-0075,2024-01-30 14:42:00,voice,0.7709,DEV-0017,Manchester,1,success,134,False,
bf8e8bfa-a0c9-4a72-b68a-cd40b8f14e3c,USR-0037,2024-01-30 14:48:00,keystroke_dynamics,0.8942,DEV-0020,Manchester,1,success,161,False,
49ca4ae6-2d0a-495a-bdb8-65cff106b83d,USR-0197,2024-01-30 14:50:00,voice,0.8427,DEV-0038,London,1,success,250,False,
bdb58d06-2621-432d-895c-167fdfcf338c,USR-0078,2024-01-30 14:51:00,face,0.7616,DEV-0012,Manchester,1,success,196,False,
3f8c1097-c4da-4c2e-9bff-a27915c1604f,USR-0034,2024-01-30 14:56:00,fingerprint,0.7865,DEV-0003,Manchester,1,success,135,False,
b905a7b6-b97e-4830-9e01-86462c64f73d,USR-0195,2024-01-30 15:05:00,fingerprint,0.841,DEV-0026,Manchester,1,success,188,False,
6d56ccd8-0006-46d1-8715-60e4935f6c60,USR-0195,2024-01-30 15:05:00,fingerprint,0.4781,DEV-0026,Manchester,1,success,188,True,low_score_bypass
3e245fbf-fa69-4cd2-be23-90f3e7bbaefc,USR-0033,2024-01-30 15:06:00,voice,0.8264,DEV-0044,Manchester,1,success,203,False,
cfcae6b9-75a8-41d7-ab5e-ebe91478e20e,USR-0200,2024-01-30 15:08:00,fingerprint,0.8373,DEV-0007,London,1,success,247,False,
a684b83b-1e81-4599-a483-8f5b42a5c37c,USR-0188,2024-01-30 15:13:00,fingerprint,0.828,DEV-0029,New York,1,success,222,False,
b67af865-cfc3-445b-9464-cda8dbf7fa26,USR-0192,2024-01-30 15:14:00,fingerprint,0.6377,DEV-0020,London,16,success,186,True,rapid_retry
c25110f8-7cc9-4b10-b677-fb0609e6614a,USR-0192,2024-01-30 15:14:00,fingerprint,0.8008,DEV-0020,London,1,success,186,False,
ef5e4a66-4fc9-4cd0-af2a-dff8cea4f9c4,USR-0177,2024-01-30 15:16:00,voice,0.7437,DEV-0014,Manchester,1,success,208,False,
695e5ea9-c923-4c64-8006-2b5bf67839b2,USR-0036,2024-01-30 15:17:00,keystroke_dynamics,0.8192,DEV-0015,New York,1,success,152,False,
d2376d22-9565-4c2f-8cf7-0470fda8977a,USR-0195,2024-01-30 15:24:00,fingerprint,0.8631,DEV-0006,Manchester,1,success,234,False,
a6aa59e5-dc08-4f29-92d3-3488d0c30018,USR-0033,2024-01-30 15:29:00,fingerprint,0.7133,DEV-0019,Manchester,1,success,192,False,
c2978392-5c80-4220-9f77-765f2e5ce13a,USR-0195,2024-01-30 15:35:00,fingerprint,0.8472,DEV-0019,Manchester,1,success,160,False,
4eda31cc-7320-4e30-90ba-8eddbec6573b,USR-0167,2024-01-30 15:37:00,fingerprint,0.9318,DEV-0011,London,1,success,184,False,
01c4e229-7cc7-4b17-a9c1-84ce1fb426c0,USR-0123,2024-01-30 15:38:00,fingerprint,0.7377,DEV-0024,London,1,success,167,False,
3948fe22-022a-4dda-8d05-79e299e4704c,USR-0046,2024-01-30 15:40:00,voice,0.891,DEV-0028,Manchester,1,success,132,False,
defa6d4a-474c-4879-af96-bbffdbc6ac37,USR-0197,2024-01-30 15:41:00,fingerprint,0.9207,DEV-0044,London,1,success,184,False,
0a1d9238-fcf9-4bbb-9514-9d1a95368ae6,USR-0033,2024-01-30 15:44:00,fingerprint,0.7133,DEV-0019,Lagos,1,success,192,True,geo_jump
0267c983-f763-4b4d-8ada-c12203748864,USR-0128,2024-01-30 15:47:00,fingerprint,0.7994,DEV-0017,Manchester,1,success,225,False,
e9195919-ca08-4252-a048-72dc744d2442,USR-0104,2024-01-30 15:49:00,face,0.9573,DEV-0050,Manchester,1,success,109,False,
ff9558a3-8d1d-482e-8e6b-24396a1e5d9a,USR-0175,2024-01-30 15:50:00,fingerprint,0.8267,DEV-0038,New York,1,success,166,False,
614c721d-a921-4b4c-95fb-e976ae007b7e,USR-0033,2024-01-30 15:52:00,voice,0.8012,DEV-0033,Manchester,1,success,179,False,
b38adf82-6e02-4a88-a00f-8ed9b2086418,USR-0146,2024-01-30 15:59:00,voice,0.8503,DEV-0001,London,1,success,158,False,
3aae37b5-87de-42ea-8118-d2a543ef0542,USR-0017,2024-01-30 16:07:00,fingerprint,0.5969,DEV-0036,London,20,success,235,True,rapid_retry
f7716700-7305-4d23-8fd0-b040d5916d49,USR-0078,2024-01-30 16:07:00,fingerprint,0.7461,DEV-0010,Manchester,1,success,218,False,
604e46cb-3712-42d1-87cd-b6a1bf012e32,USR-0017,2024-01-30 16:07:00,fingerprint,0.8021,DEV-0036,London,1,success,235,False,
73069588-45d5-468d-a90a-3abbc35b9fea,USR-0020,2024-01-30 16:12:00,face,0.8918,DEV-0044,London,1,success,173,False,
d0243d72-3748-467f-961d-33ba350843f0,USR-0015,2024-01-30 16:20:00,face,0.8514,DEV-0026,London,1,success,157,False,
6ee35607-92ea-4324-ac93-e5962b015723,USR-0041,2024-01-30 16:21:00,keystroke_dynamics,0.7847,DEV-0035,Manchester,1,success,146,False,
9417e0f5-aaff-46ff-b904-6b5213eb4599,USR-0133,2024-01-30 16:28:00,voice,0.789,DEV-0025,New York,1,success,196,False,
b2a0f778-809d-4444-93ab-3cce264ae04f,USR-0067,2024-01-30 16:28:00,keystroke_dynamics,0.723,DEV-0033,London,1,success,170,False,
45f8e14d-ea16-4e6e-a388-ca3268d26992,USR-0085,2024-01-30 16:32:00,voice,0.8282,DEV-0026,London,1,success,181,False,
e9058f29-731d-46ec-a303-2bd49db564b5,USR-0179,2024-01-30 16:37:00,keystroke_dynamics,0.8068,DEV-0012,New York,1,success,163,False,
05bba5e4-a754-4837-aae0-6e0147acaec9,USR-0189,2024-01-30 16:41:00,keystroke_dynamics,0.8125,DEV-0042,Manchester,1,success,163,False,
18f1a1e4-1d30-4290-b3d9-2aceb7461b72,USR-0052,2024-01-30 16:48:00,keystroke_dynamics,0.9458,DEV-0006,Manchester,1,success,243,False,
8198d1f5-6839-498f-accf-147242d7f112,USR-0058,2024-01-30 17:09:00,fingerprint,0.8775,DEV-0041,New York,1,success,188,False,
0b33b7a0-5163-4a91-b993-b65f35ded447,USR-0179,2024-01-30 17:09:00,voice,0.777,DEV-0011,New York,1,success,183,False,
8356ed61-63ff-44b5-866a-0c09b4cb22f4,USR-0143,2024-01-30 17:23:00,voice,0.8393,DEV-0017,New York,1,success,184,False,
1dabb10a-bd10-487c-ad0e-0597500d92a7,USR-0051,2024-01-30 17:23:00,fingerprint,0.8352,DEV-0008,London,1,success,235,False,
12087e20-8ede-4b46-807d-0affcb51a911,USR-0054,2024-01-30 17:34:00,keystroke_dynamics,0.8366,DEV-0037,New York,1,success,179,False,
bd5ff093-c16f-4bcc-a243-bed754ec3f33,USR-0032,2024-01-30 17:39:00,voice,0.7346,DEV-0032,New York,1,success,169,False,
4b0dbb41-8d52-48f1-942c-3fe860e7a113,USR-0001,2024-01-30 17:41:00,fingerprint,0.8694,DEV-0039,New York,1,success,131,False,
3717f44b-7911-4e22-92c6-26305fcdf4b8,USR-0162,2024-01-30 17:41:00,voice,0.7589,DEV-0029,New York,1,success,136,False,
dbfb491a-9b0e-4a7e-94db-549631bc99e6,USR-0154,2024-01-30 17:42:00,fingerprint,0.958,DEV-0024,New York,1,success,122,False,
344a21b7-dfff-4cea-a687-0a987f0f6662,USR-0083,2024-01-30 17:45:00,voice,0.6739,DEV-0030,New York,1,success,207,False,
47c68688-ecf3-4053-af36-b8cc13087974,USR-0032,2024-01-30 17:45:00,voice,0.806,DEV-0049,New York,1,success,198,False,
b9add00a-ec64-4a9b-bcf1-c29e09b4413c,USR-0112,2024-01-30 17:47:00,fingerprint,0.8084,DEV-0031,London,1,success,209,False,
96a9954f-dc33-41f9-8c1f-55ab715629ee,USR-0009,2024-01-30 17:53:00,voice,0.8948,DEV-0002,Manchester,1,success,97,False,
5a0d4f8c-3030-4e86-a288-e5da4d8ddd2d,USR-0178,2024-01-30 17:57:00,fingerprint,0.7482,DEV-0031,New York,1,success,82,False,
de1d4653-d112-4bb8-a7b2-df91adbd2e33,USR-0095,2024-01-30 17:58:00,fingerprint,0.8734,DEV-0048,London,1,success,155,False,
e1d5fcea-c610-424b-a0c8-667fb46f0145,USR-0153,2024-01-30 18:01:00,face,0.8864,DEV-0037,New York,1,success,170,False,
6016c743-8bc8-4a02-99ea-493660f34ebc,USR-0044,2024-01-30 18:03:00,voice,0.8355,DEV-0037,London,1,success,130,False,
62b45550-c024-4e61-bce4-570b245f8b4a,USR-0184,2024-01-30 18:10:00,face,0.9702,DEV-0047,London,1,success,180,False,
19e79a3d-e920-4a24-8304-93f0d7c713b7,USR-0105,2024-01-30 18:15:00,keystroke_dynamics,0.8942,DEV-0040,New York,1,success,169,False,
271e3ee2-b1a6-41f1-a20e-99d33b33f3d8,USR-0007,2024-01-30 18:18:00,voice,0.8569,DEV-0027,Manchester,1,success,210,False,
37164f31-1298-4e9c-becd-2b8c5b952506,USR-0136,2024-01-30 18:37:00,voice,0.8574,DEV-0043,London,1,success,252,False,
f2a83faa-f11a-41f5-8826-80f934010b60,USR-0152,2024-01-30 18:38:00,keystroke_dynamics,0.8854,DEV-0005,Manchester,1,success,165,False,
7aa83419-7479-4994-a2fe-9cb4fcec1791,USR-0179,2024-01-30 18:38:00,face,0.7648,DEV-0014,New York,1,success,222,False,
5207c6cc-9b5a-4674-8896-54b2ce926059,USR-0099,2024-01-30 18:39:00,fingerprint,0.7612,DEV-0004,New York,1,success,186,False,
7f13de67-9008-4dc9-9d42-1bae2134e15b,USR-0071,2024-01-30 18:40:00,voice,0.7946,DEV-0046,London,1,success,161,False,
e8c5a3b0-c6c5-4054-beb4-a52789a1321d,USR-0151,2024-01-30 18:44:00,face,0.8273,DEV-0015,New York,1,success,192,False,
ceefd2c9-7e2b-43ce-adf9-8b8d8ddd6a3e,USR-0122,2024-01-30 18:46:00,voice,0.7818,DEV-0011,Manchester,1,success,209,False,
5f65c8ce-bd21-4c11-be9d-61ee18b87245,USR-0016,2024-01-30 18:55:00,voice,0.864,DEV-0003,New York,1,success,176,False,
7a438217-6e77-4dd3-99aa-7cd5a67c7bd7,USR-0146,2024-01-30 18:57:00,voice,0.7556,DEV-0027,London,1,success,198,False,
9a4ffc0c-9165-42ed-8c63-6e95025f5543,USR-0027,2024-01-30 18:58:00,fingerprint,0.7514,DEV-0006,London,1,success,184,False,
bce0caef-f17f-45c0-8e39-f65a20db4294,USR-0107,2024-01-30 18:59:00,fingerprint,0.8438,DEV-0012,New York,1,success,186,False,
9df79a27-ddfc-4a92-b074-feb3fc5217cc,USR-0069,2024-01-30 19:08:00,face,0.6893,DEV-0007,Manchester,1,success,158,False,
722dce13-47a4-4c42-8665-34972fe922aa,USR-0041,2024-01-30 19:09:00,face,0.8931,DEV-0021,Manchester,1,success,159,False,
372f9fb6-041b-4c79-8014-680432de3097,USR-0198,2024-01-30 19:11:00,fingerprint,0.7928,DEV-0023,Manchester,1,success,272,False,
5f0bb32f-e6dd-4be3-a89a-18fe5f8e74df,USR-0190,2024-01-30 19:14:00,keystroke_dynamics,0.841,DEV-0047,London,1,success,216,False,
ea163354-a35f-49c1-9804-95628972abbd,USR-0034,2024-01-30 19:23:00,keystroke_dynamics,0.8703,DEV-0031,Manchester,1,success,155,False,
fe43541a-b0b6-448c-ad7e-eff756604762,USR-0077,2024-01-30 19:23:00,keystroke_dynamics,0.7858,DEV-0031,Manchester,1,success,132,False,
45df16b6-382c-443f-bcfc-9b793875394c,USR-0007,2024-01-30 19:24:00,keystroke_dynamics,0.8195,DEV-0043,Manchester,1,success,239,False,
fef7d9ea-7f8e-4483-a8ca-aa1dc35bec2c,USR-0024,2024-01-30 19:25:00,voice,0.8317,DEV-0021,London,1,success,165,False,
37663e35-cdba-4cac-be85-f617f17e993d,USR-0185,2024-01-30 19:28:00,fingerprint,0.8103,DEV-0014,London,1,success,234,False,
05000bc6-b20d-4b6e-b231-1f1795863a76,USR-0007,2024-01-30 19:32:00,voice,0.8546,DEV-0001,Manchester,1,success,192,False,
8beddb12-ad77-482f-89a2-3a89e6b5a92c,USR-0012,2024-01-30 19:33:00,voice,0.8609,DEV-0006,New York,1,success,253,False,
bc594585-9445-48c0-8ef8-c2d6f7fd5646,USR-0004,2024-01-30 19:34:00,face,0.9589,DEV-0024,London,1,success,105,False,
c5c5b37a-f85e-46a1-9dad-09b252c21221,USR-0011,2024-01-30 19:36:00,face,0.7646,DEV-0021,London,1,success,125,False,
276732d3-a502-4c4b-9b03-34d80f4d6c40,USR-0064,2024-01-30 19:37:00,fingerprint,0.7852,DEV-0014,Manchester,1,success,133,False,
2cc09f87-399e-4823-a75f-58ba86052bef,USR-0122,2024-01-30 19:40:00,voice,0.8475,DEV-0002,Manchester,1,success,135,False,
a1d770ea-c704-480e-a246-6cd702ed5d15,USR-0067,2024-01-30 19:44:00,face,0.8065,DEV-0022,London,1,success,235,False,
7a14cf98-611e-4047-b90a-474e6185e21b,USR-0181,2024-01-30 19:45:00,face,0.798,DEV-0012,New York,1,success,166,False,
63265564-0175-405a-bfc1-428a7c7ab691,USR-0192,2024-01-30 19:46:00,fingerprint,0.7909,DEV-0024,London,1,success,114,False,
eb2263dd-87c5-421e-ac24-a3c5c754108f,USR-0002,2024-01-30 19:54:00,face,0.9042,DEV-0011,New York,1,success,123,False,
279f5df0-da2d-4df9-a3c1-4a53acf96a12,USR-0142,2024-01-30 19:57:00,fingerprint,0.876,DEV-0018,Manchester,1,success,200,False,
8d8f2868-bded-49cc-8e10-7ed63b046707,USR-0148,2024-01-30 19:58:00,voice,0.7937,DEV-0026,New York,1,success,134,False,
31e43850-86a8-4b2b-9c69-ee49712c3126,USR-0156,2024-01-30 20:00:00,keystroke_dynamics,0.8677,DEV-0028,Manchester,1,success,260,False,
12cb7604-34f6-40dd-8952-9a77ce09e92a,USR-0198,2024-01-30 20:08:00,keystroke_dynamics,0.868,DEV-0026,Manchester,1,success,156,False,
55dddf38-fc94-44ae-867a-211ade162c17,USR-0085,2024-01-30 20:16:00,keystroke_dynamics,0.8496,DEV-0046,London,1,success,213,False,
1ddb4f15-1eb8-4863-82f8-60445e08e249,USR-0119,2024-01-30 20:24:00,voice,0.8269,DEV-0043,London,1,success,237,False,
033d2bce-575a-4d2c-a5c5-650c8186a576,USR-0008,2024-01-30 20:30:00,voice,0.8723,DEV-0048,New York,1,success,166,False,
844e2e8b-ff01-4ec6-9ec7-8f9ebed64914,USR-0165,2024-01-30 20:32:00,fingerprint,0.8641,DEV-0017,Manchester,1,success,236,False,
33c00b7d-61f8-43f4-81ae-35bb2faa49dd,USR-0174,2024-01-30 20:39:00,face,0.8099,DEV-0004,London,1,success,189,False,
a2807710-32d5-4d87-a1bd-1db7485873c1,USR-0153,2024-01-30 20:43:00,fingerprint,0.8009,DEV-0045,New York,1,success,158,False,
c0bf3b37-623d-4905-8c3e-b36ddc75f4cc,USR-0192,2024-01-30 20:50:00,voice,0.7655,DEV-0001,London,1,success,163,False,
cc8a6796-7015-493c-b23e-9a06ed37c2ce,USR-0096,2024-01-30 20:53:00,voice,0.8193,DEV-0024,New York,1,success,221,False,
6f0eebef-97e8-4057-96a7-01aba66ccf43,USR-0119,2024-01-30 20:54:00,keystroke_dynamics,0.8834,DEV-0005,London,1,success,211,False,
98cf1188-06d2-4913-a117-3719b023a0ea,USR-0026,2024-01-30 20:54:00,face,0.8508,DEV-0012,New York,1,success,169,False,
1d2467e2-0191-419d-845c-3fbb52ecac27,USR-0072,2024-01-30 20:56:00,fingerprint,0.7581,DEV-0039,Manchester,1,success,162,False,
070f48c2-ba4e-432f-a582-eba2f2859a73,USR-0175,2024-01-30 20:57:00,voice,0.9135,DEV-0004,New York,1,success,206,False,
fe66c4fa-35ed-4f38-9197-107c89b702ed,USR-0157,2024-01-30 20:59:00,keystroke_dynamics,0.7697,DEV-0014,London,1,success,146,False,
e2901d96-c993-4819-a7a5-81e8610114f4,USR-0105,2024-01-30 21:09:00,keystroke_dynamics,0.7562,DEV-0035,New York,1,success,220,False,
de6cf36b-9edd-4182-b3fd-862d4057e470,USR-0053,2024-01-30 21:10:00,fingerprint,0.8204,DEV-0024,Manchester,1,success,96,False,
c5f8e2f8-414f-4994-a845-77805e20c957,USR-0039,2024-01-30 21:13:00,keystroke_dynamics,0.8573,DEV-0006,Manchester,1,success,233,False,
27ef0a4b-5fb2-4838-af73-b3cf331e91f2,USR-0068,2024-01-30 21:19:00,face,0.8506,DEV-0036,London,1,success,230,False,
ed850a6d-7542-4851-b2a2-4da42537e0d6,USR-0083,2024-01-30 21:22:00,face,0.7229,DEV-0030,New York,1,success,195,False,
f44f5031-a82d-4879-87cc-4d1c7bf6b2ad,USR-0153,2024-01-30 21:23:00,voice,0.7881,DEV-0042,New York,1,success,285,False,
71efe72a-ae13-491e-84fa-4c7239e7a4f1,USR-0037,2024-01-30 21:24:00,voice,0.7603,DEV-0015,Manchester,1,success,206,False,
1758d47e-a7cd-4143-ade2-14293bf0d9c1,USR-0037,2024-01-30 21:30:00,fingerprint,0.7592,DEV-0002,Manchester,1,success,183,False,
0b2d983a-f218-4128-b2da-61f764bfc76d,USR-0109,2024-01-30 21:30:00,voice,0.8071,DEV-0036,New York,1,success,241,False,
949077c2-7674-456f-a26d-719d81cf3252,USR-0019,2024-01-30 21:34:00,fingerprint,0.8399,DEV-0034,Manchester,1,success,213,False,
785299f4-175b-498d-b814-01027de1bdfe,USR-0010,2024-01-30 21:36:00,voice,0.8354,DEV-0041,New York,1,success,219,False,
57b936b0-3346-4332-be0a-824e232a5e82,USR-0048,2024-01-30 21:39:00,fingerprint,0.8403,DEV-0016,Manchester,1,success,142,False,
31209ff4-2809-46a9-92e2-4a8e2793b627,USR-0167,2024-01-30 21:42:00,fingerprint,0.7844,DEV-0038,London,1,success,179,False,
66132e69-7418-4109-93d1-bf0f56c438e4,USR-0016,2024-01-30 21:56:00,keystroke_dynamics,0.8007,DEV-0031,New York,1,success,263,False,
9ef63a80-179f-4235-9f2e-f2803b5844f5,USR-0197,2024-01-30 21:57:00,face,0.8971,DEV-0047,London,1,success,161,False,
075dacd4-255c-42c7-8ade-e3ec68950908,USR-0092,2024-01-30 21:59:00,fingerprint,0.7991,DEV-0027,London,1,success,177,False,
